id,start_date,end_date,insert_timestamp,update_timestamp,activity_created_at,case_id,int_user_marble_id,ext_user_marble_id,activity_type,activity_sub_type,direction,content,extra_details,source
abd0c2af-b78c-58e3-b16a-01953b74fe3f,2026-08-05T21:54:54.496000,2026-08-05T21:54:54.496000,2026-08-05T21:54:55.439669,2026-08-19T15:00:00.105634,2026-08-05T21:54:54.496000,eae529490b8a9249732a5f6c,,678512f9af8dc40008666522,Data Entries,Client Data,,Client data updated,"{""source"": ""CASE_EVENT"", ""event_id"": ""e8dee9f1-2e69-4ce5-b489-00c907bf0ba2"", ""data_points"": {""clientProxyEmail"": ""idris.so1433@client.marble.co""}, ""data_schema_id"": ""66dec1950af2fa0007b0e36a"", ""data_points_count"": 1}",timeline
73a7e7ad-4110-5f7b-80d6-283d2294aad5,2026-08-19T14:00:00,2026-08-19T14:15:00,2026-08-19T12:48:58.365825,2026-08-19T15:00:00.105634,2026-08-19T12:45:34,eae529490b8a9249732a5f6c,,678512f9af8dc40008666522,Intake Event,Intake Call,,Intake call: Created,"{""origin_id"": ""00UVL00000cgo5l2AA"", ""description"": null, ""origin_platform"": ""Salesforce"", ""funnel_parameters"": {""date"": ""2024-05-17"", ""email"": ""idrissorlie41180@yahoo.com"", ""phone"": ""941-555-2093"", ""state"": ""florida"", ""county"": ""Hillsborough County"", ""zipCode"": ""33598"", ""lastname"": ""Sorlie "", ""moreInfo"": ""I wanna just get a divorce it’s not working out and it’s due to financial reasons."", ""practice"": ""family"", ""timezone"": ""EDT"", ""firstname"": ""Idris "", ""caseUrgency"": ""Yes, right away"", ""serviceType"": ""I'm looking to initiate a divorce"", ""subPractice"": ""divorce"", ""approvedTerms"": true, ""eventStartTime"": ""2024-05-17T22:00:00.000Z"", ""stateDisplayText"": ""Florida""}}",timeline
41099a66-64a5-5f17-bc76-37cf292aa89c,2026-08-19T12:46:01,2026-08-19T12:46:01,2026-08-19T12:48:46.281269,2026-08-19T14:28:43.373868,2026-08-19T12:46:01,eae529490b8a9249732a5f6c,62ce880e458eab000841a339,678512f9af8dc40008666522,Communications,SMS,Outbound,"Hi Idris, reminder that I’ll call you today at 10:00 AM EDT, so please have your ringer on.\n\nIf you need to reschedule, you can do that anytime from the link below:\nhttps://www.marble.co/client","{""name"": ""SM-007384980"", ""source"": ""SMS-Magic"", ""lead_id"": ""00QVL000007LwOL2A0"", ""origin_id"": ""a4jVL00000LpianYAB"", ""sms_status"": ""DELIVERED"", ""object_type"": null, ""sender_role"": ""Admin"", ""root_case_id"": null, ""template_name"": ""HVS - Intake call reminder day 0"", ""ext_user_phone"": ""+19415552093"", ""int_user_phone"": ""+16193535581"", ""recipient_role"": ""Client"", ""conversation_id"": ""a3jVL00000G8rSXYAZ"", ""origin_platform"": ""Salesforce"", ""original_direction"": ""Outbound""}",timeline
253fa68a-6364-577e-914b-f5854205955d,2026-08-19T14:00:33.685000,2026-08-19T14:02:34.111000,2026-08-19T14:02:50.599020,2026-08-19T14:32:58.482653,2026-08-19T14:00:33.685000,eae529490b8a9249732a5f6c,,678512f9af8dc40008666522,Communications,Voice AI,Outbound,"Agent: Hi, this is \nUser: (unintelligible audio)\nAgent: Clara.  I'm an AI intake agent with Marble Law, and I'm on a recorded line.  I'm following up on the legal issue you wanted help with.  Is this Idris? \nAgent: Just checking in — is this Idris?  If you're there, let me know so we can get started.","{""email"": null, ""event"": ""call_analyzed"", ""state"": null, ""county"": null, ""call_id"": ""call_c0acf6182c51d8b1b0ae4ed5a43"", ""lead_id"": ""00QVL000007LwOL2A0"", ""agent_id"": ""agent_13332eaa79394db14944578e54"", ""call_type"": ""phone_call"", ""case_type"": null, ""last_name"": null, ""origin_id"": ""call_c0acf6182c51d8b1b0ae4ed5a43"", ""record_id"": ""a61VL000006v3dqYAA"", ""voicemail"": false, ""agent_name"": ""Flare_Family_Bidirectional_QualEngine_Conversational_V2"", ""case_goals"": null, ""first_name"": ""Idris"", ""agent_state"": ""No Answer"", ""call_status"": ""ended"", ""child_names"": null, ""duration_ms"": 120426, ""record_name"": ""AiCall-362087"", ""sender_role"": ""System"", ""call_outcome"": ""No Show"", ""call_summary"": ""The agent attempted to reach the user to follow up on a legal issue, but the user did not respond or engage in the conversation. The call ended after the agent made multiple attempts to confirm the user's identity."", ""children_age"": null, ""cps_involved"": false, ""has_key_date"": false, ""root_case_id"": ""eae529490b8a9249732a5f6c"", ""expe_eligible"": false, ""recording_url"": ""https://dxc03zgurdly9.cloudfront.net/2f64b1a81e0b3898a761bdb9b8e18ae127d9823b3ebb0a1360724adddb81ac1d/recording.wav"", ""recipient_role"": ""Client"", ""user_sentiment"": ""Neutral"", ""call_successful"": true, ""children_yes_no"": null, ""origin_platform"": ""RETELL"", ""areas_of_expertise"": ""Discovery"", ""has_conflict_check"": false, ""child_names_and_age"": null, ""intake_call_summary"": null, ""disconnection_reason"": ""user_hangup"", ""formatted_cc_summary"": ""<p><strong>Objections:</strong> None; user did not respond<br> <strong>Case Type:</strong> Other<br> <strong>Jurisdiction:</strong> Not provided<br> <strong>Current Custody Status:</strong> Not provided<br> <strong>Legal Actions Taken:</strong> None; intake not started<br> <strong>Court Orders:</strong> Not provided<br> <strong>Upcoming Court Dates:</strong> Not provided<br> <strong>Client Goals:</strong> Not provided<br> <strong>Client Status:</strong> Not provided<br> <strong>Conflict Check:</strong> Not Completed<br> <strong>Opposing Party:</strong> Not provided<br> <strong>Opposing Party Contact:</strong> Not provided<br> <strong>Call Summary:</strong> The agent attempted to contact the user for a legal intake but received no response. No legal information or case details were collected. The call ended after multiple prompts to confirm the user's identity. </p>"", ""has_criminal_history"": null, ""beneficiary_or_sponsor"": null, ""beneficiary_nationality"": null, ""represented_by_attorney"": false, ""formatted_intake_summary"": ""<p><strong>Qualification Status &amp; Type:</strong> AP: Pending — user did not engage; CP: Not applicable<br> <strong>Disqualification Reason:</strong> No engagement from user; intake not started<br> <strong>Next Steps:</strong> Attempt follow-up call or alternate contact method<br> <strong>Objections:</strong> None raised; user did not respond<br> <strong>Empathy Tips:</strong> Be patient and understanding if user is unavailable; offer flexible follow-up options<br> <strong>Case Type:</strong> Other<br> <strong>Customer Concern:</strong> Not provided<br> <strong>Jurisdiction:</strong> Not provided<br> <strong>Current Custody Status:</strong> Not provided<br> <strong>Child Support:</strong> Not provided<br> <strong>Client Motivation:</strong> Not provided<br> <strong>Resolution Steps:</strong> None taken; user did not engage<br> <strong>Conflict Check:</strong> Not Completed<br> <strong>Opposing Party:</strong> Not provided<br> <strong>Opposing Party Contact:</strong> Not provided<br> <strong>Call Summary:</strong> The agent attempted to reach the user for a legal intake but received no response. Multiple prompts were made to confirm the user&#39;s identity, but the call ended without engagement. No legal details or case information were collected. </p>"", ""children_immigratin_status"": null, ""number_of_children_under_18"": 0, ""agree_to_give_opposing_party_details"": false}",timeline
836eccc1-0680-572a-9b9b-89adb0c83ff8,2026-08-19T14:04:04.584000,2026-08-19T14:06:04.362000,2026-08-19T14:07:20.442389,2026-08-19T14:32:58.482653,2026-08-19T14:04:04.584000,eae529490b8a9249732a5f6c,,678512f9af8dc40008666522,Communications,Voice AI,Outbound,"User: Hi. \nAgent: Hi, this is Clara.  I'm an AI intake agent with Marble Law, and I'm on a recorded line.  I'm following up on the legal issue you wanted help with.  Is this Idris? \nAgent: Hey, just checking in — is this Idris?","{""email"": null, ""event"": ""call_analyzed"", ""state"": null, ""county"": null, ""call_id"": ""call_9be1ca96ea3c061a2948b797c9f"", ""lead_id"": ""00QVL000007LwOL2A0"", ""agent_id"": ""agent_13332eaa79394db14944578e54"", ""call_type"": ""phone_call"", ""case_type"": null, ""last_name"": null, ""origin_id"": ""call_9be1ca96ea3c061a2948b797c9f"", ""record_id"": ""a61VL000006v4I0YAI"", ""voicemail"": false, ""agent_name"": ""Flare_Family_Bidirectional_QualEngine_Conversational_V2"", ""case_goals"": null, ""first_name"": ""Idris"", ""agent_state"": ""No Answer"", ""call_status"": ""ended"", ""child_names"": null, ""duration_ms"": 119778, ""record_name"": ""AiCall-362142"", ""sender_role"": ""System"", ""call_outcome"": ""No Show"", ""call_summary"": ""The agent attempted to reach the user to follow up on a legal issue, but the user only greeted the agent and did not engage further. The agent made two attempts to confirm the user's identity, but there was no substantive response from the user before the call ended."", ""children_age"": null, ""cps_involved"": false, ""has_key_date"": false, ""root_case_id"": ""eae529490b8a9249732a5f6c"", ""expe_eligible"": false, ""recording_url"": ""https://dxc03zgurdly9.cloudfront.net/1b6e730c7129f175cfc3ad97463e9b6013720af18580c41fb1b255f4ba788daa/recording.wav"", ""recipient_role"": ""Client"", ""user_sentiment"": ""Neutral"", ""call_successful"": true, ""children_yes_no"": null, ""origin_platform"": ""RETELL"", ""areas_of_expertise"": ""Trial"", ""has_conflict_check"": false, ""child_names_and_age"": null, ""intake_call_summary"": null, ""disconnection_reason"": ""user_hangup"", ""formatted_cc_summary"": ""<p> <strong>Objections:</strong> None stated<br> <strong>Case Type:</strong> Other<br> <strong>Jurisdiction:</strong> Not provided<br> <strong>Current Custody Status:</strong> Not provided<br> <strong>Legal Actions Taken:</strong> None<br> <strong>Court Orders:</strong> Not provided<br> <strong>Upcoming Court Dates:</strong> Not provided<br> <strong>Client Goals:</strong> Not provided<br> <strong>Client Status:</strong> Not provided<br> <strong>Conflict Check:</strong> Not Completed<br> <strong>Opposing Party:</strong> Not provided<br> <strong>Opposing Party Contact:</strong> Not provided<br> <strong>Call Summary:</strong> The user answered the call but did not engage beyond an initial greeting. No legal or case information was provided, and the intake process could not proceed. Follow-up may be required to determine the user's needs and eligibility. </p>"", ""has_criminal_history"": null, ""beneficiary_or_sponsor"": null, ""beneficiary_nationality"": null, ""represented_by_attorney"": false, ""formatted_intake_summary"": ""Next Steps: Attempt another follow-up call or outreach to confirm user engagement.<br>Qualification Status &amp; Type: AP: Not determined; CP: Not determined<br>Disqualification Reason: Unable to qualify due to lack of engagement<br>Objections: None stated<br>Empathy Tips: Be patient and understanding if the user is unavailable or hesitant to engage; offer flexible follow-up options.<br>Case Type: Other<br>Customer Concern: Not provided<br>Jurisdiction: Not provided<br>Current Custody Status: Not provided<br>Child Support: Not provided<br>Client Motivation: Not provided<br>Resolution Steps: None taken due to lack of user engagement<br>Conflict Check: Not Completed<br>Opposing Party: Not provided<br>Opposing Party Contact: Not provided<br>Call Summary: The agent attempted to confirm the user&#39;s identity and begin intake, but the user did not engage beyond an initial greeting. No legal details or case information were provided. The call ended without progress, and a follow-up attempt may be necessary."", ""children_immigratin_status"": null, ""number_of_children_under_18"": 0, ""agree_to_give_opposing_party_details"": false}",timeline
08afb996-8b08-5e22-823b-8693d1263250,2026-08-19T14:06:48.268000,2026-08-19T14:11:35.089000,2026-08-19T14:11:50.415501,2026-08-19T14:32:58.482653,2026-08-19T14:06:48.268000,eae529490b8a9249732a5f6c,,678512f9af8dc40008666522,Communications,Voice AI,Inbound,"Agent: Hello, this is Clara, an AI intake agent with Marble Law, on a recorded line.\nAgent: May I ask who I’m speaking with today?\nUser: Idris Sorlie. \nAgent: Thank you, Idris. Could you please spell your first and last name for me, just to make sure I have it correct?\nUser: I d r i s s o r l i e. \nAgent: Got it — that’s Idris Sorlie, spelled I D R I S S O R L I E. Is that correct?\nUser: Yeah. Yes. \nAgent: Nice to meet you, Idris. Can you tell me what state and county your case is being handled in? This helps us match you with the right attorney for your area.\nUser: I don't really oh, that's what it is. I don't really have the case right now. I'm trying to I'm trying to call to get to get help with initiating one. \nAgent: That makes sense, Idris. Even if you haven’t filed anything yet, the attorney can help you get started. To match you with the right attorney, could you tell me what state you’re in and which county you’d be filing in, or where you live? If you’re not sure about the county, just let me know your city and I can help from there.\nUser: Okay. I live I live I live, like, on the border of, uh, Manatee County, but I was gonna be filing it Sarasota County. \nAgent: Thanks for explaining, Idris. Just to make sure I have it right—will you be filing your case in Sarasota County? And can you \nUser: Yes. \nAgent: confirm which state that’s in?\nUser: Florida. \nAgent: Thank you, Idris. Just to confirm, you’ll be filing your case in Sarasota County, Florida—is that correct?\nUser: Yes. \nAgent: Thanks for clarifying your location, Idris. Just to make sure we’re the right fit—are you calling about a family law matter today? That could be things like divorce, custody, child support, or something similar.\nUser: Yes. It's on divorce. \nAgent: Let’s start with a few quick questions to see how we can best help. Are you currently married?\nUser: Yes. \nAgent: Thanks, Idris. Are you filing for divorce, or have you already been served with divorce papers?\nUser: No. I'm filing for divorce. \nAgent: Thanks for letting me know, Idris. Since you’re filing for divorce, I just have a few more questions to see how we can help.\n\nIs there any reason we would need to request to move the location of this filing, or will everything be handled in Sarasota County, Florida?\nUser: Everything will be handled in Sarasota County. \nAgent: Thanks, Idris. Have you and your spouse both lived in Florida for at least the past six months?\nUser: Yes. \nAgent: Thanks, Idris. Do you know where your spouse is currently living?\nUser: I believe I believe she's living in par Parish I believe Parish, Florida, but she she kinda, like, moved and I like, hot really don't really let me know her location, so that's why I was trying \nAgent: Thanks for sharing that, Idris. Next, do you and your spouse have any minor children together?\nUser: Yes. We currently have a we have adopted adopted son. It was it's actually her her sister's son that when we was married, we took custody so it didn't go into onto the system. Yeah. So so that's the only thing we got is doctor Sun, but currently, she has have a child support order she already went. I already started paying it. She went and filed child support for me to pay. So just wanted to let you know about that also. \nAgent: Thanks for sharing those details, Idris. Has your adopted son been removed from the state of Florida by you or your spouse at any point?\nUser: No. \nAgent: Thanks for explaining, Idris. For the safety of yourself or your minor child, do you plan to seek a protective or restraining order against your spouse?\nUser: No. \nAgent: Thanks for clarifying, Idris. Is there any legal action currently pending with any court involving you, your spouse, or your minor child? For example, things like a criminal case, an existing custody order, a CPS case, or if a divorce has already been started by the other party.\nUser: No. I had a question. I see Marvel Law calling me on the other line. Is that the same is it the same is it you guys or what it is? Because it's the the Marble Law number is calling me now. \nAgent: Thank you for sharing that information with me. It sounds like our Express Petition could be a great fit for you. let me transfer you to one of out team member to tell you more about it!","{""email"": null, ""event"": ""call_analyzed"", ""state"": ""Florida"", ""county"": ""Sarasota County"", ""call_id"": ""call_10ed8e7964e445c1effca2de8c7"", ""lead_id"": ""00QVL000007LwOL2A0"", ""agent_id"": ""agent_b9d315fb258edd7dcdbfa3eaa0"", ""call_type"": ""phone_call"", ""case_type"": null, ""last_name"": ""Sorlie"", ""origin_id"": ""call_10ed8e7964e445c1effca2de8c7"", ""record_id"": ""a61VL000006v4g9YAA"", ""voicemail"": false, ""agent_name"": ""Inbound Intake Agent - Callbacks"", ""case_goals"": null, ""first_name"": ""Idris"", ""agent_state"": ""Intake"", ""call_status"": ""ended"", ""child_names"": null, ""duration_ms"": 286821, ""record_name"": ""AiCall-362160"", ""sender_role"": ""Client"", ""call_outcome"": ""Follow-Up"", ""call_summary"": ""Idris Sorlie called Marble Law seeking help to initiate a divorce case to be filed in Sarasota County, Florida. He provided details about his marriage, his adopted son, and ongoing child support payments. The call ended with the agent transferring Idris to a team member for further assistance with an Express Petition."", ""children_age"": null, ""cps_involved"": false, ""has_key_date"": false, ""root_case_id"": ""eae529490b8a9249732a5f6c"", ""expe_eligible"": true, ""recording_url"": ""https://dxc03zgurdly9.cloudfront.net/2f77736f31ba3c622dc4be788349a7b7117cab5722572daefb8ed4dc0177a493/recording.wav"", ""recipient_role"": ""System"", ""user_sentiment"": ""Neutral"", ""call_successful"": true, ""children_yes_no"": null, ""origin_platform"": ""RETELL"", ""areas_of_expertise"": ""Divorce"", ""has_conflict_check"": false, ""child_names_and_age"": null, ""intake_call_summary"": null, ""disconnection_reason"": ""call_transfer"", ""formatted_cc_summary"": null, ""has_criminal_history"": null, ""beneficiary_or_sponsor"": null, ""beneficiary_nationality"": null, ""represented_by_attorney"": false, ""formatted_intake_summary"": ""<p> Idris Sorlie contacted Marble Law seeking assistance to initiate a divorce case to be filed in Sarasota County, Florida. He is currently married and has an adopted son with his spouse, with an existing child support order in place. Idris is not seeking a protective order and there are no pending legal actions involving the family. The call concluded with a transfer to a team member for further help with an Express Petition.<br><br> <strong>Case Type:</strong> Divorce<br> <strong>Location:</strong> Sarasota County, Florida<br> <strong>Family Details:</strong> Adopted son; Existing child support order<br> <strong>Legal Actions:</strong> No pending cases; No protective order sought<br> <strong>Next Steps:</strong> Transferred for Express Petition assistance<br> <strong>Client Name:</strong> Idris Sorlie<br> <strong>Call Outcome:</strong> Follow-up required. </p>"", ""children_immigratin_status"": null, ""number_of_children_under_18"": 1, ""agree_to_give_opposing_party_details"": false}",timeline
4dff25a5-02ef-537f-b09a-996bb0d27108,2026-08-19T14:11:25.175000,2026-08-19T14:11:25.175000,2026-08-19T14:11:50.415501,2026-08-19T14:32:58.482653,2026-08-19T14:11:25.175000,eae529490b8a9249732a5f6c,,678512f9af8dc40008666522,Communications,Voice AI,Outbound,,"{""email"": null, ""event"": ""call_analyzed"", ""state"": null, ""county"": null, ""call_id"": ""call_110bf1901c58e6aed1c66d1e97d"", ""lead_id"": ""00QVL000007LwOL2A0"", ""agent_id"": ""agent_13332eaa79394db14944578e54"", ""call_type"": ""phone_call"", ""case_type"": null, ""last_name"": null, ""origin_id"": ""call_110bf1901c58e6aed1c66d1e97d"", ""record_id"": ""a61VL000006v57aYAA"", ""voicemail"": false, ""agent_name"": ""Flare_Family_Bidirectional_QualEngine_Conversational_V2"", ""case_goals"": null, ""first_name"": null, ""agent_state"": null, ""call_status"": ""not_connected"", ""child_names"": null, ""duration_ms"": 0, ""record_name"": ""AiCall-362177"", ""sender_role"": ""System"", ""call_outcome"": """", ""call_summary"": null, ""children_age"": null, ""cps_involved"": false, ""has_key_date"": false, ""root_case_id"": ""eae529490b8a9249732a5f6c"", ""expe_eligible"": false, ""recording_url"": null, ""recipient_role"": ""Client"", ""user_sentiment"": ""Unknown"", ""call_successful"": true, ""children_yes_no"": null, ""origin_platform"": ""RETELL"", ""areas_of_expertise"": null, ""has_conflict_check"": false, ""child_names_and_age"": null, ""intake_call_summary"": null, ""disconnection_reason"": ""dial_no_answer"", ""formatted_cc_summary"": null, ""has_criminal_history"": null, ""beneficiary_or_sponsor"": null, ""beneficiary_nationality"": null, ""represented_by_attorney"": false, ""formatted_intake_summary"": null, ""children_immigratin_status"": null, ""number_of_children_under_18"": null, ""agree_to_give_opposing_party_details"": false}",timeline
a53b8386-5356-5371-bc4c-d7f1ee631b8e,2026-08-19T14:11:35.104000,2026-08-19T14:19:53.553000,2026-08-19T14:20:37.275952,2026-08-19T14:28:43.373868,2026-08-19T14:11:35.104000,eae529490b8a9249732a5f6c,62ce88dd458eab000841a57c,678512f9af8dc40008666522,Communications,Call,Inbound,"Agent: All right, this is Ari from Marble Law on the recording line. May I ask who I'm speaking with? How are you doing today, Idris? Sounds good. I saw that you booked an appointment with us in regards to your family law case. Now still a good time to talk for 10, 15 minutes. Okay, so I see that you're calling from Florida in Saratosa County. Is that correct?\nClient: I'm doing good.\nClient: Yes. Yes, Sarathota County, yep. Yes.\nAgent: Yeah, that's the right county. Okay, so tell me a little bit about your legal situation and the reason for the call today, Idris.\nClient: i'm currently trying to get some information on initiating a divorce for me my wife i want to start i want to start it up so i was kind of i had got this number from my aunt gave me this number so she said that y'all might to help so i was on trying to get so currently we're still married but we're separated and we have an we have an adopted son that's actually her sister's son, but we adopted them when we were together and everything was going good. And then she currently already started a child support order for me, so I'm already going to start paying that, but I'm just trying to get my own.\nClient: my my divorce final so i can get the paper so i feel like really like move on so that's kind of like what i wanted to see how y'all could help me or whatever because i don't know if the way it works if she has to what's the name of if there's any kind of way i can you guys can help me file my paperwork so she can actually be served i don't know how y'all operate so that's while I was trying to call and get information.\nAgent: Yeah, absolutely. I can definitely help and give you all the required information so you can make the best informed decision. How long have you guys been married for? I know you said you were separated. And just that one adopted son. Do you guys have any shared assets together, like houses, cars, bank accounts, anything like that?\nClient: Yeah, yeah, we've been married for like three or four years. Yes.\nClient: No, the only thing about a car is that I don't know how that works, but I co-sign, so my name is kind of like on her car that she has, but other than anything else, we don't have no property or no bank accounts or anything.\nAgent: And are you guys still living together or just because you've been separated, you're no longer living together? And have you discussed divorce with your spouse or no?\nClient: Yeah, we're no longer living together.\nClient: Yes, yes. Yes, she knows, and she told me that I think the last time I called, I think I called before to start with her over here. I think this was the one that I called because I've been talking with a different couple of people trying to see what was the best one to go with, but I remember one of them that they went and they told me they emailed her the paperwork, the forms that she had to sign, and then she, at that time, she hadn't started the child support thing because she was just trying to chase money from me. So, um, she refused to sign the paper. So I, um, they would, they couldn't go, they, they wouldn't let me go through it. They said she had actually.\nClient: be willing but at first she said she was willing and then when they sent the stuff over she seemed like she didn't want to sign it but now she's saying that if i send her paperwork or whatever that that she'll that she'll sign it so i'm just trying to hopefully that she goes through with it but that's the reason why i was also asking me if she if she was to refuse to sign it is there any kind of way that i could i could still that you guys could still help me file the divorce papers where I can be able to all have her served I don't know how y'all do that\nAgent: yeah okay so we can get we'll get there eventually which i just gather some more information are you looking for what are your goals for the for the divorce spending like what is the most important to you in terms of you know getting the best possible outcome that you deserve\nClient: Mm-hmm.\nClient: I\nClient: I don't really want anything out of it. I just want in writing and my paperwork from, like, the judge or whatever that is final and we both go our separate ways. That's kind of like what it is now. The only reason why I just rather pay for the kid what I'm already paying is because she has been making up a lot of false things towards me, So that's the reason why.\nClient: I'm kind of nervous to, like, if I was to get the kid for, like, visitation or whatever, and I know that he likes to run around and stuff like that, and if he was to hurt himself, I'd feel like she would try to turn something on me, so I'm just kind of like, that's what I meant by I'm trying to protect myself from that, so that's the reason why right now we had, she said I could see him whenever, but right now I'm just kind of, like, trying to protect myself and get just a divorce final first because\nClient: There's been a lot of false stuff coming from her, and I don't want to get caught up in any legal stuff, so that's why.\nClient: I was just that's why I was saying I would just rather just go ahead and pay what they told me I had to pay, and then on there we can just move on.\nAgent: Yeah, you guys just want a clean break and just move on with both your guys' lives. Is that fair to say? Okay, so I'm just gathering some information. I just want to make sure I have the proper phone number for you, Idris. Your phone number is 941-555-2093.\nClient: Right, right. Yep.\nClient: Yes.\nAgent: And then the email I have for you, Idris, is idrissorlie41180 at yahoo.com. Okay, so now, Idris, I'm just going to ask you some information regarding your opposing party. Just to be clear, everything you share is confidential, so you will not be reaching out to them without your approval. I'm just going to ask for her first name, last name, and then either a phone number or email address.\nClient: Yes.\nClient: mm-hmm okay so our first name is Nadia okay Nadia is N N A D I A\nAgent: Are you able to spell that for me, just so I have the proper spelling? Thank you. is Nadia's last name.\nClient: Her last name is, well, her last name is Sorlie, my name right now, S-O-R-L-I-E, but she also been kind of like going back, like she called herself just dropping my name and been going in her maiden name, so I don't know which one of you.","{""firm"": ""Marble"", ""outcome"": ""Handled by agent"", ""channels"": [{""party"": {""role"": ""external"", ""address"": ""+19415552093"", ""partyId"": null}, ""offset"": 0, ""duration"": 467766, ""channelId"": ""01a01848-1dd0-4c8d-9705-1087c58da912"", ""endReason"": ""released"", ""channelEvents"": [{""name"": null, ""type"": ""ringing"", ""offset"": 0, ""duration"": 0, ""properties"": null}, {""name"": null, ""type"": ""connected"", ""offset"": 0, ""duration"": 467766, ""properties"": null}, {""name"": ""1003 Intake"", ""type"": ""interactionPlan"", ""offset"": 60, ""duration"": 467706, ""properties"": {""reportingGroup"": ""Intake""}}, {""name"": ""CLID"", ""type"": ""dataSourceValueAcquired"", ""offset"": 79, ""duration"": 0, ""properties"": {""value"": ""+19415552093""}}, {""name"": ""SIP|ExternalID1"", ""type"": ""dataSourceValueAcquired"", ""offset"": 81, ""duration"": 0, ""properties"": {""value"": null}}, {""name"": ""RTB Business Hours"", ""type"": ""applet"", ""offset"": 187, ""duration"": 0, ""properties"": {""appletType"": ""Router""}}, {""name"": ""Emergency Routing"", ""type"": ""applet"", ""offset"": 225, ""duration"": 0, ""properties"": {""appletType"": ""DialInConfig""}}, {""name"": ""DR New Lead AN"", ""type"": ""applet"", ""offset"": 263, ""duration"": 0, ""properties"": {""appletType"": ""DataRouter""}}, {""name"": ""AN This call may be recorded"", ""type"": ""applet"", ""offset"": 303, ""duration"": 0, ""properties"": {""appletType"": ""DataAnnouncer""}}, {""name"": ""Set Priority Intake Line Call"", ""type"": ""applet"", ""offset"": 335, ""duration"": 0, ""properties"": {""appletType"": ""Priority""}}, {""name"": ""SDS ConversationAnalyzerProfile"", ""type"": ""applet"", ""offset"": 380, ""duration"": 0, ""properties"": {""appletType"": ""SetDataSource""}}, {""name"": ""DR Is New Lead"", ""type"": ""applet"", ""offset"": 433, ""duration"": 0, ""properties"": {""appletType"": ""DataRouter""}}, {""name"": ""CR Call Recording On"", ""type"": ""applet"", ""offset"": 474, ""duration"": 0, ""properties"": {""appletType"": ""CallRecording""}}, {""name"": ""ST Voice AI"", ""type"": ""applet"", ""offset"": 4962, ""duration"": 0, ""properties"": {""appletType"": ""SkillTagger""}}, {""name"": ""DCON Lead Lookup CLID"", ""type"": ""applet"", ""offset"": 5014, ""duration"": 0, ""properties"": {""appletType"": ""DataRetriever""}}, {""name"": ""SDS Screenpop Lead"", ""type"": ""applet"", ""offset"": 5103, ""duration"": 0, ""properties"": {""appletType"": ""SetDataSource""}}, {""name"": ""DR Voice AI Practice"", ""type"": ""applet"", ""offset"": 5143, ""duration"": 0, ""properties"": {""appletType"": ""DataRouter""}}, {""name"": ""ST Family"", ""type"": ""applet"", ""offset"": 5188, ""duration"": 0, ""properties"": {""appletType"": ""SkillTagger""}}, {""name"": ""DR Direct Routing"", ""type"": ""applet"", ""offset"": 5234, ""duration"": 0, ""properties"": {""appletType"": ""DataRouter""}}, {""name"": ""ST Inbound"", ""type"": ""applet"", ""offset"": 5269, ""duration"": 0, ""properties"": {""appletType"": ""SkillTagger""}}, {""name"": ""DR Voice AI Lead"", ""type"": ""applet"", ""offset"": 5322, ""duration"": 0, ""properties"": {""appletType"": ""DataRouter""}}, {""name"": ""DR SW Family Lawyer"", ""type"": ""applet"", ""offset"": 5357, ""duration"": 0, ""properties"": {""appletType"": ""DataRouter""}}, {""name"": ""DR IsLastHour"", ""type"": ""applet"", ""offset"": 5399, ""duration"": 0, ""properties"": {""appletType"": ""DataRouter""}}, {""name"": ""Intake Queue"", ""type"": ""applet"", ""offset"": 5440, ""duration"": 0, ""properties"": {""appletType"": ""ACD""}}, {""name"": ""Intake Queue"", ""type"": ""queue"", ""offset"": 5803, ""duration"": 18210, ""properties"": {""exitReason"": ""delivered"", ""exitCategory"": ""answered"", ""interactionPlan"": ""c8cc9dac-4b6b-486e-85f2-6ad814975b11"", ""presentedSkills"": [""Family"", ""Inbound"", ""Voice AI""], ""agentsHandleTime"": {""wrap"": 30612, ""total"": 474436, ""connected"": 443824}, ""interactionPlanName"": ""1003 Intake""}}, {""name"": ""Interaction Outcome"", ""type"": ""dataSourceValueAcquired"", ""offset"": 21862, ""duration"": 0, ""properties"": {""value"": ""Delivered""}}, {""name"": null, ""type"": ""callRecording"", ""offset"": 24940, ""duration"": 442826, ""properties"": null}], ""integrationType"": null}, {""party"": {""role"": ""agent"", ""address"": ""1511"", ""partyId"": ""1511""}, ""offset"": 22026, ""duration"": 476423, ""channelId"": ""64b78626-f95c-46fb-9a3f-6f91feda95aa"", ""endReason"": ""released"", ""channelEvents"": [{""name"": null, ""type"": ""ringing"", ""offset"": 22026, ""duration"": 1987, ""properties"": null}, {""name"": null, ""type"": ""connected"", ""offset"": 24013, ""duration"": 443824, ""properties"": null}, {""name"": null, ""type"": ""callRecording"", ""offset"": 24940, ""duration"": 442897, ""properties"": null}, {""name"": null, ""type"": ""wrap"", ""offset"": 467837, ""duration"": 30612, ""properties"": null}], ""integrationType"": null}], ""origin_id"": ""01a01848-1dd0-4c8d-9705-1087c58da912"", ""categories"": [{""category"": ""Communication"", ""categories"": [{""name"": ""Active Listening"", ""matches"": ""2""}, {""name"": ""Responsive"", ""matches"": ""1""}, {""name"": ""Positive words"", ""matches"": ""5""}]}, {""category"": ""Effectiveness"", ""categories"": [{""name"": ""Gather Facts"", ""matches"": ""1""}, {""name"": ""Sales Effective"", ""matches"": ""1""}]}, {""category"": ""Politeness"", ""categories"": [{""name"": ""General Courtesy"", ""matches"": ""2""}, {""name"": ""Greeting"", ""matches"": ""4""}]}, {""category"": ""Emotion"", ""categories"": [{""name"": ""Threat"", ""matches"": ""1""}]}, {""category"": ""Sales Process"", ""categories"": [{""name"": ""Intro "", ""matches"": ""1""}]}, {""category"": ""Effectiveness"", ""categories"": [{""name"": ""Call control"", ""matches"": ""1""}]}], ""confidence"": ""Low"", ""duration_ms"": 498449, ""sender_role"": ""Client"", ""address_name"": ""Voice AI Agent Transfer"", ""mapping_name"": ""Intake Flow"", ""service_name"": ""Voice AI Agent Transfer"", ""media_channel"": ""Phone"", ""ext_user_phone"": ""+19415552093"", ""int_user_phone"": ""+18669489446"", ""recipient_role"": ""Admin"", ""conversation_id"": ""023de4e5-62fa-4138-ae91-0cffe4d5056c"", ""origin_platform"": ""Vonage"", ""reporting_group"": ""Intake"", ""sentiment_score"": ""0.14"", ""categorized_date"": ""2026-08-19 14:20:35.355+00"", ""initial_direction"": ""inbound"", ""original_direction"": ""Inbound"", ""call_time_breakdown"": {""agent"": 87, ""silence"": 4, ""customer"": 272, ""crossTalk"": 78}, ""sentiment_over_time"": [{""span"": {""end"": 10, ""start"": 0}, ""score"": 0.29}, {""span"": {""end"": 20, ""start"": 10}, ""score"": 0.59}, {""span"": {""end"": 30, ""start"": 20}, ""score"": 0.15}, {""span"": {""end"": 40, ""start"": 30}, ""score"": 0}, {""span"": {""end"": 50, ""start"": 40}, ""score"": 0}, {""span"": {""end"": 60, ""start"": 50}, ""score"": 0}, {""span"": {""end"": 70, ""start"": 60}, ""score"": 0.13}, {""span"": {""end"": 80, ""start"": 70}, ""score"": 0.22}, {""span"": {""end"": 90, ""start"": 80}, ""score"": 0}, {""span"": {""end"": 100, ""start"": 90}, ""score"": 0}], ""sentiment_categories"": {""neutral"": 85, ""negative"": 0, ""positive"": 11, ""veryNegative"": 0, ""veryPositive"": 4}, ""interaction_plan_name"": ""1003 Intake""}",timeline
c473a3d6-2e36-5202-8693-00862438c838,2026-08-19T14:11:47,2026-08-19T14:11:47,2026-08-19T14:13:20.399033,2026-08-19T14:28:43.373868,2026-08-19T14:11:47,eae529490b8a9249732a5f6c,62ce880e458eab000841a339,678512f9af8dc40008666522,Communications,SMS,Outbound,"Hey Idris, thanks for speaking with us about your case.\nWe'll be in touch soon.\nIn the meantime, you can schedule a call with an attorney or learn more about Marble by logging into your account here: https://www.marble.co/client\n\nFeel free to reply to this message if you have any questions.\nClara from Marble","{""name"": ""SM-007386511"", ""source"": ""SMS-Magic"", ""lead_id"": ""00QVL000007LwOL2A0"", ""origin_id"": ""a4jVL00000Lps0fYAB"", ""sms_status"": ""DELIVERED"", ""object_type"": null, ""sender_role"": ""Admin"", ""root_case_id"": null, ""template_name"": ""Voice ai - Follow up message"", ""ext_user_phone"": ""+19415552093"", ""int_user_phone"": ""+16193535581"", ""recipient_role"": ""Client"", ""conversation_id"": ""a3jVL00000G8xWLYAZ"", ""origin_platform"": ""Salesforce"", ""original_direction"": ""Outbound""}",timeline
d9a7fa24-3e42-51b8-aebe-51aeeae031ce,2026-08-19T14:19:23.654000,2026-08-19T14:19:23.654000,2026-08-19T14:20:50.428188,2026-08-19T14:32:58.482653,2026-08-19T14:19:23.654000,eae529490b8a9249732a5f6c,,678512f9af8dc40008666522,Communications,Voice AI,Inbound,,"{""email"": null, ""event"": ""call_ended"", ""state"": null, ""county"": null, ""call_id"": ""call_8801d4e8c601142441a5780c708"", ""lead_id"": ""00QVL000007LwOL2A0"", ""agent_id"": ""agent_b9d315fb258edd7dcdbfa3eaa0"", ""call_type"": ""phone_call"", ""case_type"": null, ""last_name"": null, ""origin_id"": ""call_8801d4e8c601142441a5780c708"", ""record_id"": ""a61VL000006v2mSYAQ"", ""voicemail"": false, ""agent_name"": ""Inbound Intake Agent - Callbacks"", ""case_goals"": null, ""first_name"": null, ""agent_state"": null, ""call_status"": ""not_connected"", ""child_names"": null, ""duration_ms"": 0, ""record_name"": ""AiCall-362275"", ""sender_role"": ""Client"", ""call_outcome"": """", ""call_summary"": null, ""children_age"": null, ""cps_involved"": false, ""has_key_date"": false, ""root_case_id"": ""eae529490b8a9249732a5f6c"", ""expe_eligible"": false, ""recording_url"": null, ""recipient_role"": ""System"", ""user_sentiment"": ""Unknown"", ""call_successful"": true, ""children_yes_no"": null, ""origin_platform"": ""RETELL"", ""areas_of_expertise"": null, ""has_conflict_check"": false, ""child_names_and_age"": null, ""intake_call_summary"": null, ""disconnection_reason"": ""user_hangup"", ""formatted_cc_summary"": null, ""has_criminal_history"": null, ""beneficiary_or_sponsor"": null, ""beneficiary_nationality"": null, ""represented_by_attorney"": false, ""formatted_intake_summary"": null, ""children_immigratin_status"": null, ""number_of_children_under_18"": null, ""agree_to_give_opposing_party_details"": false}",timeline
569a90a9-198c-501d-a3cb-f670aef8938f,2026-08-19T14:19:34,2026-08-19T14:19:34,2026-08-19T14:22:20.581509,2026-08-19T14:28:43.373868,2026-08-19T14:19:34,eae529490b8a9249732a5f6c,62f5983dc16e960008f98101,678512f9af8dc40008666522,Communications,SMS,Outbound,Did the phone die?,"{""name"": ""SM-007386665"", ""source"": ""SMS-Magic"", ""lead_id"": ""00QVL000007LwOL2A0"", ""origin_id"": ""a4jVL00000LptkjYAB"", ""sms_status"": ""DELIVERED"", ""object_type"": null, ""sender_role"": ""Admin"", ""root_case_id"": null, ""template_name"": null, ""ext_user_phone"": ""+19415552093"", ""int_user_phone"": ""+19415557227"", ""recipient_role"": ""Client"", ""conversation_id"": ""a3jVL00000G8z57YAB"", ""origin_platform"": ""Salesforce"", ""original_direction"": ""Outbound""}",timeline
a559eaa7-b141-533a-a682-f1c48d136d0b,2026-08-19T14:19:36.050000,2026-08-19T15:08:42.082000,2026-08-19T15:11:48.316479,2026-08-19T15:12:59.889267,2026-08-19T14:19:36.050000,eae529490b8a9249732a5f6c,62f5983dc16e960008f98101,678512f9af8dc40008666522,Communications,Call,Outbound,"Client: Hi, if you record your name and reason for calling, I'll see if this person is available. Thanks. Please stay on the line. Oh, yeah, I don't know. I was talking and all of a sudden the phone just hung up.\nAgent: Ari from Marble Law.\nAgent: Hey, Idris, it's Ari here. Did I lose you there for a second? That's okay. That's technology for you, though. So, yeah, we were talking about Nadia's last name. If her current last name is Sorlie, then that's okay. That will work. Okay, so what is her phone number or email address?\nClient: Yeah, right. Yeah. Okay. Well, let's see. Our phone, let me get a phone number.\nClient: So, a 401 number is 9, area code 941-555-5485. Yep, 5485. Yes.\nAgent: Thank you. 5-4-8-5? Yeah. So we are able to move forward. We have no conflict. You said you are paying child support, correct, right now? Yep. Just going to ask you a couple more questions, Idris, and then we'll get on to the next step. What is the age and name of that child that you're paying child support for?\nClient: His name is Anders, A-N-D-E-R-S. Last name is Sorlie, S-O-R-L-I-E. And he's, I believe he's five. His date of birth is, hold on, I got his date of birth. His date of birth is 8-8-2021.\nAgent: Perfect. Thank you. And has Anders been living in Florida for the past six months? He's been in Florida since he was born in Florida, too? Okay. Perfect. And is Nadia still living in the United States? She's still in Florida, too.\nClient: Yes, yes, yes, he's been in. Yes.\nClient: Yes.\nAgent: And, Idris, I know you may have answered this earlier, but do you guys think it's possible that you and Nadia could reach an agreement about the terms of your divorce through conversation, you know, whether directly or with the help of an attorney?\nClient: Um, it's, um, it's probably, uh, it's possible, but it's, um, I don't know, everything's been, everything's been kind of, kind of rocky and then it's like, you know, so that's why I kind of been trying to just, just basically keep it, um, just keep the distance or whatever. And if I can, how, if I can get it done, like, peacefully where it doesn't, um, wrestling, that's the way, um, I've been trying to do it.\nAgent: Yeah.\nAgent: Okay.\nClient: I just be kind of like wanting to watch what I say or whatever. And when I say something, I have to be around people because lately she's been like flipping my words and stuff. So now I just don't say anything to her just to be on the safe side.\nAgent: Okay, so I do have all the information I need, Idris. What I'm going to do is I'm going to text you over a...\nAgent: text message that's going to allow me to walk you through a demo and how we do business here at marble i'll actually introduce you to your attorney you know how we differentiate from a traditional law firm and then we will hopefully get into the service that is required for you to get the divorce started and then we'll get into some pricing and some payment plans if that's something that you're, you're looking forward.\nClient: Yes.\nAgent: So what I'm going to do, Idris, is I'm just going to text you over a link right now that's going to allow me to share my screen with you. So I think I just sent it over to you. It'll be coming from an 872 phone number. Let me know once you receive that.\nClient: okay I got it I clicked on the arm all right I just clicked on the own thing yep okay but I'll begin introduction on four digit code is on zero eight zero one\nAgent: Perfect, so the link, is there a green, yeah, so go ahead and click that, and then you're going to receive a four-digit code, and you're just going to repeat that code back to me.\nAgent: Perfect. Thank you. There's going to be a little co-brows button as well. Idris, just go ahead and click that. That'll allow me to share my screen with you and walk you through the demo.\nClient: Okay. Here we go. Huh? Yeah, yeah, yeah, yeah. Mm-hmm.\nAgent: There we go. Perfect. See me circling this lady right here? You see my cursor right there, circling this lady? It says Ari, bright green. Okay, perfect. So scrolling down here, this is actually who your attorney is going to be, Idris. This is Dana Whitfield. She's one of the top family law attorneys in the state of Florida. Our attorneys have an average of 15 years of experience practicing the law, and she will be able to help you get this thing off the ground quickly and effectively, and she'll do a great job for you. She's familiar with the local courts, laws, and judges in your specific county, and since we've been in business, Idris, we've helped over 75,000 clients and counting like you through similar situations, so you can be assured you'll be in good hands with Dana as your attorney. I've heard nothing but great recommendations from my clients who have worked with her in the past.\nClient: Mm-hmm.\nAgent: If you have any questions, too, Idris, about anything that I'm talking about, just feel free to interrupt me at any point, or I'm sure I keep going, though, okay?\nClient: Okay.\nAgent: Yeah, scrolling down here. This is actually what your online portal will look like, Idris. Think of it as your own personal website tailored to you and your specific divorce case. And this is where you will be able to have an open line of communication with your attorney, Dana, and her legal team. And you guys will be able to communicate about everything 24-7. you're going to be able to monitor your case progress and upload any documents that may be necessary right from your couch you can do this from home you do it while driving you don't have to go anywhere so it makes it real easy for you to manage your case and to get things done more quickly and effectively does that make sense with the online portal\nClient: Mm-hmm.\nClient: Yes.\nAgent: So scrolling down here now, Idris, this is how we are different from a traditional law firm. I'm not sure if you're familiar with what a retainer is, but most traditional law firms charge big, upfront, expensive retainers that can be very pricey and expensive. And here at Marble, we do not charge a retainer fee. So we're not going to ask you for, you know, $10,000 to start your case, like most traditional law firms do. We believe in fixed price legal care, and you can pay per step so there's no hidden fees you know exactly what the cost will be from start to finish for each step and you're not going to be billed by the minutes you're not going to be billed by the hour every time your attorney dana works on your case or every time you guys talk through that open line of communication through your online portal the only thing that we don't include in our fees idris are just the filing and service fees oh did you end the session there sir looks like it lost Thank you.\nClient: Thank you.\nClient: Mm-hmm.\nClient: Oh, no, it was another message that somebody was calling and I tried to click off of it because it was on my screen. Well, how do I get back?\nAgent: That's okay. That's totally okay. I think if you just click it, if you just open it back up, it should pop up again. If not, I was almost done with the demo. I could take you through it verbally. There's only a couple more things before I...\nClient: oh yeah yeah just yeah this is error now oh okay no no no no I'm back\nAgent: okay totally okay so let's just oh there we go we're yeah we're we're back i see it on my end too we're back there we go so what i was saying before idris is the only thing that we don't include in our fees are just the filing and service fees at the courthouse so that's nothing you're gonna have to worry about today that's something that once we do file and serve we will pay that for you and then we will reach out to you for reimbursement but everything else in terms of your service will be a clear upfront price, okay?\nAgent: Okay, so now I'm going to scroll down here again, Idris. This is what your status bar will actually look like. This is where you are right now. You're on the initial call with me. My name is Ari. I am one of the admins here at Marble Law. The next call will actually be with your attorney, Dana, what you call your case kickoff call. And this is where Dana is going to review all the notes, have a thorough conversation with you. She will draft up the paperwork. and after that concludes, you guys will have what we call a wrap-up call where you guys will review everything. She will load the paperwork into your portal. You guys will review it together and then once you say go and give her the green light, she will file it with the court and serve the opposing party. Any questions before I get into the service and price?\nClient: Mm-hmm.\nClient: Um, no, no.\nAgent: Okay, so this is just scrolling down here again. Idris, this just kind of reiterates how we're different from a traditional law firm. I can let you quickly look at that if you want. I kind of just went over everything. Pay-per-step, flexible payments. We don't charge a retainer. We don't bill you by the hour. You can manage everything through your online portal. Any questions before I get into the service?\nClient: No.\nAgent: Okay, scrolling down here. So the express petition will be the service that is required for you, Idris. And basically what that is, is it covers the crucial steps to get your case started. And basically what the petition is, it's like a 40 to 60 page document outlining all the things that you want out of the divorce. And then once your petition is filed and served, your attorney will help you understand what your next best steps are in your case moving forward. Common steps could include hearings, mediation and more and each of those services will have an additional cost.\nAgent: but we will review them and what is included before we start. With the express petition, the first step is just the initial cost of $2,550. Now, we do have a couple of options. The attorney, Dana, did say if you are able to pay that in full today, she could actually give you a discount of around $250 off, which brings the total cost down to $2,300. Now, is that feasible for you, or do you want to go ahead and look at monthly payment plans?\nClient: Oh, monthly payment plan.\nAgent: Okay, so I'm going to text that over to you right now, Idris. Should be coming from a 619 number, Idris. Let me just double check. Yeah, she'll be coming from a 619 number. Let me know once you receive that.\nClient: yeah I got it it's telling me on do I click fire now\nAgent: Yeah, so sign in, it's going to ask you to sign in with your phone number and then your phone number is going to receive a verification code. And then let me know once you get to the Get Started page, I can walk you through from there. Okay?\nClient: Okay, I'm going to get started, Boots.\nAgent: Perfect. So you're going to say, welcome back, Idris. And then you're going to click the green, get started. And then it's going to take you to your actual legal plan. It'll show you your service and the price. And then we're going to click on view payment options.\nClient: So is that number, the payment amount, is that the total?\nAgent: That will be the petition. That will get the divorce started, you know, get you ahead of everything. You said you wanted to protect yourself. This is a perfect way to get started for your case. Your attorney will help outline your goals for the petition and then file it with the opposing party. And then with along that, they'll become next steps, but your attorney will help walk you through those next steps.\nClient: so where do you want on so that I could go on what pay oh all right it says clarity pain yeah firm\nAgent: are you at the pay over time yeah and let me know what you see on the pay once you click pay over time do you see a firm okay let's go with a firm first that's what I always like to start the client my clients off with just before we get into that do you you know what your credit score is Idris Okay.\nClient: Oh, I could score it. It's in like the high sixes, but when they do this, do it on, it takes a hit on your credit, correct?\nAgent: No, it won't affect your credit score. Checking your loan eligibility will not affect your credit score. So, yeah, it's a soft credit check.\nClient: Oh, okay. So do I click to check out with a firm?\nAgent: Yeah, let's go with Affirm first. Yeah, I was just going to ask you to sign in. Have you ever used Affirm before, Idris, or is this your first time? Okay, no worries.\nClient: Let me explore my number. All right, my first sign.\nAgent: I might just ask you to create an account. Just to be clear, everything you share is secure, though, Idris. I might just ask you for your last four of your social security number as well. Okay.\nClient: yeah I'm doing I know my arm my address thing first now\nAgent: Yeah, Plaid, it's just going to help you link your bank's login information in your bank account.\nClient: So do I continue to what, pilot?\nClient: So they make me link it before they even let me know what on.\nAgent: Yeah, it's just to make sure that, just to see what we get approved for. Don't worry, it's a soft credit check. It does not affect anything on your end.\nClient: Oh, I might have to walk outside to my car to get on. Could they go?\nAgent: Yeah, I can stay on the line with you. Do you have to go grab your information? Yeah, I'll stay on the line.\nClient: Thank you.\nClient: Okay.\nAgent: Oh, you found everything? All right, Idris. Okay. Take your time.\nClient: Yeah, it is that, um, I had got in, I thought I needed my arm, so, so, okay, it said it's preparing your consumer report. Yeah.\nAgent: Just loading. Okay. Are you at home right now? Are you on Wi-Fi? Just to make sure that your service is all good and stuff.\nClient: They said our partner bank can't approve the loan request.\nAgent: Okay. That's totally okay. So what we're going to do is we're going to go back to that review and pay page, Idris. Remember where it said pay over time? And then you saw Affirm first. We're actually going to go to, I know you said you saw some ClarityPay. We're actually going to go to explore more payment plans. So let me know once you get back there.\nAgent: You back at that review and pay page, Idris? Which one did you, uh, which one did you click just to make sure? Okay. Explore more. Okay.\nClient: Yeah, they're asking me to put my social in for the one where you said explore. Yeah, and they're just asking me for my social and my totally monthly income before taxes.\nAgent: Yeah, so it would be household income. So I always tell my clients, you know, be on the generous side because the higher the monthly income, the higher chances you guys will get approved for more options. So I always just say be generous. Are you monthly or salary right now?\nClient: Uh, every two weeks. Yeah. Uh, like, um, about $26. Yeah.\nAgent: Every two weeks you get paid? Okay. And how much do you get paid an hour? And you say you probably work about 40 hours a week? Yeah.\nAgent: So around $2,100 every two weeks. Does that sound about right, Idris? Okay.\nClient: Yeah, about that, yeah.\nClient: So monthly, it'd probably be like $4,200.\nAgent: Okay, so actually, Idris, you actually were approved for ClarityPay, which was about $7,500, so that's always good news. What I'm going to do is I'm actually going to text you over a link exactly for ClarityPay.\nAgent: So then you can just swipe out of all that. I'm going to send you over this link right now, and then we can get you set up with ClarityPay, and then we'll get you onboarded as soon as possible, okay? Then you'll be able to schedule that case kickoff call with your attorney. So I just texted you over that link, so you can swipe out of everything, Idris.\nClient: Okay, customer portal thing, okay, yeah, yeah, it came up, yeah.\nAgent: No, I think I just heard my text go through. Yeah, yep. It says ClarityPay. Okay, so then let's go open that up. It should say you have an offer from ClarityPay. Just going to text you a code to put in your phone number and I believe again, signing in.\nClient: Okay, so now, so it brought it up, ClarityPay, payment plans available for, um, Thank you.\nAgent: Yeah. So, you know, there's a few different payment plans. There is no prepayment penalties too. If you are wanting to, you know, pay it off earlier or you're able to pay it off earlier, that's totally okay too. And then I believe it's just, there's a few options, right? There's 24 months, 18, is there 12 and six? Does that sound about right?\nClient: Yeah, yeah, it's on 12, 18, and 24. So this right here, so the 25, that's the loan. What does this start? This starts on.\nAgent: Okay, so choose the payment plan that obviously suits you best. Like I said, there's no prepayment penalties.\nAgent: this starts the divorce petition and getting everything filed and then we'll serve your opposing party. And then your attorney will go over the next steps of how to get the divorce, you know, settled as soon as possible. But as soon as we get you on board with the, yeah.\nClient: So then once you get to the part where the attorney talked to you about the next part, that's like, no, you don't know what that other fee will be added on to that, would you?\nAgent: yeah as of right now i'm not too sure what the other field be that'll be something for you and your attorney to work out but i know you want to get ahead of this thing and coming and getting ahead of this thing is obviously what you're doing right now and once you know filing first rather than responding always looks like you know you want to take the initiative and then like i said before once those next steps come up that's something that you and dana and her legal team can help figure out what the next best steps are for you.\nClient: yeah yeah and it's like and then how many more steps do this from that because i'm just trying to make sure i don't put myself into where i'm just like where i'm like going way over my head because i don't all i i see the amount for this and it's on and i got a payment plan but then it's still you know it kind of threw me off because i didn't think it was going to be that large but then you say that it's other things, but it's other like fees that I don't really know like up front is what I'm trying to say.\nAgent: Yeah, so...\nAgent: Yeah, so that's a great question, but yeah, so yeah.\nClient: Because once I do this part, it's like I'm already locked into it, so then it's kind of like I'm almost like I'm sitting blinded once I get to the part with the wrong attorney, and then she dropped, and then it goes up to another 25-something hundred. It's kind of like that's what I'm kind of...\nAgent: No, I do understand the skepticism and I totally understand. This is just to officially get started with the divorce. It's just filing for the petition of divorce. And obviously, that's something that you and your spouse want, right? You want to get on the other side of this. So unfortunately, I'm not able to explain exactly what the next best steps are. I kind of alluded to it before that next steps can include maybe a hearing. It depends if it's contested or not. It depends on what your spouse agrees upon in terms of what's inside the petition.\nClient: Yeah.\nAgent: but I'll say you guys have come to agreement on everything that the process will go over very, very smooth.\nClient: Okay, and then so then the serving part means that she had like so many days to respond to it, right? And then another question that you knew, how would she get served because I really don't have an address for her?\nAgent: Yes. Yep.\nAgent: Yeah, so that's obviously something that your attorney can help you with. You know, they serve people all the time, even if they can't really, if you can't locate them, they will be able to find and serve her. They can do it either through the mail, you know, right at her door. There's different ways that she can be served.\nAgent: Any questions for me, though, Idris? Are you feeling confident with everything, though? I know you're asking a lot of questions, which is obviously good. You know, you want to be sure with everything.\nClient: Yeah, yeah, yeah\nAgent: Because as soon as we get you onboarded here, Idris, you'll be able to schedule that case kickoff call with your attorney either later today or sometime early this week, and you can really get everything figured out and exactly know what the next best steps are in terms of your case.\nClient: And then what happens if I get to that part with the attorney, then it's kind of like I guess she tells me, there ain't really no other kind of way that I can back out once I done set up this payment thing.\nAgent: can you repeat that you kind of broke up at the end you're asking about what happened\nClient: I say, so if I start this today like this and then I go into it with the attorney, it's like, then I turn around and it's kind of like, and then the attorney says, well, Sam, and I was like, it ain't no kind of way of backing out when you already set a payment arrangement to pay this loan.\nAgent: No, I mean, if you're not comfortable with everything that's happening, we would offer you a refund. We're not just going to keep your money if you're not working with us.\nClient: all right yeah i just i was just asking but yeah i'm probably gonna yeah i'm probably gonna do this on what's saying because i know if i i gotta sooner because i know because because see y'all doing most of the leg footwork anyway that's kind of like what i wanted because i didn't know like even when i went down i had already went to the to the courthouse in sarasota and got i got I walk outside and grab my thing, my card. But they, um.\nAgent: Yeah, I know.\nClient: I don't really know the actual forms that I need, so I probably would be paying out even more money anyways because I'd be having to go around and run around instead of just going and let and I just figured I'd just go and let somebody do it that actually knows exactly what forms and everything I need instead of me having to go through all that and then I would have still had the actual pay, go down and pay to even have a third and then still go through all the other stuff so so yeah so yeah I think it is\nAgent: Yep.\nAgent: right yeah this is this is yeah this is what the lawyers do all day and you know they deal with they deal with divorce all day every day so they'll know exactly how to help you out and get the best you know get everything that you want out of the divorce and then yeah like you said you want to get a clean start rip the bandit off and then your attorney dana and her legal team will definitely be able to help you do that Thank you.\nClient: yeah yeah yeah yeah but I know that they all the reason why I came outside to do this good on it look like a half a star with a deposit today you know yeah oh\nAgent: So I know that you're, are you still on the ClarityPay link that I send you?\nAgent: Okay, so take your time. I believe it's just going to ask you for a bank account and then a debit card for the down payment. I believe that's what you're seeing on your screen right now.\nClient: Yeah, yeah, well, I just clicked on, I really, I just clicked on the thing to figure out this is like set up autopay starts once.\nAgent: Yeah, so I would actually click the Autopay thing off. I would actually just uncheck Autopay.\nClient: Oh, yeah, now I'm just reading the top. It just says set up auto pay one for a month. Auto pay starts one month after the date of the loan funded. Includes 1% discount for enrolling. But, yeah, it's just a bank. It says, which one I should do? It says bank account or debit card. Should I just go ahead.\nAgent: Yeah, and then, yeah, so, I believe you can, it'll ask you to enter both, but I believe if you have a debit card on file, on hand right now, we should go with that one first. But you can do your banking. You can, okay.\nClient: Yeah, yeah, yeah, see, yes. Okay, yeah, that's what I was going to do, do the card that I got right now, and then I don't know. Hold on, let's see.\nClient: Okay, exploration bay. Okay.\nClient: all right so so so i did that but when it gets to the bottom set up auto pay lights up how can i go around not it's almost like it's making me the card that i put in is making me use for the set of auto pay\nAgent: So you're not looking to set up Autopay, is that correct? Did you click that button where it says...\nClient: No, no, no, no, no. No, I remember you told me don't click the auto pay thing, but once I put in, like, my card number where it says at the top of that bank account or debit, it's on, as soon as I went to debit card, it go at the bottom, the finish of the submitted, it says set up, the set up auto pay line lit up blue.\nAgent: And it's not giving you the option just to complete everything. It's just saying you have to do auto pay.\nClient: yeah yeah it's basically that's the only thing really is telling me i guess it light up blue just telling me to click it so i guess when i click it it's gone that's when i can go to the next page because the only button i got underneath it is the back button it says back\nAgent: Okay. Right, right. A whole month?\nClient: So I guess I just got to, it says it starts, all the pay starts like one month after the date of the loan funded. So I guess it gives me a whole, so I guess it really won't, yeah, it really won't start until, what, September? I don't know if it starts September the same.\nAgent: Yeah. It should be a month. Yeah, it should be a month from here. 19th.\nClient: So, okay, so it'll be like the same day in September as today, so the day is what, the 18th? Let me see.\nClient: 19th okay yeah so it's about to be september 19th to start all right let me just click on it real quick let's see what it does okay and then it already says please it says please read and acknowledge the following i understand that this is a personal loan that proceeds of the loan can only be used to pay back on qualified expenses that a designated merchant i am satisfied with the quality of goods or service i'm entering into this loan freely without undue pressure okay say quick i have understand and okay so it got so it gave me the the the print up like the ball like the borrow thing and the and the dr\nAgent: Yeah, you can just take your time. I got enough. Right.\nAgent: Yep. You can download that if you want. You can download that to your phone. I think you just click that green little arrow, you'll be able to download it to your phone if you just want that on file.\nClient: Yeah, yeah, yeah, I just, yeah, I just did, yeah, yeah, yeah, okay, all right, I get back I hit the green bus, so I guess that downloaded it to my.\nAgent: And did you pick a payment plan? Okay. Oh, yeah. You downloaded the PDF.\nClient: Yeah, I clicked that green button or whatever, so it said, you have an aquifer offer. Why, it looked like it made me, did it kick me all the way back out? Can you see it, Ari?\nAgent: no no i can't see it but did it kick you back out i really hope it didn't because you might have to add your it shouldn't\nClient: yeah it looked like it said making me making me click all my own they're sending me a whole nother code like I don't I don't know what it did\nAgent: No Okay, maybe I wonder if you are you on\nClient: I'm talking about out of the clarity pay thing it was oh I see what you was talking about so now I went back it's a check mark at the top to enroll in auto pay I can uncheck that that's what you were saying okay now now I see it\nAgent: Right. Yeah.\nClient: Alright.\nClient: It said enroll in auto, pay 1% on your loan interest, miss a payment can result in late fees, or I can skip it. Okay, so my card, it looked like, okay, now it's to the point where you verify it. So my card was still in there. So it says, right, it says, we'll not charge you at this time. It's just telling me that, I guess, it says, please enter your bank account or debit card. It's already there. So it says it won't charge you. So let's see. I read that. and and they go that on the pd file bag again\nAgent: Yeah. Right. Oh, it saved it for you? That's nice then, right? You don't have to retype everything in.\nAgent: Yeah, you already have that, I think, right? You already downloaded that?\nClient: right yeah so i'm just here to agree and okay so now i said your car will be charged 127.\nAgent: Yeah, that's just a down payment for today. And then everything else will be within the month.\nClient: Does that, does that, does that go, that don't go towards like my, um, the balance that don't go towards the, um, one of the payments on, on a thing? Uh, no. It says, so, um, clarity pays, so it says that, um, your payment, uh, confirmed.\nAgent: What does it say on your end? Oh, okay. So, yeah, it's settled. Let's go, Idris. So, I'm going to text you over your marble agreement right now.\nClient: Hold on. Please, your payment is confirmed. Please review and confirm. I understand we are taking it step by step. We will start with what I need now and can add more later if needed at extra cost. Which one do I normally have to click on? I have to click on both of them?\nAgent: So, no, I just sent you over the, I don't think you have to click on anything. It says it's settled on my end, so you're actually good. I just texted you, you'll get a marble agreement from, I believe, in your email, Idris.\nClient: Yeah, I just received something that came through on, yo, yo, I've been in, there go your Marvel, okay, I'm gonna open that up.\nAgent: Okay, so yeah, so go ahead and just, yeah, so you're going to make sure, just make sure you're, yeah, make sure your phone number and your email and phone number and your name is obviously spelled correctly. And then once you sign that, there'll be a purple agree button at the bottom. So once you go ahead and sign that.\nAgent: and then I'll go over the next steps, and I'll go over the next steps. Let me know when you sign that. Take your time, and I'll read it, obviously.\nClient: You've been a ballerbs.\nAgent: You just reading everything, Idris? Okay. That will just be the down payment.\nClient: yeah so wait so so just put that that deposit that ever one to the same way way did that go\nAgent: So let me know once you sign that, and I'll go over the next steps and actually walk you through how you can schedule that case kickoff call with Dana.\nClient: All right, it says you're all set. You receive an e-mail. Confirm, yo, I just received it. It says Dana Whitfield. I'm happy.\nAgent: Perfect. So, perfect. So, you did sign it, Idris. So, now that the finances that are all handled, you'll begin some information via email, which I believe you just got for instructions on how to log into your Marble Portal. Keep an eye on your email to make sure you don't miss any important updates from your attorney. And your Marble Portal is where you can speed up your case's progress. Once you're logged in, you will see a few important steps. The first thing you'll actually need to do is schedule your case kickoff call so you can connect with your attorney as soon as possible. I'm also going to text you over some information, Idris, just so you can have the ability to do it either for me, but otherwise you are all set to schedule that case kickoff call, Idris. Do you have any other questions for me before I let you go? I know that was kind of long call. I appreciate you walking through that all of me.\nClient: Yeah, I had a question because I don't so where do I go at the start of my home to open up my portal? Is it the marble home?\nAgent: Yeah, so I'm going to text you over a bunch of information right now, and then, yeah, it'll be able to kind of let you sign in with your phone number again with your case kickoff call. So let me just... Okay.\nClient: Yeah, I kind of want to make sure I'm doing something before you get off the phone because it seems like it's a lot, so I don't want to be, I want to make sure that I can be able to just know because you said it's going to be a number two that I can do to set up the call or where do I set up the call with the attorney?\nAgent: Yeah, it'll actually, it'll be in your online portal for your case kickoff call. Let me just send you over everything right now. I'm just lowering something here on my end. So here we go. I'm going to text it over. I'm just copying it. I'm going to text it over to you right now, Idris. Okay.\nClient: Thank you.\nAgent: So I just texted that over to you. So you see that link where it says, excuse me, the Marble login one. Let me know what you're, it should be coming from an 866 number, right? So yeah, that's.\nClient: let's see yeah yeah so yeah I got yeah I got it so so which one oh so which one do I oh I see the customer portal but then I see the one on these just say okay so I click underneath on the one where it's telling me about the kickoff call with the attorney.\nAgent: The port? Yep. And then that's where you'll be able to schedule your case kickoff call. You'll be getting an email and text reminder too. Probably about 15, 20 minutes to go over, but you'll just ask to sign in with Marble, your phone number, and then that's where you will be able to schedule your case kickoff call. Okay?\nClient: Okay, yeah.\nAgent: There also is a customer support specialist number there. Idris, if you want to reach out to them and they can help assist you. Obviously, scheduling your...\nClient: Okay, see, oh, see, so, okay, one more question. I don't need to get on, but see, now it's how we work. So I have to check those toolboxes. That was a toolbox that I told you before, and you said I shouldn't have to check some. I just click that button and log in with my thing, and it's want me to understand that I understand that we're taking it step by step. Do you know what I'm talking about?\nAgent: I believe I know what you're talking about. Yes, I do. So, yeah, it's just going to give you some, yeah, it's just.\nClient: it's a square box and it says that I understand we're taking it step by step so I check that one and say legal cases take time and we work at the pace of the court system they just let me know there may be long periods with no updates with the legal team while we wait for a response\nAgent: Yeah, that's why it's important for you just to schedule that case kickoff call with your attorney as soon as possible.\nClient: Yeah, that's why I'm going in and review and agree, so yeah.\nAgent: Okay. And if you have any questions for me, Idris, I'll text you over my, my, uh, my number and personal information. You also have that customer, that client support specialist number there too, if you need any help with questions or setting up some stuff, but otherwise you are all set, Idris. You'll be getting some information, probably about half an hour or two to just know how to schedule that case kickoff call with your attorney, Dana. But otherwise you are all set, my friend. Do you have any other questions for me?\nClient: Okay, so, yeah, I'm in a thing where I say personal information and stuff like that, but I was like, so you say it's still something else that's coming through that's going to help me schedule the call?\nAgent: Yeah. Yeah, so it's good to ask you just to fill out some intake information. And then once that's all completed, you'll be able to schedule that case kickoff call as soon as possible. Sorry, I should have reminded that to you earlier. It's just asking you probably for some information to fill out, right?\nClient: All\nClient: Which, see, that's why it's getting kind of confusing now because I'm like, I'm right with the thing it says. I see the Marvel Specialist number, but when I click on that same thing, it brings what's actually Marvel help, and it's taking me to a lot of stuff. It's got to look like.\nAgent: Okay, so I would maybe just swipe out of everything, give it a little bit of time, and then you'll get that email and text on how to do everything here shortly. If you have any questions, I'll text you over my information. And you also have that client support specialist. They'll be able to help you out getting your online portal set up. And otherwise, Idris, any other questions for me, I'll text you over my contact information.\nClient: Thank you.\nClient: Yeah, please do that, because I'm like, right now, it's like, yeah, oh, I just got it, yeah, just so I have that, because, yeah, it's a lot.\nAgent: Okay. Yeah, so I believe you just have to fill out some intake information and submit maybe a couple documents that your attorney is requesting. But like I said, in like half an hour, if you're still having trouble, give me a text and I'll give you a call back and we can kind of walk through the next steps, okay? If you're having trouble still finding ability to schedule that case kickoff call.\nClient: Oh, okay, and must I download ClarityPay to keep track of my payment things too, or how do I know? Thank you.\nAgent: Oh yeah.\nAgent: I believe it'll just, I mean, you could, if you want to, I don't know if that's necessary right now, but what I would do is I would call the, uh, the client, the client support specialist. And if you have those types of questions, I'd ask them. I'm actually not sure if you should download it. I've never had anyone asked me that. So apologies.\nClient: Okay, all right, so that probably will come to my email for me to check to set that up right not not not a text message but yeah\nAgent: For the case kickoff call? Yeah, it'll be through your online portal. So, yeah. So, once you get to your online portal, which I believe you have access to now.\nAgent: You're just going to have to ask to fill out some intake information, and then there's going to be a way to schedule your case kickoff call in there. If you do have any trouble, like I said, there is that client support specialist number that they can help assist you and walk you through. There also is a chat bot button in your online portal if you need help, too. It's kind of like an AI assister that they can help walk you through how to schedule your case kickoff call.\nAgent: But otherwise, Idris, you are all set. I wish you the best of luck on your case. If you have any other questions, do not feel shy to reach out, okay? All right, have a good rest of your day, sir. Bye-bye.\nClient: All right, thanks. You too.","{""firm"": ""Marble"", ""outcome"": ""Outbound connected"", ""channels"": [{""party"": {""role"": ""agent"", ""address"": ""1511"", ""partyId"": ""1511""}, ""offset"": 0, ""duration"": 2946032, ""channelId"": ""01a01a64-4af5-d894-1272-64b2de71baa0"", ""endReason"": ""released"", ""channelEvents"": [{""name"": null, ""type"": ""ringing"", ""offset"": 0, ""duration"": 1619, ""properties"": null}, {""name"": null, ""type"": ""connected"", ""offset"": 1619, ""duration"": 2942216, ""properties"": null}, {""name"": null, ""type"": ""callRecording"", ""offset"": 3872, ""duration"": 2939963, ""properties"": null}, {""name"": null, ""type"": ""wrap"", ""offset"": 2943835, ""duration"": 2197, ""properties"": null}], ""integrationType"": null}, {""party"": {""role"": ""external"", ""address"": ""+19415552093"", ""partyId"": null}, ""offset"": 1650, ""duration"": 2942255, ""channelId"": ""ccec485b-1106-4ae6-b0e3-d616c8523467"", ""endReason"": ""released"", ""channelEvents"": [{""name"": null, ""type"": ""ringing"", ""offset"": 1650, ""duration"": 2206, ""properties"": null}, {""name"": null, ""type"": ""connected"", ""offset"": 3856, ""duration"": 2940049, ""properties"": null}, {""name"": null, ""type"": ""callRecording"", ""offset"": 3872, ""duration"": 2940033, ""properties"": null}], ""integrationType"": null}], ""origin_id"": ""01a01a64-4af5-d894-1272-64b2de71baa0"", ""categories"": [{""category"": ""Communication"", ""categories"": [{""name"": ""Active Listening"", ""matches"": ""7""}, {""name"": ""Responsive"", ""matches"": ""10""}, {""name"": ""Ask for Call Reason"", ""matches"": ""1""}, {""name"": ""Client options"", ""matches"": ""5""}, {""name"": ""Positive words"", ""matches"": ""22""}]}, {""category"": ""Compliance"", ""categories"": [{""name"": ""Verification"", ""matches"": ""1""}]}, {""category"": ""Effectiveness"", ""categories"": [{""name"": ""Additional assistance"", ""matches"": ""30""}, {""name"": ""Call Back"", ""matches"": ""1""}, {""name"": ""Call control"", ""matches"": ""19""}, {""name"": ""Empathy"", ""matches"": ""3""}, {""name"": ""Gather Facts"", ""matches"": ""4""}, {""name"": ""Sales Effective"", ""matches"": ""13""}, {""name"": ""Sales Non Effective"", ""matches"": ""3""}]}, {""category"": ""Politeness"", ""categories"": [{""name"": ""Closing"", ""matches"": ""1""}, {""name"": ""General Courtesy"", ""matches"": ""8""}, {""name"": ""Greeting"", ""matches"": ""2""}]}, {""category"": ""Emotion"", ""categories"": [{""name"": ""Positive Emotion"", ""matches"": ""8""}, {""name"": ""Threat"", ""matches"": ""2""}]}, {""category"": ""Call Perception"", ""categories"": [{""name"": ""Process"", ""matches"": ""5""}, {""name"": ""Place"", ""matches"": ""1""}, {""name"": ""People"", ""matches"": ""1""}]}, {""category"": ""Sales Process"", ""categories"": [{""name"": ""Intro "", ""matches"": ""1""}, {""name"": ""Value selling"", ""matches"": ""1""}, {""name"": ""Explaining services"", ""matches"": ""3""}, {""name"": ""Objection Handling "", ""matches"": ""1""}, {""name"": ""Payment"", ""matches"": ""5""}, {""name"": ""Pre-Qualification"", ""matches"": ""2""}]}, {""category"": ""Effectiveness"", ""categories"": [{""name"": ""Additional assistance"", ""matches"": ""6""}]}], ""confidence"": ""Low"", ""duration_ms"": 2946032, ""sender_role"": ""Admin"", ""address_name"": null, ""mapping_name"": null, ""service_name"": null, ""media_channel"": ""Phone"", ""ext_user_phone"": ""+19415552093"", ""int_user_phone"": ""+19415557227"", ""recipient_role"": ""Client"", ""conversation_id"": ""9cbd15f0-b2c5-402d-ba68-b2e41310a475"", ""origin_platform"": ""Vonage"", ""reporting_group"": null, ""sentiment_score"": ""0.05"", ""categorized_date"": ""2026-08-19 15:12:55.203+00"", ""initial_direction"": ""outbound"", ""original_direction"": ""Outbound"", ""call_time_breakdown"": {""agent"": 1066, ""silence"": 258, ""customer"": 871, ""crossTalk"": 742}, ""sentiment_over_time"": [{""span"": {""end"": 10, ""start"": 0}, ""score"": 0.05}, {""span"": {""end"": 20, ""start"": 10}, ""score"": 0.09}, {""span"": {""end"": 30, ""start"": 20}, ""score"": 0.05}, {""span"": {""end"": 40, ""start"": 30}, ""score"": 0.08}, {""span"": {""end"": 50, ""start"": 40}, ""score"": 0.03}, {""span"": {""end"": 60, ""start"": 50}, ""score"": 0}, {""span"": {""end"": 70, ""start"": 60}, ""score"": 0.04}, {""span"": {""end"": 80, ""start"": 70}, ""score"": 0.04}, {""span"": {""end"": 90, ""start"": 80}, ""score"": 0.06}, {""span"": {""end"": 100, ""start"": 90}, ""score"": 0.04}], ""sentiment_categories"": {""neutral"": 89, ""negative"": 1, ""positive"": 8, ""veryNegative"": 0, ""veryPositive"": 2}, ""interaction_plan_name"": null}",timeline
5bdb0e39-48a1-5a58-b09b-016943c9e32b,2026-08-19T14:19:54,2026-08-19T14:19:54,2026-08-19T14:20:50.428188,2026-08-19T14:28:43.373868,2026-08-19T14:19:54,eae529490b8a9249732a5f6c,62f5983dc16e960008f98101,678512f9af8dc40008666522,Communications,SMS,Inbound,No lost signal,"{""name"": ""SM-007386671"", ""source"": ""SMS-Magic"", ""lead_id"": ""00QVL000007LwOL2A0"", ""origin_id"": ""a4jVL00000LptsnYAB"", ""sms_status"": ""SUBMITTED"", ""object_type"": null, ""sender_role"": ""Client"", ""root_case_id"": null, ""template_name"": null, ""ext_user_phone"": ""+19415552093"", ""int_user_phone"": ""+19415557227"", ""recipient_role"": ""Admin"", ""conversation_id"": ""a3jVL00000G8z57YAB"", ""origin_platform"": ""Salesforce"", ""original_direction"": ""Inbound""}",timeline
a651dec2-a2d9-5bdb-99b9-25961edfcd18,2026-08-19T14:11:52.723000,2026-08-19T14:23:17.514000,2026-09-06T03:54:33.218808,2026-09-06T04:27:17.126666,2026-08-19T14:23:17.514000,eae529490b8a9249732a5f6c,,678512f9af8dc40008666522,Qualifications Engine,Qualification Session,,"[{""bucket"" : ""Basic Info"", ""questions"" : [{""question_key"" : ""basic_info.first_name"", ""question_text"" : ""What's your legal first name?"", ""answer"" : ""Idris"", ""answer_source"" : ""user""}, {""question_key"" : ""basic_info.last_name"", ""question_text"" : ""What's your last name?"", ""answer"" : ""Sorlie"", ""answer_source"" : ""user""}, {""question_key"" : ""basic_info.state_code"", ""question_text"" : ""What state do you currently live in?"", ""answer"" : ""FL"", ""answer_source"" : ""funnel""}, {""question_key"" : ""basic_info.county"", ""question_text"" : ""What county is that in?"", ""answer"" : ""sarasota county"", ""answer_source"" : ""funnel""}, {""question_key"" : ""basic_info.phone"", ""question_text"" : ""What's the best phone number to reach you at?"", ""answer"" : ""+19415552093"", ""answer_source"" : ""user""}, {""question_key"" : ""basic_info.email"", ""question_text"" : ""What email address should we use for you? Please spell it out."", ""answer"" : ""idrissorlie41180@yahoo.com"", ""answer_source"" : ""user""}, {""question_key"" : ""basic_info.permission_to_contact"", ""question_text"" : ""Do we have permission to contact you via SMS or email?"", ""answer"" : ""true"", ""answer_source"" : ""funnel""}, {""question_key"" : ""basic_info.practice"", ""question_text"" : ""What area of law does your situation involve?"", ""answer"" : ""Family"", ""answer_source"" : ""funnel""}, {""question_key"" : ""basic_info.sub_practice"", ""question_text"" : ""And specifically, are you looking to start a case, respond to one that's been filed, or make changes to an existing court order?"", ""answer"" : ""divorce"", ""answer_source"" : ""funnel""}, {""question_key"" : ""basic_info.areas_of_expertise"", ""question_text"" : ""Areas of expertise"", ""answer"" : ""[\""Divorce\""]"", ""answer_source"" : ""booster""}, {""question_key"" : ""basic_info.case_overview"", ""question_text"" : ""Can you tell me a little about what's brought you here today? Is this about a divorce, child custody, child support, or something else?"", ""answer"" : ""Idris Sorlie called Marble Law seeking help to initiate a divorce case to be filed in Sarasota County, Florida. He provided details about his marriage, his adopted son, and ongoing child support payments. The call ended with the agent transferring Idris to a team member for further assistance with an Express Petition.\nPC wants to initiate a divorce - PC wants to start it \nStill married but separated \nMarried for 3 or 4 years \none adopted son \nno shared assets - other than car that PC has co-signed, no bank accounts \nNo longer living together \nPC has discussed divorce with OP \nPC trying to protect himself right now - wants to file first \nGoals: want a clean break, and that is final divorce \nPC is paying child support \nmay be uncontested (possible to reach an agreement) \n"", ""answer_source"" : ""voice_ai""}, {""question_key"" : ""basic_info.minor_children"", ""question_text"" : ""Do you have any children under 18 with the other party in your legal matter?"", ""answer"" : ""true"", ""answer_source"" : ""funnel""}, {""question_key"" : ""basic_info.op_first_name"", ""question_text"" : ""Opposing party's first name"", ""answer"" : ""Nadia"", ""answer_source"" : ""booster""}, {""question_key"" : ""basic_info.op_last_name"", ""question_text"" : ""Opposing party's last name"", ""answer"" : ""Sorlie"", ""answer_source"" : ""booster""}, {""question_key"" : ""basic_info.op_phone"", ""question_text"" : ""Opposing party's phone"", ""answer"" : ""+19415555485"", ""answer_source"" : ""booster""}, {""question_key"" : ""basic_info.op_email"", ""question_text"" : ""Opposing party's email"", ""answer"" : null, ""answer_source"" : null}]}, {""bucket"" : ""Defining case types"", ""questions"" : [{""question_key"" : ""routing.married"", ""question_text"" : ""Are you and the other party in your legal matter currently married?"", ""answer"" : ""true"", ""answer_source"" : ""booster""}, {""question_key"" : ""routing.role"", ""question_text"" : ""In your case, are you the one who wants to initiate legal proceedings, or are you responding to papers filed or action taken against you?"", ""answer"" : ""Initiating"", ""answer_source"" : ""booster""}, {""question_key"" : ""routing.has_custody_orders"", ""question_text"" : ""Has a judge ever made a formal decision about child custody or child support in your case?"", ""answer"" : ""true"", ""answer_source"" : ""booster""}]}, {""bucket"" : ""Jurisdiction"", ""questions"" : [{""question_key"" : ""jurisdiction.children_state_residency"", ""question_text"" : ""Have your children been living in {state} for the past 6 months?"", ""answer"" : ""true"", ""answer_source"" : ""funnel""}, {""question_key"" : ""jurisdiction.child_birth_state"", ""question_text"" : ""Where was the youngest child born?"", ""answer"" : ""FL"", ""answer_source"" : ""booster""}]}, {""bucket"" : ""AP Qualification"", ""questions"" : [{""question_key"" : ""ap_qualification.spouse_in_usa"", ""question_text"" : ""Is the other party currently living in the United States?"", ""answer"" : ""true"", ""answer_source"" : ""booster""}, {""question_key"" : ""ap_qualification.petition_filed"", ""question_text"" : ""Has a petition already been filed with the court? Either by you or the other party?"", ""answer"" : ""false"", ""answer_source"" : ""booster""}, {""question_key"" : ""ap_qualification.open_legal_cases"", ""question_text"" : ""Are there any open legal cases involving any party in your case?"", ""answer"" : ""false"", ""answer_source"" : ""booster""}, {""question_key"" : ""ap_qualification.verbal_agreement"", ""question_text"" : ""Do you think it's possible you and your spouse could reach an agreement about the terms of your divorce through conversation? Whether directly or with the help of an attorney?"", ""answer"" : ""false"", ""answer_source"" : ""booster""}, {""question_key"" : ""ap_qualification.temp_orders"", ""question_text"" : ""Are you looking for any immediate temporary protections — like custody, housing, or financial support?"", ""answer"" : ""false"", ""answer_source"" : ""booster""}, {""question_key"" : ""ap_qualification.emergency_order"", ""question_text"" : ""Are there extreme circumstances where you'd need an emergency order from the court, and do you have readily available proof?"", ""answer"" : ""false"", ""answer_source"" : ""booster""}]}]","{""origin_id"": 57689, ""selected_ap"": ""divorce_ap"", ""ap_qualified"": true, ""cp_qualified"": null, ""current_bucket"": ""Service Selection"", ""ap_qualified_at"": ""2026-08-19T14:23:17.513+00:00"", ""cp_qualified_at"": null, ""current_channel"": ""booster"", ""origin_platform"": ""Vinny"", ""case_jurisdiction"": ""FL"", ""session_created_at"": ""2026-08-19T14:11:52.723159"", ""session_updated_at"": ""2026-08-19T14:23:17.513966"", ""selected_service_code"": ""04-01-01-0X"", ""ap_disqualification_details"": null, ""cp_disqualification_details"": null}",timeline
8240e058-1a5d-5967-a03d-be68cfda95b4,2026-08-19T14:24:03,2026-08-19T14:24:03,2026-08-19T14:26:50.438604,2026-08-19T14:28:43.373868,2026-08-19T14:24:03,eae529490b8a9249732a5f6c,651a932d33d6ea8c49af1749,678512f9af8dc40008666522,Communications,SMS,Outbound,"Hi Idris,\nHere’s a link to Marble’s introduction page:\nhttps://www.marble.co/marble-introduction/family-ep/fl/dana\nI’ll guide you through it as we discuss your case","{""name"": ""SM-007386721"", ""source"": ""SMS-Magic"", ""lead_id"": ""00QVL000007LwOL2A0"", ""origin_id"": ""a4jVL00000LpuqTYAR"", ""sms_status"": ""DELIVERED"", ""object_type"": null, ""sender_role"": ""Admin"", ""root_case_id"": null, ""template_name"": ""ExPe FL"", ""ext_user_phone"": ""+19415552093"", ""int_user_phone"": ""+18722042618"", ""recipient_role"": ""Client"", ""conversation_id"": ""a3jVL00000G8zl3YAB"", ""origin_platform"": ""Salesforce"", ""original_direction"": ""Outbound""}",timeline
791e0e13-b95c-56c8-8131-fc15f7c8697e,2026-08-19T14:28:30,2026-08-19T14:28:30,2026-08-19T14:32:58.482653,2026-08-19T14:32:58.482653,2026-08-19T14:28:30,eae529490b8a9249732a5f6c,6a488760fee0ba9d0727a703,678512f9af8dc40008666522,Opportunity,Opportunity_Update,,Opportunity created: Post LSS - Actively Selling,"{""status"": ""Financing - Approved"", ""is_exep"": true, ""origin_id"": ""006VL00000bVNflYAG"", ""owner_name"": ""Ari Beaumont"", ""stage_name"": ""Post LSS - Actively Selling"", ""intake_notes"": ""Case Type: divorce\nName: Idris Sorlie\nPetitioner or Respondent: Petitioner\nOpposing Party: Nadia Sorlie\nAssets: \nChildren: Anders - 5 years old\nNumber Of Children: 1\nCase Number: \nCase Overview: Idris Sorlie called Marble Law seeking help to initiate a divorce case to be filed in Sarasota County, Florida. He provided details about his marriage, his adopted son, and ongoing child support payments. The call ended with the agent transferring Idris to a team member for further assistance with an Express Petition.\nPC wants to initiate a divorce - PC wants to start it \nStill married but separated \nMarried for 3 or 4 years \none adopted son \nno shared assets - other than car that PC has co-signed, no bank accounts \nNo longer living together \nPC has discussed divorce with OP \nPC trying to protect himself right now - wants to file first \nGoals: want a clean break, and that is final divorce \nPC is paying child support \nmay be uncontested (possible to reach an agreement)\nKey Dates: \nHearing/Trial/Mediation scheduled? No"", ""is_direct_lss"": false, ""origin_platform"": ""Salesforce"", ""funnel_parameters"": {""date"": ""2024-05-17"", ""email"": ""idrissorlie41180@yahoo.com"", ""phone"": ""941-555-2093"", ""state"": ""florida"", ""county"": ""Hillsborough County"", ""zipCode"": ""33598"", ""lastname"": ""Sorlie "", ""moreInfo"": ""I wanna just get a divorce it’s not working out and it’s due to financial reasons."", ""practice"": ""family"", ""timezone"": ""EDT"", ""firstname"": ""Idris "", ""caseUrgency"": ""Yes, right away"", ""serviceType"": ""I'm looking to initiate a divorce"", ""subPractice"": ""divorce"", ""eventStartTime"": ""2024-05-17T22:00:00.000Z"", ""stateDisplayText"": ""Florida""}}",timeline
3f756ecf-5d3f-5be9-bb5e-037ad9804133,2026-08-19T14:28:42.466000,2026-08-19T14:28:42.466000,2026-08-19T14:28:43.373868,2026-08-19T14:28:43.373868,2026-08-19T14:28:42.466000,eae529490b8a9249732a5f6c,,678512f9af8dc40008666522,Case,Status_Change,,Action: Case pending,"{""status"": ""pending"", ""sub_status"": null, ""intake_notes"": null, ""case_start_date"": null, ""origin_platform"": ""MongoDB"", ""previous_status"": null, ""previous_sub_status"": null}",timeline
7433a0f9-a20c-5278-9a22-8cebf77a432b,2026-08-19T14:28:44.372000,2026-08-19T14:28:44.372000,2026-08-19T14:28:45.305753,2026-08-19T14:28:45.305753,2026-08-19T14:28:44.372000,eae529490b8a9249732a5f6c,6a3187a5f7fb6411ce26dc3d,678512f9af8dc40008666522,Service,Status_Change,,Service Name: Marble Petition for Dissolution of Marriage\nAction: Service created,"{""service_id"": ""6a85bd9c9a7da49167ff53af"", ""service_name"": ""Marble Petition for Dissolution of Marriage"", ""status_action"": ""Service created"", ""service_status"": ""pending"", ""origin_platform"": ""MongoDB"", ""service_type_id"": ""69272dfbe62a4c8be37e7cef"", ""service_type_name"": ""Marble Petition for Dissolution of Marriage"", ""is_express_service"": true, ""service_created_date"": ""2026-08-19 14:28:44.372+00""}",timeline
e00fbfaf-9f71-5656-89e5-cd70795ad662,2026-08-19T14:31:01,2026-08-19T14:31:01,2026-08-19T14:34:20.520478,2026-08-19T14:34:20.520478,2026-08-19T14:31:01,eae529490b8a9249732a5f6c,62ce880e458eab000841a339,678512f9af8dc40008666522,Communications,SMS,Outbound,Hi Idris. Click here to see your recommended services and pricing options with Marble:   https://customers.themarbleway.com/checkout,"{""name"": ""SM-007386845"", ""source"": ""SMS-Magic"", ""lead_id"": null, ""origin_id"": ""a4jVL00000LpwQrYAJ"", ""sms_status"": ""DELIVERED"", ""object_type"": null, ""sender_role"": ""Admin"", ""root_case_id"": ""eae529490b8a9249732a5f6c"", ""template_name"": ""NB - Post LSS Experience - SMS"", ""ext_user_phone"": ""+19415552093"", ""int_user_phone"": ""+16193535581"", ""recipient_role"": ""Client"", ""conversation_id"": ""a3jVL00000G8wqQYAR"", ""origin_platform"": ""Salesforce"", ""original_direction"": ""Outbound""}",timeline
dffc0e36-81b2-548e-987e-e265e4533fa9,2026-08-19T14:31:50,2026-08-19T14:31:50,2026-08-19T21:52:07.221247,2026-08-19T21:52:07.221247,2026-08-19T14:31:50,eae529490b8a9249732a5f6c,,678512f9af8dc40008666522,Communications,SMS,Outbound,"Hi Idris, Marble here. How is your Marble experience been so far? Reply 1-5 (1=Not satisfied, 5=Great).\n\nReply with your rating (number) only. A follow-up message will gather specific feedback.","{""provider"": ""Twilio"", ""to_phone"": ""+19415552093"", ""canvas_id"": null, ""origin_id"": ""6a85be56b799b0f0165dce234e0232de"", ""canvas_name"": null, ""sender_role"": ""System"", ""braze_user_id"": ""6785130dd4bf546543005663"", ""canvas_step_id"": null, ""recipient_role"": ""Client"", ""origin_platform"": ""braze"", ""canvas_step_name"": null, ""subscription_group"": ""5791d911-1294-4c66-b828-83ab545fccf4"", ""canvas_variation_id"": null, ""message_variation_id"": ""fd3b6400-a016-4c9f-9605-710ee1ea25f4""}",timeline
7fe2e2bc-686e-5a1e-94f6-1dcc96199d9a,2026-08-19T14:40:46,2026-08-19T14:40:46,2026-08-19T14:43:21.459036,2026-08-19T14:43:21.459036,2026-08-19T14:40:46,eae529490b8a9249732a5f6c,62f5983dc16e960008f98101,678512f9af8dc40008666522,Communications,SMS,Outbound,https://customers.marble.co/financing-offer?provider=CLARITYPAY&accountId=001VL00001020Y5YAI&opportunityId=006VL00000bVNflYAG&accountFirstName=Idris&agentId=005VL000009mkLBYAY&flow=self-serve-new&agentLink=true,"{""name"": ""SM-007386951"", ""source"": ""SMS-Magic"", ""lead_id"": null, ""origin_id"": ""a4jVL00000LpnygYAB"", ""sms_status"": ""DELIVERED"", ""object_type"": null, ""sender_role"": ""Admin"", ""root_case_id"": ""eae529490b8a9249732a5f6c"", ""template_name"": null, ""ext_user_phone"": ""+19415552093"", ""int_user_phone"": ""+19415557227"", ""recipient_role"": ""Client"", ""conversation_id"": ""a3jVL00000G92HVYAZ"", ""origin_platform"": ""Salesforce"", ""original_direction"": ""Outbound""}",timeline
2a6f7539-0a0a-50c8-9de3-a7429ebc7f68,2026-08-19T14:57:30.612000,2026-08-19T14:57:30.612000,2026-09-06T08:15:27.909426,2026-09-06T08:15:27.909426,2026-08-19T14:57:30.628000,eae529490b8a9249732a5f6c,,678512f9af8dc40008666522,Finance,Payment,,Activity: Payment\nAmount(cents): 255000,"{""event"": {""id"": ""01M0D7E9T7APYR3EMPFA07ENWW"", ""provider"": ""claritypay"", ""servicer"": ""third_party"", ""createdAt"": ""2026-08-19T14:41:23.692Z"", ""customerId"": ""6a85bd9b548a2866b3c46449"", ""externalId"": ""01M0D7E9T7APYR3EMPFA07ENWW"", ""subsidiary"": ""marble"", ""description"": ""Transaction for loan ID 6a85c093c3e627d82cb54e16 from lender claritypay"", ""paymentType"": ""thirdparty"", ""amountInCents"": 255000, ""effectiveDate"": ""2026-08-19T14:57:30.612Z"", ""opportunityId"": ""006VL00000bVNflYAG"", ""externalUserId"": ""001VL00001020Y5YAI"", ""transactionType"": ""payment""}, ""status"": ""success"", ""event_id"": ""ff8958bb6913aff81d1e6dbf08f7ad77f8e09ed1"", ""origin_id"": ""6a85c45ac3e627d82cb54ed0"", ""created_at"": ""2026-08-19 14:57:30.616+00"", ""origin_platform"": ""MongoDB""}",timeline
7f54af46-8368-5ca7-ad76-7fc62edac312,2026-08-19T14:58:16.168000,2026-08-19T14:58:16.168000,2026-08-19T14:58:17.290878,2026-08-19T14:58:17.290878,2026-08-19T14:58:16.194000,eae529490b8a9249732a5f6c,,678512f9af8dc40008666522,Communications,Email,Outbound,"\n Marble\n\n**************************\nSign your Marble Agreement\n\n**************************\n\nTo officially get started with your case, we need your\nsignature.\n\nThe next step is to review and sign your Marble Agreement so we\ncan start representing you and move you forward.\n\nReview and sign now (\nhttps://link.marble.co/468hIZB )       If you have any\nquestions, email us at: hello@themarbleway.com.\n\nMarble Help Center \n( https://helpcenter.marble.co/help-center/s/?utm_source=email","{""source"": ""braze"", ""flow_name"": ""C2 - Marble Agreement Signing Request"", ""origin_id"": ""6a85c4881d72c487cb26586e"", ""source_key"": null, ""sender_role"": ""System"", ""ext_user_email"": ""idris.so1433@client.marble.co"", ""int_user_email"": null, ""recipient_role"": ""Client"", ""origin_platform"": ""MongoDB""}",timeline
7c41d95f-f9c7-5804-97d5-7bf30628fbfe,2026-08-19T14:58:20,2026-08-19T14:58:20,2026-08-19T21:52:11.318244,2026-08-19T21:52:11.318244,2026-08-19T14:58:20,eae529490b8a9249732a5f6c,,678512f9af8dc40008666522,Communications,SMS,Outbound,"Hi Idris, Marble here. Your agreement is ready for signature. To review and sign, click here: https://sms.marble.co/FXxauoIl","{""provider"": ""Twilio"", ""to_phone"": ""+19415552093"", ""canvas_id"": null, ""origin_id"": ""6a85c48a08cef98de0650d53a1f4f8fe"", ""canvas_name"": null, ""sender_role"": ""System"", ""braze_user_id"": ""6785130dd4bf546543005663"", ""canvas_step_id"": null, ""recipient_role"": ""Client"", ""origin_platform"": ""braze"", ""canvas_step_name"": null, ""subscription_group"": ""5791d911-1294-4c66-b828-83ab545fccf4"", ""canvas_variation_id"": null, ""message_variation_id"": ""9b9bed67-c9d7-4d73-b8d8-e184d8ad2023""}",timeline
c9055d41-83a8-5455-8a2a-78f1075a49dc,2026-08-19T14:59:54.432000,2026-08-19T14:59:54.432000,2026-08-19T14:59:55.357676,2026-08-19T14:59:55.357676,2026-08-19T14:59:54.433000,eae529490b8a9249732a5f6c,6a3187a5f7fb6411ce26dc3d,678512f9af8dc40008666522,Communications,Email,Outbound,"Subject: Welcome to Marble\nBody: Hi [Client_name],\n\nI'm happy that you chose Marble to help you through this critical matter. I'm looking forward to getting started on your case, and feel confident that we can achieve the best possible outcome.\n \n What to expect next\n I've provided a list of information I'll need from you to get your case started. Once received, I'll begin the drafting process and review it with you in our next meeting.\n\nTiming for cases like this can be hard to predict due to courts, response wait times, and other factors, so we'll want to gather all the necessary items as soon as possible to get your case moving immediately.\n \n What I'll need from you\n To get your case moving, I'll need you to complete some important items before we meet again. Please log in to your Marble Home to:\n\n- Schedule our kickoff call\n- Complete your intake form\n- Upload required documents\n \n \n What we'll cover in the case kickoff call\n After you provide the required documents and intake form, you'll schedule a case kickoff call. As soon as we receive your information, we start working on your case: reviewing details, gathering background, and preparing drafts where possible. This way by the time we meet, most of the review is already done and we can focus the call on confirming details, answering any final questions, and laying out next steps. The goal is to keep your case moving forward smoothly and efficiently.\n \n How we'll stay in touch\n I will likely not be available for ad-hoc calls as much of my time is spent in court, but you'll get regular updates about your specific case progress from the Marble Assistant in Marble Home.\n\nAs your case develops, I'll schedule necessary calls when it's time to walk through important updates or make decisions together. I encourage you to take advantage of all of Marble's resources to get ongoing questions answered in between scheduled calls.\n\nYou can always get help using the Marble Assistant for anything from case and administrative questions to tech challenges. If you have an urgent legal question, you can reach out to me and I'll get back to you as soon as I can.\n My main method of communication with clients is email, so please be sure to use this email address when trying to reach me: dana.wh9273@cocounsel.marble.co\n \n A quick recap of our agreed upon services\n As a reminder, Marble works on a pay-per-step model. This means we take your case one step at a time, and each step comes at a fixed price. My role will focus on the specific services defined in your current contract. Should there be any additional legal work required in the future, we’ll discuss additional services at that time.\n\nThe services we’re starting with are:\n\n- Marble Petition for Dissolution of Marriage\n\nIf you need a reminder of what’s included in each service and general timelines, go to your Case Overview page in your Marble Home.\n \n Please know that your matter is important and I'm here to assist. Let me know if you have any questions about the points above. I'm looking forward to helping you move forward.\n\nBest,\nDana Whitfield\nMarble Co-counsel\n \n This email and any attachments are confidential and may be protected by attorney-client privilege, constitute attorney work product, and/or otherwise be exempt from disclosure under applicable law. If you are not the intended recipient, you are hereby notified that any use, dissemination, or copying of this email is strictly prohibited. If you have received this email in error, please immediately notify the sender by replying to this email, then delete the email and reply from your system. Nothing in this message should be interpreted as a digital signature capable of authenticating a contract or other legal document.\n","{""source"": ""proxy"", ""smtp_id"": null, ""subject"": ""Welcome to Marble"", ""origin_id"": ""6a85c4ead2bad9abaa69ed08"", ""from_email"": ""dana.wh9273@cocounsel.marble.co"", ""recipients"": [""idris.so1433@client.marble.co""], ""source_key"": ""83a0d186-530d-4eae-b17a-ca959708a8b7"", ""attachments"": [], ""sender_role"": ""Attorney"", ""carbon_copies"": [], ""recipient_role"": ""Client"", ""sender_user_id"": ""6a3187a5f7fb6411ce26dc3f"", ""origin_platform"": ""MongoDB"", ""recipient_email"": ""idris.so1433@client.marble.co"", ""email_message_id"": null, ""recipient_user_id"": ""678512feaf8dc40008666581"", ""is_delivery_failed"": false, ""references_message_ids"": null, ""reply_to_email_message_id"": null}",timeline
567bf0de-3c4c-50f3-af49-045af6468dc5,2026-08-19T14:59:55.809000,2026-08-19T14:59:55.809000,2026-08-19T14:59:57.300254,2026-08-19T15:00:10.307664,2026-08-19T14:59:56.882000,eae529490b8a9249732a5f6c,,678512f9af8dc40008666522,Communications,Email,Outbound,Subject: Welcome to Marble\nBody: \n,"{""source"": ""proxy"", ""smtp_id"": ""<aVbZucopS0y5EA2JSUSSjA@geopod-ismtpd-108>"", ""subject"": ""Welcome to Marble"", ""origin_id"": ""6a85c4ecabf342c80c8aba6e"", ""from_email"": ""dana.wh9273@cocounsel.marble.co"", ""recipients"": [""idris.so1433@client.marble.co""], ""source_key"": ""cdba58c3-6d85-450b-b911-07250687aa26"", ""attachments"": [], ""sender_role"": ""System"", ""carbon_copies"": [], ""recipient_role"": ""Client"", ""sender_user_id"": null, ""origin_platform"": ""MongoDB"", ""recipient_email"": ""idris.so1433@client.marble.co"", ""email_message_id"": ""<U55RJRCpRGyp3hmEcSHxWg@geopod-ismtpd-75>"", ""recipient_user_id"": ""678512feaf8dc40008666581"", ""is_delivery_failed"": false, ""references_message_ids"": null, ""reply_to_email_message_id"": null}",timeline
dc3e9356-996e-5ac2-a370-d7248c952130,2026-08-19T15:01:34.352000,2026-08-19T15:01:34.352000,2026-08-19T15:01:35.335338,2026-08-19T15:01:35.335338,2026-08-19T15:01:34.352000,eae529490b8a9249732a5f6c,,678512f9af8dc40008666522,Documents,Document_Upload,,Document: Uploaded\nFile name: Idris Sorlie - Family Law Marble Agreement\nSummary: ,"{""labels"": [], ""s3_key"": ""documents/678512f9af8dc40008666522/f097c8b6-3339-462d-8a62-e80341a48313"", ""source"": ""PACTSAFE"", ""summary"": null, ""ai_flags"": [], ""file_name"": ""Idris Sorlie - Family Law Marble Agreement"", ""file_size"": 119749, ""origin_id"": ""6a85c54eb9415698765e4d1c"", ""is_duplicate"": false, ""source_param"": null, ""who_uploaded"": ""External user"", ""document_name"": ""Marble Agreement"", ""classification"": null, ""s3_upload_date"": ""2026-08-19 15:01:34.352+00"", ""origin_platform"": ""MongoDB"", ""document_type_id"": ""651d69498e65aa00083ce79f"", ""extended_summary"": null, ""thumbnail_s3_key"": null, ""document_category"": ""Marble Agreement"", ""sub_classification"": null, ""customer_visibility"": true, ""document_description"": ""Marble Agreement"", ""thumbnail_created_at"": null, ""document_display_name"": ""Marble Agreement"", ""document_how_to_obtain"": ""Marble Agreement"", ""unified_document_merge_status"": null, ""document_importance_description"": ""Marble Agreement""}",timeline
f62970c5-67a5-55fd-8f20-658b4aa4fcb4,2026-08-19T15:02:07,2026-08-19T15:02:07,2026-08-19T15:04:21.556747,2026-08-19T15:04:21.556747,2026-08-19T15:02:07,eae529490b8a9249732a5f6c,62f5983dc16e960008f98101,678512f9af8dc40008666522,Communications,SMS,Outbound,Welcome to Marble! Click the link below for helpful information on managing your case with Marble! Your next step Since you took care of payment will be to Schedule a Case Kickoff Call with the Attorney in Your Marble Portal!\n\nhttps://customers.marble.co/login?targetUrl=%252Fhome%253F\n\nHere is a helpful Marble article that explains how Marble Law works and how you can best manage your case with Marble!\n\nhttps://helpcenter.marble.co/help-center/s/article/Best-way-you-and-Marble-work-together\n\nMarble Client Support Specialist: 866-228-5777\n\nBest of luck,"{""name"": ""SM-007387768"", ""source"": ""SMS-Magic"", ""lead_id"": null, ""origin_id"": ""a4jVL00000Lq0j0YAB"", ""sms_status"": ""DELIVERED"", ""object_type"": null, ""sender_role"": ""Admin"", ""root_case_id"": ""eae529490b8a9249732a5f6c"", ""template_name"": null, ""ext_user_phone"": ""+19415552093"", ""int_user_phone"": ""+19415557227"", ""recipient_role"": ""Client"", ""conversation_id"": ""a3jVL00000G92HVYAZ"", ""origin_platform"": ""Salesforce"", ""original_direction"": ""Outbound""}",timeline
aaceb47e-3a2a-5c1f-9d93-3933df3bf2f7,2026-08-19T15:06:15,2026-08-19T15:06:15,2026-08-19T15:08:51.455262,2026-08-19T15:08:51.455262,2026-08-19T15:06:15,eae529490b8a9249732a5f6c,62f5983dc16e960008f98101,678512f9af8dc40008666522,Communications,SMS,Outbound,Ari Marble Law\nOnboarding & Finance Manager\n1-941-555-7227,"{""name"": ""SM-007387845"", ""source"": ""SMS-Magic"", ""lead_id"": null, ""origin_id"": ""a4jVL00000Lq30xYAB"", ""sms_status"": ""DELIVERED"", ""object_type"": null, ""sender_role"": ""Admin"", ""root_case_id"": ""eae529490b8a9249732a5f6c"", ""template_name"": null, ""ext_user_phone"": ""+19415552093"", ""int_user_phone"": ""+19415557227"", ""recipient_role"": ""Client"", ""conversation_id"": ""a3jVL00000G92HVYAZ"", ""origin_platform"": ""Salesforce"", ""original_direction"": ""Outbound""}",timeline
583772ac-c510-5ee9-a29f-a8a8791817ff,2026-08-19T15:09:42,2026-08-19T15:09:42,2026-08-19T15:10:45.880632,2026-08-19T15:10:45.880632,2026-08-19T15:09:42,eae529490b8a9249732a5f6c,6a488760fee0ba9d0727a703,678512f9af8dc40008666522,Opportunity,Opportunity_Update,,Stage changed from Post LSS - Actively Selling to Closed Won,"{""is_won"": true, ""status"": null, ""is_exep"": true, ""is_closed"": true, ""origin_id"": ""006VL00000bVNflYAG"", ""owner_name"": ""Ari Beaumont"", ""stage_name"": ""Closed Won"", ""is_direct_lss"": false, ""origin_platform"": ""Salesforce""}",timeline
d2860676-0319-54e1-90a4-39321b90c7ae,2026-08-19T15:09:44.517000,2026-08-19T15:09:44.517000,2026-08-19T15:09:45.482085,2026-08-19T15:09:45.482085,2026-08-19T15:09:44.517000,eae529490b8a9249732a5f6c,,678512f9af8dc40008666522,Case,Intake notes update,,"Case Type: divorce\nName: Idris Sorlie\nPetitioner or Respondent: Petitioner\nOpposing Party: Nadia Sorlie\nAssets: \nChildren: Anders - 5 years old\nNumber Of Children: 1\nCase Number: \nCase Overview: Idris Sorlie called Marble Law seeking help to initiate a divorce case to be filed in Sarasota County, Florida. He provided details about his marriage, his adopted son, and ongoing child support payments. The call ended with the agent transferring Idris to a team member for further assistance with an Express Petition.\nPC wants to initiate a divorce - PC wants to start it \nStill married but separated \nMarried for 3 or 4 years \none adopted son \nno shared assets - other than car that PC has co-signed, no bank accounts \nNo longer living together \nPC has discussed divorce with OP \nPC trying to protect himself right now - wants to file first \nGoals: want a clean break, and that is final divorce \nPC is paying child support \nmay be uncontested (possible to reach an agreement)\nKey Dates: \nHearing/Trial/Mediation scheduled? No","{""intake_notes"": ""Case Type: divorce\nName: Idris Sorlie\nPetitioner or Respondent: Petitioner\nOpposing Party: Nadia Sorlie\nAssets: \nChildren: Anders - 5 years old\nNumber Of Children: 1\nCase Number: \nCase Overview: Idris Sorlie called Marble Law seeking help to initiate a divorce case to be filed in Sarasota County, Florida. He provided details about his marriage, his adopted son, and ongoing child support payments. The call ended with the agent transferring Idris to a team member for further assistance with an Express Petition.\nPC wants to initiate a divorce - PC wants to start it \nStill married but separated \nMarried for 3 or 4 years \none adopted son \nno shared assets - other than car that PC has co-signed, no bank accounts \nNo longer living together \nPC has discussed divorce with OP \nPC trying to protect himself right now - wants to file first \nGoals: want a clean break, and that is final divorce \nPC is paying child support \nmay be uncontested (possible to reach an agreement)\nKey Dates: \nHearing/Trial/Mediation scheduled? No"", ""origin_platform"": ""MongoDB""}",timeline
d8fd9f29-2162-5a35-bf50-6b247a8a4fbc,2026-08-19T15:09:44.547000,2026-08-19T15:09:44.547000,2026-08-19T15:09:45.482085,2026-08-19T15:09:45.482085,2026-08-19T15:09:44.547000,eae529490b8a9249732a5f6c,668d51df8a63d40008c63c34,678512f9af8dc40008666522,Case Update,General,,Signed Marble agreement,"{""source"": ""SYSTEM"", ""origin_id"": ""6a85c738a3fcc4f227fd8c80"", ""waiting_for"": ""ATTORNEY"", ""content_header"": null, ""created_by_role"": ""Admin"", ""origin_platform"": ""MongoDB"", ""related_milestone_id"": null, ""is_externally_visible"": null}",timeline
a61ccf18-3de5-524d-afda-60398f0c58ac,2026-08-19T15:09:44.577000,2026-08-19T15:09:44.577000,2026-08-19T15:09:45.482085,2026-08-19T15:09:45.482085,2026-08-19T15:09:44.577000,eae529490b8a9249732a5f6c,6a3187a5f7fb6411ce26dc3d,678512f9af8dc40008666522,Service,Status_Change,,Service Name: Marble Petition for Dissolution of Marriage\nAction: Service added to case,"{""service_id"": ""6a85bd9c9a7da49167ff53af"", ""service_name"": ""Marble Petition for Dissolution of Marriage"", ""status_action"": ""Service added to case"", ""service_status"": ""open"", ""origin_platform"": ""MongoDB"", ""service_type_id"": ""69272dfbe62a4c8be37e7cef"", ""service_type_name"": ""Marble Petition for Dissolution of Marriage"", ""is_express_service"": true, ""service_created_date"": ""2026-08-19 14:28:44.372+00""}",timeline
d955be7a-bfd0-5023-977f-3a01f7f55d29,2026-08-19T15:09:44.726000,2026-08-19T15:09:44.726000,2026-08-19T15:09:45.482085,2026-08-19T15:09:45.482085,2026-08-19T15:09:44.726000,eae529490b8a9249732a5f6c,6a3187a5f7fb6411ce26dc3d,678512f9af8dc40008666522,Data Requests,Express service,,Express service data request: Pending,"{""tags"": [""69272dfbe62a4c8be37e7cef"", ""EXPRESS_6a85bd9c9a7da49167ff53af"", ""requiredDocuments""], ""status"": ""Pending"", ""creator_id"": ""6a3187a5f7fb6411ce26dc3f"", ""service_id"": ""6a85bd9c9a7da49167ff53af"", ""creator_type"": ""AUTOMATIC"", ""data_request_id"": ""6a85c7381a3079c7a53751b0"", ""origin_platform"": ""MongoDB"", ""service_type_id"": ""69272dfbe62a4c8be37e7cef"", ""service_type_name"": ""Marble Petition for Dissolution of Marriage"", ""request_created_at"": ""2026-08-19 15:09:44.726+00"", ""creator_description"": ""Express service system"", ""documents_requested_ids"": [""64e35eaf469ef10008808e31""], ""data_request_description"": ""Express service data request"", ""documents_requested_name"": [""Driver's License""]}",timeline
2f887818-0959-52f8-8dff-e9f6bc814169,2026-08-19T15:09:44.730000,2026-08-19T15:09:44.730000,2026-08-19T15:09:45.482085,2026-08-19T15:09:45.482085,2026-08-19T15:09:44.730000,eae529490b8a9249732a5f6c,6a3187a5f7fb6411ce26dc3d,678512f9af8dc40008666522,Data Requests,Express service,,Express service data request: Pending,"{""tags"": [""69272dfbe62a4c8be37e7cef"", ""EXPRESS_6a85bd9c9a7da49167ff53af"", ""requiredDocuments""], ""status"": ""Pending"", ""creator_id"": ""6a3187a5f7fb6411ce26dc3f"", ""service_id"": ""6a85bd9c9a7da49167ff53af"", ""creator_type"": ""AUTOMATIC"", ""data_request_id"": ""6a85c7381a3079c7a53751b2"", ""origin_platform"": ""MongoDB"", ""service_type_id"": ""69272dfbe62a4c8be37e7cef"", ""service_type_name"": ""Marble Petition for Dissolution of Marriage"", ""request_created_at"": ""2026-08-19 15:09:44.73+00"", ""creator_description"": ""Express service system"", ""documents_requested_ids"": [""69883fc0da11e9c2e4d0ae1c""], ""data_request_description"": ""Express service data request"", ""documents_requested_name"": [""Proof of current income""]}",timeline
2d2baeb9-13a5-513b-b94c-b18d786c0296,2026-08-19T15:09:44.775000,2026-08-19T15:09:44.775000,2026-08-19T15:09:45.482085,2026-08-19T15:09:45.482085,2026-08-19T15:09:44.775000,eae529490b8a9249732a5f6c,,678512f9af8dc40008666522,Data Requests,Drafts,,Drafts data request: Pending,"{""tags"": [""6a85bd9c9a7da49167ff53af"", ""drafts""], ""status"": ""Pending"", ""creator_id"": null, ""service_id"": ""6a85bd9c9a7da49167ff53af"", ""creator_type"": ""AUTOMATIC"", ""data_request_id"": ""6a85c7383f1b9b7f8bcba644"", ""origin_platform"": ""MongoDB"", ""service_type_id"": ""69272dfbe62a4c8be37e7cef"", ""service_type_name"": ""Marble Petition for Dissolution of Marriage"", ""request_created_at"": ""2026-08-19 15:09:44.775+00"", ""creator_description"": ""Service type 69272dfbe62a4c8be37e7cef activation"", ""documents_requested_ids"": [""FL-ALL-FORMS""], ""data_request_description"": ""Drafts data request"", ""documents_requested_name"": [null]}",timeline
a7c8a312-f933-565a-b538-b83c71e4144b,2026-08-19T15:09:44.792000,2026-08-19T15:09:44.792000,2026-08-19T15:09:45.482085,2026-08-19T15:09:45.482085,2026-08-19T15:09:44.792000,eae529490b8a9249732a5f6c,6a3187a5f7fb6411ce26dc3d,678512f9af8dc40008666522,Service,Service Draft,,Service Name: Marble Petition for Dissolution of Marriage\nService Drafts: Waiting Client,"{""activity"": ""Waiting Client"", ""origin_id"": ""6a85c7383f1b9b7f8bcba646"", ""service_id"": ""6a85bd9c9a7da49167ff53af"", ""service_name"": ""Marble Petition for Dissolution of Marriage"", ""origin_platform"": ""MongoDB"", ""service_type_id"": ""69272dfbe62a4c8be37e7cef"", ""service_type_name"": ""Marble Petition for Dissolution of Marriage"", ""service_drafts_status"": ""CLIENT"", ""service_drafts_created_at"": ""2026-08-19 15:09:44.792+00""}",timeline
f5913811-d9b6-50a5-8ac6-bb02b500eaa8,2026-08-19T15:09:44.921000,2026-08-19T15:09:44.921000,2026-08-19T15:09:45.482085,2026-08-19T15:09:45.482085,2026-08-19T15:09:44.921000,eae529490b8a9249732a5f6c,,678512f9af8dc40008666522,Data Entries,Client Data,,Client data updated,"{""source"": ""ATTORNEY_PROFILE"", ""event_id"": ""14e6428c-221c-426c-aca1-19c58787c6d2"", ""data_points"": {""attorneyName"": ""Dana Whitfield"", ""attorneyEmail"": ""danawhitfield@themarbleway.com"", ""attorneyLastName"": ""Whitfield"", ""attorneyFirstName"": ""Dana""}, ""data_schema_id"": ""66dec1950af2fa0007b0e36a"", ""data_points_count"": 4}",timeline
50f88675-b759-460a-ae99-e966b0c56260,2026-08-19T15:09:45.857000,2026-08-19T15:09:45.857000,2026-08-19T15:09:45.871869,2026-08-19T15:09:45.871869,2026-08-19T15:09:45.857000,eae529490b8a9249732a5f6c,,678512f9af8dc40008666522,Scheduling,CKC,,Scheduling CKC Event: REQUEST INITIATED\nWaiting for the client to schedule the meeting,"{""origin_id"": ""50f88675-b759-460a-ae99-e966b0c56260"", ""request_notes"": ""Hi Idris! I look forward to starting our work together! During this call,we'll review the details you've submitted, discuss any missing information, and outline the next steps to get your case underway. I've suggested a few dates—please choose a time that works best for you"", ""request_title"": ""Case kickoff call"", ""origin_platform"": ""Bookit""}",timeline
889d4f53-e6ad-5020-ad10-38395b34c9f2,2026-08-19T15:11:40.110000,2026-08-19T15:11:40.110000,2026-08-19T15:11:41.207310,2026-08-19T15:11:41.207310,2026-08-19T15:11:40.135000,eae529490b8a9249732a5f6c,,678512f9af8dc40008666522,Communications,Email,Outbound,\n Marble\n\n*********************************************\nHere’s a copy of your signed Marble Agreement\n*********************************************\n\nView your agreement  \n( https://customers.marble.co/documents?utm_source=email,"{""source"": ""braze"", ""flow_name"": ""C4 - Marble Agreement is signed - All - Email"", ""origin_id"": ""6a85c7ac1d72c487cb267385"", ""source_key"": null, ""sender_role"": ""System"", ""ext_user_email"": ""idris.so1433@client.marble.co"", ""int_user_email"": null, ""recipient_role"": ""Client"", ""origin_platform"": ""MongoDB""}",timeline
277b4397-e312-563d-89e0-757b8c55d068,2026-08-19T15:11:41.551000,2026-08-19T15:11:41.551000,2026-08-19T15:11:44.310606,2026-08-19T15:12:00.208464,2026-08-19T15:11:43.161000,eae529490b8a9249732a5f6c,,678512f9af8dc40008666522,Communications,Email,Outbound,"Subject: Here’s a copy of your Marble Agreement, Idris \nBody: Please keep this for your records ‌ ‌ ‌ ‌ ‌ ‌ ‌ ‌ ‌ ‌ ‌ ‌\n‌ ‌ ‌ ‌ ‌ ‌ ‌ ‌ ‌ ‌ ‌ ‌ ‌ ‌ ‌ ‌ ‌ ‌ ‌ ‌ ‌ ‌ ‌ ‌ ‌ ‌ ‌ ‌ ‌ ‌ ‌ ‌ ‌\n‌ ‌ ‌ ‌ ‌ ‌ ‌ ‌ ‌ ‌ ‌ ‌ ‌ ‌ ‌ ‌ ‌ ‌ ‌ ‌ ‌ ‌ ‌ ‌ ‌ ‌ ‌ ‌ ‌ ‌ ‌ ‌ ‌\n‌ ‌ ‌ ‌ ‌ ‌ ‌ ‌ ‌ ‌ ‌ ‌ ‌ ‌ ‌ ‌ ‌ ‌ ‌ ‌ ‌ ‌ ‌ ‌ ‌ ‌ ‌ ‌ ‌ ‌ ‌ ‌ ‌\n‌ ‌ ‌ ‌ ‌ ‌ ‌ ‌ ‌ ‌ ‌ ‌ ‌ ‌ ‌ ‌ ‌ ‌ ‌ ‌ ‌ ‌ ‌ ‌ ‌ ‌ ‌ ‌ ‌ ‌ ‌ ‌ ‌\n‌ ‌ ‌ ‌ ‌ ‌ ‌ ‌ Marble\n\n*********************************************\nHere’s a copy of your signed Marble Agreement\n*********************************************\n\nView your agreement \n( https://clicks.marble.co/f/a/WkNUKmpVqRTKEf_eDVmqqg~~/AAQRxRA~/7LLcLYCSMJHv0QPU6g6_TEFRHFRnZ29sdPe5B-HSU_1vhUcOb7Nghfsq4SYY6xHCnhUtu_cnNSLVWAQFbw9UKjfBzErS_ikFX-73pIDwEDp9KTep1MYwiLGdq_K3wWyyBFAMlfDHPGz0pGHOJZpgoZpBqvi1Hl_57cJr-L7DBiMupmoLSZCE9URHDaBF9YfrUMcOCHsm1atiPZ3L0ajjdBoUya_CUEqF9Pw-DdCYAqA~ )\n Helpful links\n\nWe’re committed to supporting you throughout your case.\n\nView your case updates \n( https://clicks.marble.co/f/a/gpzwTkKHeZiDfO501ain8g~~/AAQRxRA~/vkrmPs-88T9qbDopQpKZ-J1R2Kng1s-cDgIadjgyoBsQNZb4sz8gCElicpGulkwgiTtbTjEr6X1bJW2O7sjf5er7DY60u462uW9jp8izk8Jcoce5owLW1wg7d9s8nHU7yB58b0FMhU4sZKeM84egdAa0adhNj-sc4WL9i3eidNuZcF9p4pcuqzvSQcHUt2y2zwZVKx9W9EwZFgPeg-JJmeqLeKzsKMB82m221TzfBtM~ )\n\n\nGet updates and information about your case by signing into your\nMarble Home.\n\nFind answers \n( https://clicks.marble.co/f/a/8p0w4KMSYO-lMAwUIWt74Q~~/AAQRxRA~/I7FnIFVSsUOC3POhpmAVyNvEL67MuBDOROEz3lmxLr8f3wZCjpoTKcWg-Vbs3Iiyz3qGF1LsWixHF7zBo3kZ3KkBtlp8jROVCTEVBDvCbfXijzp3RhO5L1ecuT1IIFx0f_Jaei5YhPAJpGD0ypoSHNdtMWQNPJluIZbwsnfg9szlqdzUuX7s_A8_QV-D2-C-fweq4W57Op3twgqR_bXCSvNvDFddBAJNLJZ0URpDqyuJ2v9sP01On5iyOefTd4AT )\n\n\nCheck out our Help Center for answers to your most commonly\nasked questions.\n\nChat with us \n( https://clicks.marble.co/f/a/HNpku-_WUFX2DYPyClw9IQ~~/AAQRxRA~/fupnxOCzjgT8wl4xRUczJqa8lL3Por-bvMVkuwE8m6sN73VlPfpZ_hr0PsXEdXFpSl-YQ8vI4eO7gbBfvKROwksSM0HEhNyic-eI5ljK3UGsvBisC6ck1gb6vjvTg0Spy6K8HUQtIp0Jb8AMhP_xMPqBJ_aSnHKkiW4F3ljrswa43CNOBzCZVKXDPADpZha6 )\n\n\nThe best way to reach us is by using our live chat in Marble\nHome.\n\nOther useful resources\n\nThe best way for you and Marble to work together \n( https://clicks.marble.co/f/a/5-7eL0kbxsXbchF23ywLiQ~~/AAQRxRA~/AI4e00Pi9WSJuPKLg33nFeoZnWJjsytJxSOPiwvRoxJPyCZe9G7Dno486TUfl0JhS1gfCAm4StJr6Sp7A6VW_5aPwT2DvDPDziq2S5mShK-n8yYjA7cfAp4hh_6xK6Dr6jc7Hzx8rgdDh9tL4jYFD3Hw31HD6mf1eD8oLeCKEVhas28f8Uw94Y4HhVBQ5iQ_oeyIp4Q5STeYYvSa8Wz7QtyotxHU7tm8S8ZwvXjxBL-HbX9Kf-bTIvF9Ympjnhi8Pr4nuycOQtgMb68GTL1scg~~ )\n\n\nHow to work with your attorney \n( https://clicks.marble.co/f/a/xMDPelvdDS5lsqPzFjsCtg~~/AAQRxRA~/Iv7EtL2wpxad_cy3hgxiwNHgFTmyC1auQbzfUEjZRk3pcYzv_Z6WCb4WPR_AF3KjjDei1z3oq_OvVdVs8NF9Uc_brUchFQpXLXyz8DhGRxJwykagMUcFqchPf_lkqD3bZR4vLVkXNn-WVLYKH0TrkHwrvy0qscsa2sJLoKc0EfxG5kcsV6zv8_PY0rqsyT30NYsLzW8NUqRNsj52RwxxgMPJQcoJ9dZ1R08U6moWqAL5H1jLPNCsvYmqaWIJ2EYCwP-nlif9kMptxIUDnfwceA~~ )\n\n\nHow to speed up your case \n( https://clicks.marble.co/f/a/J0IXXzktrLllp4iGFTGuHw~~/AAQRxRA~/G5uIyL3Bn3F1zqfUoBXcaNVns0ljafgNSy-dwbnTSpJ81gmfXQfjnwdU44aVJ3Wj4RGlSuX7Ew_abOUtZCOeXRaLcKaPS5QLXfPPRzIJcJ6_5c9sDpbrjmLI_uqqGDkpBFePcpinpQ8W40iU9XSa7F7Qfb-t1AIYaXpfKyfdToE-rdDtpznwwrwIznF568rSEekRgR5Wm3-pQDA12tdvLQrdVH1MuKWRJHCFXrGNAv3IHobFBsFVU3jkZE6xoZIY )\n\n\nHow to manage payments \n( https://clicks.marble.co/f/a/56Yl_TgzjNPVLBnwORPd0g~~/AAQRxRA~/ArypL69Y-jOE8kS3sTVFCLCQoT_EiG_QIXRspN-0MmtF8YQsaYU6Iy2KdGWJb0aQ0rUJx9Eq8ck9-CxKKmRyIAmQaesItYSF1BCGoAVXwCmk5uzoFYoPP6RW-JFqs2ovgjDjQ0Le313VENYgYS8kz__0bfUm46x9s3raAOSPzEcjuBC5KiwaqLa6Xsjw3UJ6deyIpEpKuKwTlDptMYToZCFSIeYdjuy2FUXvPdz3ri3fmLNBw2_If1LXWufp6Qt5_1AjJS231qMIR3g09E9btQ~~ )\n\n\nSee your Marble benefits and our refund policy \n( https://clicks.marble.co/f/a/QQhq9H90WgZ8yYvngxR1XA~~/AAQRxRA~/V_khr2nOEk9ZneKKpXKyMh5mYwkSkMm0IqueoPb6o-ujIy_oiNCEvPr-Xwm240CrHDRB7lsaABr_Fj-njgK_MGnqFfnTv4dwbXUc8YMM-492hEtzXy3atAqSxjmmS326HUzuCblbCt-Ct7WWQ-u7hAcwTAg4CJEFojh2pX7-6A66qULOG1bl0TKcTodu8S5WWHHEZdNPmNNggIVO9-apTg~~ )\n\n\nMarble Blog \n( https://clicks.marble.co/f/a/E5sIsSIpgPd0lUKsBSr6nw~~/AAQRxRA~/CVoHWC3NsStjzJYqWk85VbJdSyjAeayul8qEkKVEm-LBqIZailOq_Fn_2TVGSB2JrWbJRMyCd0vCF-vu9TJ9LlEJkxxrT1D30TrLZQTRO_8xQjMyPTmniLKNbMRn2JfXhLiJcdG-MaBIWElSc2ltrknuRPXROAA114ABJRyh7s3sgS314Fs7nB2eIsxZZIBKyG4lytBhj-eIRncxyw_aPQ~~ )\n\n\nCopyright © 2025 -\n2026 Marble PC, All rights\nreserved.\n\nCONFIDENTIAL: If you are not an intended recipient, please do\nnot read, copy, use, forward, or share any such communications or\nattachments to others. Instead, immediately notify the sender by\nreplying to this email and then delete it from your system. We\nstrictly prohibit any unauthorized disclosure, copying,\ndistribution or use of emails or attachments sent by us.\n\nIf you have any questions, please contact us here \n( https://clicks.marble.co/f/a/gYoQxXa2YXkxqX2LrDsQcQ~~/AAQRxRA~/M8WJeXvdpkHCijWI9w4lG-pJnJvPoMGRoyXCW4r_ikPVoiKMscwlIZHKmouEjghnTEpal51xet5563mSMkTvSEEu58xW4tMF-J3hrgOusC7FAAMATpM0dwUiNdDCGlC8p2NMOGGETnfxw0Xyk3ufEUdZFaholNzPGME0OLXV7aZ_iSqd0M1CrNhnFoiYNAsbK62lM4Pjp_Ldc3AhjdOffw7bzQokkr_2YU6sB0SXLLWdrY7GACQoqtgeEQ3QXmF7 )\n.\n\nMarble PC, 9920 Pacific Heights Blvd., Ste. 150 San Diego, CA\n92121\n\nUnsubscribe ( https://clicks.marble.co/f/a/hc7bTz5CkM5RziJWgXHraw~~/AAQRxRA~/LEChZc7WvbE_Ukb3CEq4jyPzwbWrTRSLvcNidYIWkAnIyXHSGTSQU1sYzO8SYXSWIH8Xz6OKGnNkHdtSWwik10eDFl3-0XGwpikJKelqnrmD31DFqukxseQbe1ccJxo7lJxUbvhxEUt6TXHt9HVkc0bPUOrEkY59TtiZeQ_LO5RhAtqk2wSCFjDIHVC5KzRw7jm2i9myJEN861LX61cj_7MV-uaCw9Mz6p_J13LXttuvElLlzd21P_vem7gUeftzVqzf8xpalEHVv_pij7g850YN2hVDSXYA7tqyVPxVTD1H4eTUZjR_-eLlnq6PzxoDKGhC0_V5p_jLUxxHhhIU4Q72oIXymkw9iJBO7vaS32bI0goEzzxfJRdsStE0TrUBcJuNc_EAv2uWtwwdwdL-gYHCtfbYoTVZSs2nxxKB3_NZ8-7MDtSkSEjLJM5nfJGHI4b41XDYOzNbZeAQVfNZFAPq4WdSk0pDVx-o5KJ0OCjbQroeiFBIToxp2rDxNYZbB-5BtLKCcdFJEtfls5K6t4GiUuoiOi0GrymMtYV9vLGkJGwlCETFRjqzgU7EH8whCJwl1HgQOyORe3RECxRK2ZRk51K2z6k610_RnancV4R3Cg9B-ngIZau0EF2uLVUFP9rAIvqXF2WsUO0rpak5BsIZcZ_xrmYKezk5m51uSsQ_nlU5VV6DSXUUKf6FNIhh )\n\ninstagram link \n( https://clicks.marble.co/f/a/KYBBYWvqhPiSm4O3SnI4Gg~~/AAQRxRA~/xxsLYzbvZd-odgDOvA0dWsEzgp_cIfZyrIPd9VUy1xbb27nY8uOcJchjS8Ue_mzIJNkLfIIUvRupkhbbTqBQc5Yn6R0DsIlnklbylWoodLUX3pRnnR_U_RLhmubHq1i6-Q5jXtJaMAq2a9rqwo3B4JgrSPY3Fsvfmb_xC7y-cFo~ ) facebook\nlink ( https://clicks.marble.co/f/a/wu65qJDx39f32i_zGKPmTA~~/AAQRxRA~/cpv1_Tzcq7liyuk_uRHq5zfUNj5gPMARfhwC_U21AAnnflJwi8-pFS94IZpU84_RGa19Oa1VjTZbs6dVe8RszgTv9L8YEGgft3IKBWg9eMAjvrROJ_t7JYzwu_4MVCmm6T0cDDaqJXoCnFFTu9-RzdZJJhKND-_NAVwx4Kt3Peo~ )\ntwitter link ( https://clicks.marble.co/f/a/plN5mtQwZ20i822PVW0QUg~~/AAQRxRA~/El1daORzX9bD7bWeQOiW7-lVuoKgEYj1Iob1nqIKmTvbLE1VYunAMj_Nzq_HJ0d2QwQYS_drdarTd7x_GcLkLAeFkFcn-mPU8zMVImk4nS1pNE78X5TO1AgfaHMseEeBS9sYXljnHUU-fsPgP4uOhIiAdlxO_opRLqJMttgO618~ ) tik-tok link \n( https://clicks.marble.co/f/a/2VyJVKQFOpyGwPBOUAqDWw~~/AAQRxRA~/0GJxL-AYh7rkYN5gXx0vGimxc6wuMDXUUG6Pbxbah64U4dP4CEhSI2rHH-rW1i0TVJf5xu_dvp5UyQ3Eu5-meQwJUCEVloIs7RyGKAq7PpZYbQG9S8NRnuhnLrU0nEVaUWgMMyjHNoC3bNLH5LXiK1twxMZVVJDSF4phu5akIKE~ )","{""source"": ""braze"", ""smtp_id"": ""<B0s-TPVnRPSUDteKLv0_BA@geopod-ismtpd-119>"", ""subject"": ""Here’s a copy of your Marble Agreement, Idris "", ""origin_id"": ""6a85c7af9da2de93d412cb48"", ""from_email"": ""support@info.marble.co"", ""recipients"": [""idris.so1433@client.marble.co""], ""source_key"": ""5c33c080-738b-4d2e-bc67-fdbc4d5af452"", ""attachments"": [], ""sender_role"": ""System"", ""carbon_copies"": [], ""recipient_role"": ""Client"", ""sender_user_id"": null, ""origin_platform"": ""MongoDB"", ""recipient_email"": ""idris.so1433@client.marble.co"", ""email_message_id"": ""<99.11.04473.CA7C58A6@i-0833a3f9f9e57282f.mta1vrest.sd.prd.sparkpost>"", ""recipient_user_id"": ""678512feaf8dc40008666581"", ""is_delivery_failed"": false, ""references_message_ids"": null, ""reply_to_email_message_id"": null}",timeline
4740f18c-52bb-592e-ae3e-52d3f685fd9f,2026-08-19T15:12:51.955000,2026-08-19T15:12:51.955000,2026-08-19T15:12:54.683066,2026-08-19T15:12:54.683066,2026-08-19T15:12:51.955000,eae529490b8a9249732a5f6c,,678512f9af8dc40008666522,Marbles,Status_Change,,Type: ONBOARDING_WELCOME_MARBLE\nChange: Done,"{""done"": true, ""type"": ""ONBOARDING_WELCOME_MARBLE"", ""skipped"": false, ""metadata"": {""hasRepeatOpportunity"": false}, ""origin_id"": ""6a85c7cce670514997d5b4c5"", ""update_type"": ""done"", ""is_skippable"": true, ""reference_id"": ""ONBOARDING_WELCOME_MARBLE"", ""origin_platform"": ""MongoDB"", ""marble_instance_id"": ""6a85c7cce670514997d5b4c7""}",timeline
f2c6e810-dad6-56af-9756-028113010406,2026-08-19T15:12:53.877000,2026-08-19T15:12:53.877000,2026-08-19T15:12:56.724294,2026-08-19T15:12:56.724294,2026-08-19T15:12:53.877000,eae529490b8a9249732a5f6c,,678512f9af8dc40008666522,Marbles,Status_Change,,Type: CKC_SCHEDULE_KICKOFF_CALL\nChange: Created,"{""done"": false, ""type"": ""CKC_SCHEDULE_KICKOFF_CALL"", ""skipped"": false, ""metadata"": {""meetingId"": ""50f88675-b759-460a-ae99-e966b0c56260"", ""bookitRequestId"": ""50f88675-b759-460a-ae99-e966b0c56260""}, ""origin_id"": ""6a85c7cce670514997d5b4c5"", ""update_type"": ""created"", ""is_skippable"": true, ""reference_id"": ""CKC_SCHEDULE_KICKOFF_CALL_50f88675-b759-460a-ae99-e966b0c56260"", ""origin_platform"": ""MongoDB"", ""marble_instance_id"": ""6a85c7f5e670514997d5b4e7""}",timeline
a9b71bd9-17ca-5e86-8452-49241d542589,2026-08-21T16:00:00,2026-08-21T16:20:00,2026-08-19T15:13:21.761541,2026-08-19T15:13:21.761541,2026-08-19T15:13:20.321000,eae529490b8a9249732a5f6c,6a3187a5f7fb6411ce26dc3d,678512f9af8dc40008666522,Calendar Event,CKC,,"CKC Event: SCHEDULED\nMeeting Title: Case kickoff call\nStart Date: 2026-08-21 16:00:00+00\nEvent Notes: Hi Idris! I look forward to starting our work together! During this call,we'll review the details you've submitted, discuss any missing information, and outline the next steps to get your case underway. I've suggested a few dates—please choose a time that works best for you","{""notes"": ""Hi Idris! I look forward to starting our work together! During this call,we'll review the details you've submitted, discuss any missing information, and outline the next steps to get your case underway. I've suggested a few dates—please choose a time that works best for you"", ""status"": ""SCHEDULED"", ""origin_id"": ""6a85c810c9944e4d3345366f"", ""meeting_type"": ""CKC"", ""meeting_title"": ""Case kickoff call"", ""bookee_event_id"": ""50f88675-b759-460a-ae99-e966b0c56260"", ""bookee_timezone"": ""America/New_York"", ""origin_platform"": ""MongoDB"", ""bookee_meeting_id"": ""1b299f18-ae96-4b52-ae35-763f7b4240b1""}",timeline
afcaf402-a84e-51c6-8b6f-dc0d488bcdce,2026-08-19T15:13:42,2026-08-19T15:13:42,2026-08-19T21:52:36.351530,2026-08-19T21:52:36.351530,2026-08-19T15:13:42,eae529490b8a9249732a5f6c,,678512f9af8dc40008666522,Communications,SMS,Outbound,"Hi Idris, Marble here. \n\nConfirming your 'Case kickoff call' call on Friday, August 21st at12:00 pm EDT. Together, we'll create a plan to move forward.\n\n\nCan't make it? no worries. To reschedule, click here: https://sms.marble.co/v1aVqMAN","{""provider"": ""Twilio"", ""to_phone"": ""+19415552093"", ""canvas_id"": null, ""origin_id"": ""6a85c82584de78950a56bed34d43e20b"", ""canvas_name"": null, ""sender_role"": ""System"", ""braze_user_id"": ""6785130dd4bf546543005663"", ""canvas_step_id"": null, ""recipient_role"": ""Client"", ""origin_platform"": ""braze"", ""canvas_step_name"": null, ""subscription_group"": ""5791d911-1294-4c66-b828-83ab545fccf4"", ""canvas_variation_id"": null, ""message_variation_id"": ""279ee69b-7c02-4897-830b-a987a22addbe""}",timeline
77619196-d0d0-5b39-a451-4e572786697a,2026-08-19T15:13:43.364000,2026-08-19T15:13:43.364000,2026-08-19T15:13:47.033848,2026-08-19T15:13:47.033848,2026-08-19T15:13:43.386000,eae529490b8a9249732a5f6c,,678512f9af8dc40008666522,Communications,Email,Outbound,"\n\nMarble Marble   \n\n***********************************\nYour case kickoff call is scheduled\n***********************************\n\n\n Your case kickoff call with\nyour attorney, Dana Whitfield, is confirmed.\n\n        Calendar icon\nFriday, August 21\n\nst\n         Clock icon\n12:00 pm EDT             Calendar icon\nAugust 21\n\nst\n         Clock icon\n12:00 pm EDT           Your attorney will\ncall you at the phone number ending in\n2093.\n\n\nSee details in Marble Home  \n( https://customers.marble.co/?lid=ekrk35g1csu1 )\n\nCan’t make it? Reschedule here (\nhttps://customers.themarbleway.com/home ).\n\nThanks,\n\nThe Marble team\n\n\n\n          Marble Blog \n( https://blog.marble.co?utm_source=email","{""source"": ""braze"", ""flow_name"": ""Case delivery - 1/1 comms -  meeting scheduled"", ""origin_id"": ""6a85c8271d72c487cb2673d7"", ""source_key"": null, ""sender_role"": ""System"", ""ext_user_email"": ""idris.so1433@client.marble.co"", ""int_user_email"": null, ""recipient_role"": ""Client"", ""origin_platform"": ""MongoDB""}",timeline
80a17e5b-2607-51f3-8126-e0c528cf15d1,2026-08-19T15:13:44.598000,2026-08-19T15:13:44.598000,2026-08-19T15:13:47.581683,2026-08-19T15:14:06.326947,2026-08-19T15:13:46.050000,eae529490b8a9249732a5f6c,,678512f9af8dc40008666522,Communications,Email,Outbound,"Subject: Idris, your meeting with your attorney is scheduled\nBody: Open this email to see details→\n\nMarble Marble \n\n***********************************\nYour case kickoff call is scheduled\n***********************************\n\n\n Your case kickoff call with\nyour attorney, Dana Whitfield, is confirmed.\n\n Calendar icon\nFriday, August 21\n\nst\n Clock icon\n12:00 pm EDT Calendar icon\nAugust 21\n\nst\n Clock icon\n12:00 pm EDT Your attorney will\ncall you at the phone number ending in\n2093.\n\n\nSee details in Marble Home \n( https://clicks.marble.co/f/a/11LQIc_u9KEybzvqZxegWg~~/AAQRxRA~/6uxBRA5VaTUctJHKWuxWQyzq2GrE1umYOb17kMumH9VR_606durVi-FbxqiUCRibLayeggKavN8UzevIYJzqHWecF0jsKJMfDh8yRmqHfIL6jCmPrDS6hm0NXtIKmUeNiwsL5Jv_jEgrjWsRcRSWRw~~ )\n\nCan’t make it? Reschedule here (\nhttps://clicks.marble.co/f/a/YWvHnLPniRs151FK0X2YTw~~/AAQRxRA~/y3WV1vBTyuu4qPKAT1ZpYwwxT_hpeainFqCzIl6q2TjdAwE0DYllpqLnbDNsGoDlYQ9oATLZwMsx0Eo8BmthlsO0zeXsrha78_bTKPT_rh1X9zpgRSG125vkud6b9-cIlESuQZycizkAzPp8UJlmmQ~~ ).\n\nThanks,\n\nThe Marble team\n\n\n\n Marble Blog \n( https://clicks.marble.co/f/a/oZg6jpJdRB-Xfzk8CLyycA~~/AAQRxRA~/ewUn4NLTjeZFnaia2yjuHR1d_u-5kDRP3TEtHoUNk5F1C3p_03eZNtQwRvKPxyAyHEYmMgXjEv1nIJSa9nba_XN81yVVJNP98gE329ebMUb7LHCZ3i_yGFYK1xdU7L5fQlFiAD_9eSNuIfUEbip4N0JqNXZKg_RB4jGVLLxgNS4pdisGXidlyqw5akBRgnx2p6GcXrxwPniQXemQapDADg~~ )\n\n\nCopyright © 2025 -\n2026 Marble PC, All rights\nreserved.\n\nCONFIDENTIAL: ATTORNEY-CLIENT PRIVILEGE; ATTORNEY WORK PRODUCT:\nEmails and attachments received from us may be protected by the\nattorney-client privilege, as attorney work-product or by virtue\nof other privileges or provisions of law. If you are not an\nintended recipient, please do not read, copy, use, forward, or\nshare any such communications or attachments to others. Instead,\nimmediately notify the sender by replying to this email and then\ndelete it from your system. We strictly prohibit any unauthorized\ndisclosure, copying, distribution or use of emails or attachments\nsent by us.\n\nIf you have any questions,\nchat with our team in Marble Home \n( https://clicks.marble.co/f/a/5hpT1MYjQILhLN3KLeSiAA~~/AAQRxRA~/xLmg0qviYibYmsAontuFqhfwJnSTVO1QFaqprlSLXvhrtrNCObVXQEMfffN8SX9a-fDvYm41RmVKKmZ4tCW6eBcAVwjTq-K_1jyenlDoueJx9aKRqb37nGZKNYcnOj-3_M2mGw5i5MtBgot7xDnPmCs5frjBtr44Df3cW68EZR_O3t_hPV69Q0ZbHmZIovhN )\n.\n\n\n\nMarble PC, 9920 Pacific Heights Blvd., Ste. 150 San Diego, CA\n92121\n\nUnsubscribe ( https://clicks.marble.co/f/a/N4xnqkwUHK2PdQF6xqLEcQ~~/AAQRxRA~/_A48w46sAqabCtRdl6Y5057hjh17fl52jftYuJ9txOIsd_4e2wI1Az_Q2eDTUezxMEnL4luKisiXk67Rnr0WSn6XyezXu-6zNjjFV4DdpFJRqMk6dtbFoDHZc37v56mBTmvS-H99UeSGY2vUIUMHE4evzLSofQ6BRYhPfJIbLCwqGW0_ot9U2GLfBmfUw9JTfXhMjSMAJJVAIBual1tnWU9fbDP9l8XNuhRcVjtlLp0xw2FFRue2BcY9WHtlYx90NaMCfoHT1KVJqw89gtBoOdOGxJ2GYoi8tF305ICeOgQHU57WVUQyDiHElRNG0Lu7BN3lLC9t7I6kDwkW8hUriadykUA-4e1OWMkaP1jnDVbQbzFsBrexxTW2slaFLqaH4agDeFdcXeG_xcg_CN5mdPu9mqk1E3-6BAzhth_mx-o-2aKRL3eu8vnPAA2RDeqQ6BBzTZbO6nrexyXGi4_fJGD2CjxsSCoKs8809xCH_tNIydw8s7sbhGCTfR2_rgHjfOQuk0tx_7NmuMis_ieljHN6zfZQcOCjz5_mxtYZZfHC3cF-Rfht4WuEVYFXqJ87cNxqniwjLLQDSatnTflwWMC6B-qCkfk2hvfYrmGq1JnHpqj3IlTJLZ5VFooSQfOqjw85OSGwTzbrQ2OutD2xbCQj2kmlD7RcrvDQ-CwzCgmPkCEUK1SWlpXrVte4cln_ )\n\ninstagram link \n( https://clicks.marble.co/f/a/B4wYw9h0T35JXV5W-ReQdg~~/AAQRxRA~/cGcmAFk_AZvQ3MS-knz5uR9DuStydkpJINlwwzPLBAcbjf3ruWXLnFS7akl_lc6nfDJT_rXavHUgakao95qmADr07JENI8RbisgRjFtwhzuHMwzWa8jJeLetDTH9o3kO38wIUkXwEhtBtkXv0pRhDOHYFnbu_7kRjxzZgZ4w5GQ~ ) facebook\nlink ( https://clicks.marble.co/f/a/0A9wrg1qahSqitX3W01tBQ~~/AAQRxRA~/e-_2Op7ZwDO27uDqYIIA6aG9GDe6NRFzZYr5k1c0NSqusWjDkXaZFJqfMq3bQt-XeM9UQZv7W4HNTrqY6kDs7ezvzy7d2YLg2s4_Zl11vtYcRYbH3gXPPHgAp4CzcAqjZuF0xqTj-YllkqQckcEH1tVCMWuujKc7wbYj73AuMqY~ )\ntwitter link ( https://clicks.marble.co/f/a/-3nhvy4cKjapMsVA9YmV3g~~/AAQRxRA~/Vp5aIi-ebmf-stkoJUoZRa7iQTfZIa-Uc_ixyLh8F_Z9P6fRmCAnDsEEslOiD_zTldIfOichwJBVMA-0fmM3rvnoDzj-robXdme-r2tnt1VcdbCpqBbHUhGyd1ti8O33CiQ8iAoR9gP6N0xtJBuqGc5dPjcwGaAdIRSiU4e_zOk~ ) tik-tok link \n( https://clicks.marble.co/f/a/IldVi2vJEGgNBE35ZhdPkA~~/AAQRxRA~/7jY4YnKkXbdXcssscwb9F1HxX2O3InX4q0pa9gHg4rfUGmiSsv92DEA4SYMWdXnj9D-cQzTdim5jwIbrbtZ1S73agipEhLipUsF7sGpGTv4HY6PmBRYa6C3n-3Lfk-ysUtvgPW_ob3mfi7CKKzsyqQLqrcFKTsGQMrqjrqF2SYI~ )","{""source"": ""braze"", ""smtp_id"": ""<pKPgf_75RSOB5e3uMS09sw@geopod-ismtpd-59>"", ""subject"": ""Idris, your meeting with your attorney is scheduled"", ""origin_id"": ""6a85c82a1d72c487cb267403"", ""from_email"": ""support@info.marble.co"", ""recipients"": [""idris.so1433@client.marble.co""], ""source_key"": ""dcdd155b-47fd-4573-a44b-60c6ba4bfe17"", ""attachments"": [], ""sender_role"": ""System"", ""carbon_copies"": [], ""recipient_role"": ""Client"", ""sender_user_id"": null, ""origin_platform"": ""MongoDB"", ""recipient_email"": ""idris.so1433@client.marble.co"", ""email_message_id"": ""<1E.BC.56508.728C58A6@i-0ca98205d5d7f3c4f.mta1vrest.sd.prd.sparkpost>"", ""recipient_user_id"": ""678512feaf8dc40008666581"", ""is_delivery_failed"": false, ""references_message_ids"": null, ""reply_to_email_message_id"": null}",timeline
2914601b-de51-56b1-b217-56e72104d832,2026-08-19T15:13:47.681000,2026-08-19T15:13:47.681000,2026-08-19T15:13:50.307658,2026-08-19T15:13:57.338725,2026-08-19T15:13:49.373000,eae529490b8a9249732a5f6c,,678512f9af8dc40008666522,Communications,Email,Outbound,"Subject: Confirmation of your Marble services\nBody: See inside for details Marble\n\n******************************************************\nWelcome to Marble, Idris!\n******************************************************\n\n \n( https://clicks.marble.co/f/a/gDPWIttmthix9ue0uXzsJg~~/AAQRxRA~/eFHj7Xvzf1PdcVgQqhs3ZnIvrIeIQsQp1s11dzc2xkUSp5_ToHzfsbE-Jb0LXhu00grJBxVSFw8s53E8Fa_6SoMDbxCGt5C0P-wQFjjMnsYjnsZWeXn8hNeixhsbPuyEa-193ffPz2NlkkBdY7aQoZpWlkoCZXtNO5G9XTCesQiJIw1b-Ux_gjYwJdUTTRUC6ZarutOGlMsSPdvJabi3oQ~~ )\n \n\nWe want to officially welcome you as our client and thank you\nfor choosing Marble. Your agreement is now signed and available\nfor your reference in the Documents section of Marble.\n\n***************\nYour next steps\n***************\n\nTo move your case forward, click the button below to log into\nyour Marble Portal and complete these tasks:\n\n* Upload the required documents as outlined in the portal\n* Complete your intake form so the attorney can begin work\n* Schedule your kickoff call with the attorney\n\n Go to your case \n( https://clicks.marble.co/f/a/EFAGX0vnxe8XjpLUNoKsDQ~~/AAQRxRA~/eFHj7Xvzf1PdcVgQqhs3ZnIvrIeIQsQp1s11dzc2xkUSp5_ToHzfsbE-Jb0LXhu00grJBxVSFw8s53E8Fa_6SoMDbxCGt5C0P-wQFjjMnsa72dgnt4_taKhkFEtfOFm2ELotbDuzcezRIFfgPTaaPSqBApBHHR5yarwxGIfM6NY13sNLax-ctXX4BTPrpRHRFboyE7t9rpJk38ZB4KU3UQ~~ )\n \n\n*******************\nYour legal services\n*******************\n\n *\nMarble Petition for Dissolution of Marriage\n Our pricing\npledge Clarity from the start.\nConfidence every step of the way. Your team is already\nworking on the initial steps of your case. If additional services\nare needed, we’ll walk you through the costs before moving\nforward, no surprises.\n\n****************\nPurchase summary\n****************\n\nTotal cost $2,550\n Total price of\nservices purchased today\n$2,550*\n\n\n\n\n\n\n\n * Note: The total costs of\nservices includes all of your fees with Marble. There may be an\nadditional fee to cover the costs of filing and/or serving fees\nin your state.\n\n\nGo to Marble Home to see\nyour case details:\n\n Go to your case \n( https://clicks.marble.co/f/a/xr-jsH9YOJOcFMbVPHICIw~~/AAQRxRA~/QNr4CyXKxoDX3xFOsKav22XlwRnMYMmip1MPeiIc20Gs9Hq8Zvj9C3kmRCotHpTgaN7Q_9gOcD_aLJnbl4zs7iH0Mk4lRx5B-6d74Wc5HxvmsodtHTxpfLCdKeI086Yu6K_raWIpscRJdeh7BOaz38CSQcvRuIIrP_cCzJbRI4Hr4KmRHG6YkmgLvAEOUfxzfhyvydkDY7L_Po-MGwcxqg~~ )\n \n\nMarble Blog \n( https://clicks.marble.co/f/a/DG2rpMXwCDg-NZXV0NSu1g~~/AAQRxRA~/QNr4CyXKxoDX3xFOsKav2_VOzAaJ-c555PjhSN6NzwZgm_zz9mXxwE7fd55wahUFY9EJH97FjWtvx2LkYz0spQEUgosZryEHmgNUwKAbnZZ6bh2_bziSd9jY0qtJx6iuEtxrtMrbgkq9sY4BKjU_C-GTwWPm7D8WIaAvb3heCnTL61vAb8fx_UykzUG9ybUO2hHznhpk3Rh87L13tSlFAQ~~ )\n\n\nCopyright © 2025 -\n2026 Marble PC, All rights\nreserved.\n\nCONFIDENTIAL: ATTORNEY-CLIENT PRIVILEGE; ATTORNEY WORK PRODUCT:\nEmails and attachments received from us may be protected by the\nattorney-client privilege, as attorney work-product or by virtue\nof other privileges or provisions of law. If you are not an\nintended recipient, please do not read, copy, use, forward, or\nshare any such communications or attachments to others. Instead,\nimmediately notify the sender by replying to this email and then\ndelete it from your system. We strictly prohibit any unauthorized\ndisclosure, copying, distribution or use of emails or attachments\nsent by us.\n\nIf you have any questions,\nchat with our team in Marble Home \n( https://clicks.marble.co/f/a/UnCRFs4aaPGSK6QmLnO8xg~~/AAQRxRA~/UXkx3itNRF6VK1g0Udg2o_UpulyTWqoDqFpwIQIy8PKDKxQffW8fWApG3FXAC2t5T0GS1vbKw0I4R6N2bpAhNm7Wi-mtwyloRGz3_ebDNIBJ_tTkqLnMkQZ0Njh4yoSyKa-Gb3hXuzYMbt92ZtQCJFevrLapAmxUPpDdMIK-JWyLodP62p-ybF1tsca9oLZGygYfwIGJ0SrGNbievmMq1vhUO4oHS8EXj56BWQ7Sw87orPsIVlgzROY0M3zRH4vqMtwMohAP-HTZ9_XIow2PQg~~ )\n.\n\nMarble PC, 9920 Pacific Heights Blvd., Ste. 150 San Diego, CA\n92121\n\nUnsubscribe ( https://clicks.marble.co/f/a/r2JIMtPV-G1itIs7C0-jgQ~~/AAQRxRA~/Ol-O0pArSyTTqMb3F7RTFsHQkQ_Thdy-J8rQRss07eR2mlP2BfIFf21yIjDsW87pG9Aroe6p1jZFlH3ZgSTDi0zEVQrkQkwMdnL4ZdckConMPB-hQ_KQ2gtuwYLc2yZ2e7HM8nA30jYqkYe7crbaAiAlNB8zyUn7xNh-krgpc2VTUDb2ejQhdSo54cGX46bgKZCHNBTp-SZ80X-TVmvBZ4StPXtyGkPwZbVQ127O6_VriUl0IfSDokQxFq2XBAQvFdtZZmU2wm4LHP1KRby5COB0oFc5LO9BZv0Qp7bzKpfMgQZHPwmJgjzYh7LwICoc93zZAUw3fpXL8pT4-gfodnvJXidyTuWDGKgdi5zdtd7AkKR4lKgW6EjASPmUZygVith3eRoJZ9uQAMSP6dMC-92Zw8D5s6QcrW04RgTNUsOZS_c0PtwP6Tu3oQmeIh1Q9YoYlVlWKN-vr_LPqVy9bDM_c7Mnh1pSuRehnncBMHg76DmWB2iZEs1u4qhYyzPWzVcIGIUB_h6MxApH5xadjJpuQ6RM_QdHk6zxlt6XFlYW_CUCYrstNT-__Y86kTOD_u6RRF07ikOEdTu95aCWyajQBmyu8EhTLPfE720Tl7bEm0P21UiNbYT5inLmbuo-IRJ_J530Sp4ZEE8_1B34_M7BI0dLQVhIaW2fTaU1ObCOlqTM9LfQA5LUHqqvpEcL )\n\ninstagram link \n( https://clicks.marble.co/f/a/nSvDatyf4gCxBC-P_BeJ_Q~~/AAQRxRA~/tMPfU0DVN_27m7B2kutpv6AKaBreSpbaD1o8FTNeHmoKtLXQv3AqwlDmdJTkFRbMh5c5vusJrVTEyqv8bqQaNiyWqhzDbtihDxZyhR8fUKA0DF43_wrJrV7q90gR4b1BytpTQhHorL42X7VOyC2jj6_V7UWBALfIjqVAAY5sVr8~ ) facebook\nlink ( https://clicks.marble.co/f/a/b6nAV1zgRcg-RM-41UD7Gw~~/AAQRxRA~/85afGhGuZ9HRwmwQhsAADU-PPW5eG0wla0pJPml0Mx9sBTV9wDJJjRGU7EwD8rR-kAi_fn9_6UYKAWx9m2OxL_0RAIhSBGikqsOaQxhttGPf3tzvYoVzcrXWq6x18jThOAF3_rf6fN-kjsll6iDSgIIxQEplg12eAmhoxIQ0pQQ~ )\ntwitter link ( https://clicks.marble.co/f/a/XS4O_kVNfWZybkHmVgNnFQ~~/AAQRxRA~/3oAKnxZcgOkh0U7GDXbIQWePN65plTYTo96BnXcxS5YIFdK4MSWnUhpeWXIj6BxKwnjKwi6edmW8tORhH0FPTVrgeVrXjB10fAvXl8mhD95Ba2G2uqSr9mJgW39dHW4WR4WuGxh0xnsm3p9LnLiVgnsoDFBektGKFCLvNyvn1JU~ ) tik-tok link \n( https://clicks.marble.co/f/a/g9nRs8VgbTjIZxo94hT58A~~/AAQRxRA~/bipfQbDp1ER3ioj93j1oqA8I4siC9D3IHeXD6BCol2ijZ1pTlw_c4Zj08Txxe1vkjuQQDKIpZTfvLd_RBSdJagbMIawXoHtFSwoCBDbmLZ-hA7CeZ9womXNiMiLX3yW-auy4TBalSO7ubSagQhAKbbXi7iIHUJqs-Sug1lziOfw~ )","{""source"": ""braze"", ""smtp_id"": ""<-vzVYGjgRs-5BUxWdaP0Zg@geopod-ismtpd-109>"", ""subject"": ""Confirmation of your Marble services"", ""origin_id"": ""6a85c82dd2bad9abaa6a0784"", ""from_email"": ""support@info.marble.co"", ""recipients"": [""idris.so1433@client.marble.co""], ""source_key"": ""26fe6ef5-134a-4189-8412-c6545fa94312"", ""attachments"": [], ""sender_role"": ""System"", ""carbon_copies"": [], ""recipient_role"": ""Client"", ""sender_user_id"": null, ""origin_platform"": ""MongoDB"", ""recipient_email"": ""idris.so1433@client.marble.co"", ""email_message_id"": ""<01.9E.53299.A28C58A6@i-06e70e8ebb85ee448.mta1vrest.sd.prd.sparkpost>"", ""recipient_user_id"": ""678512feaf8dc40008666581"", ""is_delivery_failed"": false, ""references_message_ids"": null, ""reply_to_email_message_id"": null}",timeline
97b159b4-f462-5fca-a524-18e4cf19c842,2026-08-19T15:13:52.708000,2026-08-19T15:13:52.708000,2026-08-19T15:13:54.292920,2026-08-19T15:14:02.404675,2026-08-19T15:13:53.587000,eae529490b8a9249732a5f6c,,678512f9af8dc40008666522,Communications,Email,Outbound,"Subject: You’re booked. Here’s what’s next\nBody: Marble\n \n\nYour case kickoff call is scheduled\n\nYour case kickoff call with your attorney,\nDana Whitfield, is confirmed!\n\nCalendar icon \n\nth\n Clock icon\n\nCalendar icon \n\nth\n Clock icon\n\n\nYour attorney will call you at the phone number ending in\n2093.\nCan’t make it? Reschedule or cancel here \n( https://clicks.marble.co/f/a/mFuPnOcJn1YLQ-wuupSHyA~~/AAQRxRA~/0py-nyJr4INEqOT7yuWICINg0fkA2B6KNWYWgGR742AFBbZYioy_ziO9hs9yfGcTRr7WHTk--4SsrE2CKUJJAas8pEMK2Tmtzyg2hM2j6a-BIlJNg3CDLvAKedIG-Ux_9PhY-3EV2wt_Kx-_JeiALiJOMT-WQ405PpmFUQxXeXUDIo96KKXw4h-CeHPTIJiOA43WL6-Rx37S2FlFB8CmIVMUyXoFLC9iXCM45Z00lN8~ )\n.\n\nTo stay up to date on your case, check out your Marble.\n\nGo to your Marble (\nttp://my.marble.co/case/eae529490b8a9249732a5f6c )\nNeed help uploading your documents? Learn more here.\n\n \ninstagram link \n( https://clicks.marble.co/f/a/h7Y-x4158M_7_xEa-SA8kw~~/AAQRxRA~/f83GzQ7rgc85Fe1yfEsmX0byAgmi194EwwmK5rJYGOwJ7KN5uE0CX1lKnGBDic3oIPsnj5bIJL6P2d2D0Z8WJ0L-tGRkwse7p83uQ7gOwCamyBryrgQPezaa4gIbf-byzvFrUsY595N4nmbylrb55OEnaUI4SlwNCpEFRnS1V2Q~ ) facebook\nlink ( https://clicks.marble.co/f/a/NiKXq7buM-wWzxowayOmnw~~/AAQRxRA~/53QhvtrSA6wBo6eeZ0K4IxKMKRLjHjkTbYQQz2siIga8_NWBbO2w9HSh8HIOWx2MKEVrny4G5Swt2JrB4S70S7Qm0GTvMfXFYIZA2Epb9BbpRj_dJ9fDPWolCokJ2JKDVbHPvaSytzbbmt2U9Wuk_tfhJlkDXxDmyso-mmNAEw4~ )\ntwitter link ( https://clicks.marble.co/f/a/Vb6WpcZOM6U2ClEJdgvYPA~~/AAQRxRA~/3ylWMRkIpSrDzk06kPpDtVq51Dd6lLPbmkvXo2i4SUOUwaB0HdVUmWDzRYH4tdzSIMJMaXk4nIQfRM06Gp0I8RWpPnLDAdjw7OiTijsRZU9K0ZjketTsD1beL4FkwQNoCwOq4DENGJzCzNcOSy-w6Smv62fppmG-s8KvPVnjYTs~ ) tik-tok link \n( https://clicks.marble.co/f/a/7swPP9gKcfTIhvvzcGHk4A~~/AAQRxRA~/hKeHM1qat4XqjbBYGOLmEFx7jreXYPEDd24e07HnxgplMS5PX0wH-VKFYxvQJdIBfM_pUrAFgqEWYI6WH8eFjptFGk0w-YeWo_gUd6vZts4tz3mLd3YIMPYx5qaZ0d5zFKBbZjz2T94AzVVZoY3Ee6D_ZnJi80-duKHf_Fr6h9U~ )\n\nMarble Blog \n( https://clicks.marble.co/f/a/AEfb1gkWvRAXORsJc2u7yg~~/AAQRxRA~/QKNd-GIMoaOYavplqIMw037Z_ngLXCQF7o6Rr_s4xZ5ueTKC5DRno4UI1Pjr0j7PSQ4mQ2xox-Hi9JI8MEPkWIRBmPyBA3AbK1RrU_Y8vN9ZuwHDQMRCmHqe0Fmsduc60056ABATl7aZKh398D1twi19WK9dQwtntzIdezLp22KL4ZQ6vdKMnZRFIyUAyB9nD1yuLpWCR01vPDGlT66bvw~~ )\n\n\nCopyright © 2025 -\n2026 Marble PC, All rights\nreserved.\n\nCONFIDENTIAL: ATTORNEY-CLIENT PRIVILEGE; ATTORNEY WORK PRODUCT:\nEmails and attachments received from us may be protected by the\nattorney-client privilege, as attorney work-product or by virtue\nof other privileges or provisions of law. If you are not an\nintended recipient, please do not read, copy, use, forward, or\nshare any such communications or attachments to others. Instead,\nimmediately notify the sender by replying to this email and then\ndelete it from your system. We strictly prohibit any unauthorized\ndisclosure, copying, distribution or use of emails or attachments\nsent by us.\n\nIf you have any questions,\nchat with our team in Marble Home \n( https://clicks.marble.co/f/a/NZF-wxhkPF-W3AJVykSxfw~~/AAQRxRA~/e9nn7BkFnOw8PhouJatbDivBvKI2jXACbJEKY-988MiGLHaE-oWUcy2SRYjmGoIsvoscrvuAVtX0GfUiSOLhORJP26HAsjJehq82zQD5h5dTzcth4l6dR798ElTyEsePpHnYRTxkkY_u_IGvOiLKZUYMgQbkl-ddoL6cW3MzfYbrKETFv8gWfjwshaZsn4aO )\n.\n\nMarble PC, 9920 Pacific Heights Blvd., Ste. 150 San Diego, CA\n92121\n\nUnsubscribe ( https://clicks.marble.co/f/a/BFS_oHqPj0HAiV0H4Sth9Q~~/AAQRxRA~/RfqIK9JwX7CPibnuyC2wrClW4cCHbQuoLIET0Zqu0C7QlwxG5ubGHkZeSmIB8LP4r2j_biXXH39k3C2a6f7hLXEKvnMQFOz7pChvDDuqZKPhgDocEUYPk491k4Yhm8epHTKUBTFx_kT7R0rB9zob8RQji2RtUxyR6PUtP4zOduhFadYTs2Ywbqr8xGpg53Rz5nEFIs9b28t3iKRu5tP-o5Mp9vjz5UkoEdN4gFke1-C3oqFSZO_PRg9P3w9PYyhAfYYgqMcTbOvTnLREjFbvfO9wsRA0Yk68WqxPA_4sMz36jKtLnkEOH8d-_hv2R0RNLUAsDlBenLjG7-48JwHOnW4bUVQ_A4eViwb1yQGfusMDu1YGcAbR1KPDuBJrcst8yF3VB79PUxw1D8Rim8-A9hQqr8GOStsTC6MyqBUOiNyAHIwSqqIermzfFNDYmpycGYRuALnc2dA5BE7vyDLQSnn_WbpeQd1FARismIQ6XyGCmkltqQx4YDWPn8Bjes5JC746oLTkYa5aU2s2HCpfJneTJIMnTUT6GRLLKV9sr6Z2LZkgz-yHKoJ4aX-ZUJmIK_0sd1N0zE38TCQHVGmK04VzJS3dsha88OPxBonYGPIIbKHG4lWgl87oLPyu1qaWzHJU3TazmvI3vKjgrWGbTZ9qR25X9DntitSK82tJYt0mLz-amUz4uR5yYi8mmW7W )","{""source"": ""braze"", ""smtp_id"": ""<7L1SZRERSpScU9t10sDFeA@geopod-ismtpd-72>"", ""subject"": ""You’re booked. Here’s what’s next"", ""origin_id"": ""6a85c8311d72c487cb267465"", ""from_email"": ""hello@info.marble.co"", ""recipients"": [""idris.so1433@client.marble.co""], ""source_key"": ""7e64cd0c-c744-4327-909e-1b5f5145c2ad"", ""attachments"": [], ""sender_role"": ""System"", ""carbon_copies"": [], ""recipient_role"": ""Client"", ""sender_user_id"": null, ""origin_platform"": ""MongoDB"", ""recipient_email"": ""idris.so1433@client.marble.co"", ""email_message_id"": ""<9D.A3.40962.F28C58A6@i-0b944cb4a20231af7.mta1vrest.sd.prd.sparkpost>"", ""recipient_user_id"": ""678512feaf8dc40008666581"", ""is_delivery_failed"": false, ""references_message_ids"": null, ""reply_to_email_message_id"": null}",timeline
58593925-b235-527f-aa35-b15e1ecd304b,2026-08-19T15:25:10.237000,2026-08-19T15:25:10.237000,2026-08-19T15:25:11.350550,2026-08-19T15:25:11.350550,2026-08-19T15:25:10.237000,eae529490b8a9249732a5f6c,,678512f9af8dc40008666522,Documents,Document_Upload,,Document: Uploaded\nFile name: IMG_4548.jpeg\nSummary: ,"{""labels"": [], ""s3_key"": ""documents/678512f9af8dc40008666522/190efba9-f8a3-45b5-b6e7-b45db8123113.jpeg"", ""source"": ""MY_MARBLE_WEB"", ""summary"": null, ""ai_flags"": [], ""file_name"": ""IMG_4548.jpeg"", ""file_size"": 3565702, ""origin_id"": ""6a85cad535aaaedf52709f49"", ""is_duplicate"": false, ""source_param"": null, ""who_uploaded"": ""External user"", ""document_name"": ""Proof of current income"", ""classification"": null, ""s3_upload_date"": ""2026-08-19 15:25:10.237+00"", ""origin_platform"": ""MongoDB"", ""document_type_id"": ""69883fc0da11e9c2e4d0ae1c"", ""extended_summary"": null, ""thumbnail_s3_key"": null, ""document_category"": ""Financials"", ""sub_classification"": null, ""customer_visibility"": true, ""document_description"": ""This can be any document that shows the income you're currently receiving. Some examples include a recent pay stub, a social security benefits statement, or any other documentation that reflects ongoing income from sources like retirement, disability, or rental income."", ""thumbnail_created_at"": null, ""document_display_name"": ""Proof of current income"", ""document_how_to_obtain"": ""You should be able to access your most recent pay stub through your employer’s payroll system, an online benefits account, or statements from the organization that pays your income. If you have more than one source of income, you may provide documentation for each, and if you don’t have access to a document right now, your legal team can review this with you later."", ""unified_document_merge_status"": null, ""document_importance_description"": ""Your legal team uses this document to get a clear picture of your current income so they can accurately prepare required court forms and financial filings. Having this information early helps avoid errors, delays, or follow-up requests later in the process.""}",timeline
71abd4b6-e951-5cce-bb54-6c72001729f5,2026-08-19T15:26:17.406000,2026-08-19T15:26:17.406000,2026-08-19T15:26:19.292451,2026-08-19T15:26:19.292451,2026-08-19T15:26:17.406000,eae529490b8a9249732a5f6c,,678512f9af8dc40008666522,Documents,Document_Upload,,Document: Uploaded\nFile name: IMG_4198.jpeg\nSummary: ,"{""labels"": [], ""s3_key"": ""documents/678512f9af8dc40008666522/64c800fd-53c6-49b8-a105-8a081b982dcc.jpeg"", ""source"": ""MY_MARBLE_WEB"", ""summary"": null, ""ai_flags"": [], ""file_name"": ""IMG_4198.jpeg"", ""file_size"": 1233925, ""origin_id"": ""6a85cb1835aaaedf52709fb3"", ""is_duplicate"": false, ""source_param"": null, ""who_uploaded"": ""External user"", ""document_name"": ""Driver's License"", ""classification"": null, ""s3_upload_date"": ""2026-08-19 15:26:17.406+00"", ""origin_platform"": ""MongoDB"", ""document_type_id"": ""64e35eaf469ef10008808e31"", ""extended_summary"": null, ""thumbnail_s3_key"": null, ""document_category"": ""Personal"", ""sub_classification"": null, ""customer_visibility"": true, ""document_description"": ""This is a copy of your state driver's license or identification card."", ""thumbnail_created_at"": null, ""document_display_name"": ""Driver's License"", ""document_how_to_obtain"": ""If you have a driver’s license, make a copy of it. You can also use another form of ID such as a valid US passport."", ""unified_document_merge_status"": null, ""document_importance_description"": ""The court requires official identification.""}",timeline
f7f35380-e918-5e0c-a981-2682bbff394c,2026-08-19T15:26:27.786000,2026-08-19T15:26:27.786000,2026-08-19T15:26:33.884235,2026-08-19T15:26:33.884235,2026-08-19T15:26:27.786000,eae529490b8a9249732a5f6c,,678512f9af8dc40008666522,Data Entries,Client Docs,,Client docs uploaded,"{""source"": ""UNSPECIFIED"", ""event_id"": ""980874f9-b2bc-4597-a62b-d850c51715d2"", ""data_points"": {""multipleDriversLicense"": ""[\""6a85cb1835aaaedf52709fb3\""]"", ""multipleProofOfCurrentIncome"": ""[\""6a85cad535aaaedf52709f49\""]""}, ""data_schema_id"": ""64b53287f3ba780008d8791a"", ""data_points_count"": 2}",timeline
1ba07ec0-eafd-543d-8e8e-98accb0b31aa,2026-08-19T15:26:27.931000,2026-08-19T15:26:27.931000,2026-08-19T15:26:33.884235,2026-08-19T15:26:33.884235,2026-08-19T15:26:27.931000,eae529490b8a9249732a5f6c,6a3187a5f7fb6411ce26dc3d,678512f9af8dc40008666522,Data Requests,Express service,,Express service data request: Completed,"{""tags"": [""69272dfbe62a4c8be37e7cef"", ""EXPRESS_6a85bd9c9a7da49167ff53af"", ""requiredDocuments""], ""status"": ""Completed"", ""creator_id"": ""6a3187a5f7fb6411ce26dc3f"", ""service_id"": ""6a85bd9c9a7da49167ff53af"", ""creator_type"": ""AUTOMATIC"", ""data_request_id"": ""6a85c7381a3079c7a53751b0"", ""origin_platform"": ""MongoDB"", ""service_type_id"": ""69272dfbe62a4c8be37e7cef"", ""service_type_name"": ""Marble Petition for Dissolution of Marriage"", ""request_created_at"": ""2026-08-19 15:09:44.726+00"", ""creator_description"": ""Express service system"", ""documents_requested_ids"": [""64e35eaf469ef10008808e31""], ""data_request_description"": ""Express service data request"", ""documents_requested_name"": [""Driver's License""]}",timeline
550f9331-2616-555a-8ed7-e46e20f1a9b2,2026-08-19T15:26:27.952000,2026-08-19T15:26:27.952000,2026-08-19T15:26:33.884235,2026-08-19T15:26:33.884235,2026-08-19T15:26:27.952000,eae529490b8a9249732a5f6c,6a3187a5f7fb6411ce26dc3d,678512f9af8dc40008666522,Data Requests,Express service,,Express service data request: Completed,"{""tags"": [""69272dfbe62a4c8be37e7cef"", ""EXPRESS_6a85bd9c9a7da49167ff53af"", ""requiredDocuments""], ""status"": ""Completed"", ""creator_id"": ""6a3187a5f7fb6411ce26dc3f"", ""service_id"": ""6a85bd9c9a7da49167ff53af"", ""creator_type"": ""AUTOMATIC"", ""data_request_id"": ""6a85c7381a3079c7a53751b2"", ""origin_platform"": ""MongoDB"", ""service_type_id"": ""69272dfbe62a4c8be37e7cef"", ""service_type_name"": ""Marble Petition for Dissolution of Marriage"", ""request_created_at"": ""2026-08-19 15:09:44.73+00"", ""creator_description"": ""Express service system"", ""documents_requested_ids"": [""69883fc0da11e9c2e4d0ae1c""], ""data_request_description"": ""Express service data request"", ""documents_requested_name"": [""Proof of current income""]}",timeline
897d783e-abf9-592d-a230-c5d08c7e6240,2026-08-19T17:03:01,2026-08-19T17:03:01,2026-08-19T21:53:58.386679,2026-08-19T21:53:58.386679,2026-08-19T17:03:01,eae529490b8a9249732a5f6c,,678512f9af8dc40008666522,Communications,SMS,Outbound,"Hi Idris, Marble here. We're here to make this as smooth as possible. To help your attorney move your case forward, please complete as much of your onboarding tasks as you can, including your intake questionnaire and any requested documents. The more details you provide now, the more productive your meeting with your attorney will be.\n\nGo to Marble:  https://sms.marble.co/gll0CrCd","{""provider"": ""Twilio"", ""to_phone"": ""+19415552093"", ""canvas_id"": null, ""origin_id"": ""6a85e1c5e4181d1db68fdd513b3b44f0"", ""canvas_name"": null, ""sender_role"": ""System"", ""braze_user_id"": ""6785130dd4bf546543005663"", ""canvas_step_id"": null, ""recipient_role"": ""Client"", ""origin_platform"": ""braze"", ""canvas_step_name"": null, ""subscription_group"": ""5791d911-1294-4c66-b828-83ab545fccf4"", ""canvas_variation_id"": null, ""message_variation_id"": ""1c53bb27-13c1-426c-84bd-f403f7b1e078""}",timeline
c7d81347-9f88-5d83-a034-f09aa26839f4,2026-08-19T19:07:16.008000,2026-08-19T19:07:16.008000,2026-08-19T19:07:19.080491,2026-08-19T19:07:19.080491,2026-08-19T19:07:16.008000,eae529490b8a9249732a5f6c,,678512f9af8dc40008666522,Marbles,Status_Change,,Type: INTAKE_QUESTIONNAIRE_FORM\nChange: Created,"{""done"": false, ""type"": ""INTAKE_QUESTIONNAIRE_FORM"", ""skipped"": false, ""metadata"": {""userId"": ""678512feaf8dc40008666581"", ""hasAutoDraft"": false, ""practiceArea"": ""FAMILY"", ""ckcScheduledDate"": {""$date"": 1787328000000}, ""wasEverSubmitted"": false, ""resubmissionMessage"": null, ""completionPercentage"": 9, ""formCompletionStatus"": {""totalVisibleFields"": 65, ""filledVisibleFields"": 6, ""completionPercentage"": 9, ""firstIncompleteField"": {""fieldName"": ""clientMiddleName"", ""fieldLabel"": ""Middle name"", ""flareBucket"": ""CLIENT""}}, ""daysSinceIntakeCreated"": 0, ""isEligibleForAutoDraft"": true, ""submittedQuestionnaireDate"": null, ""hasIntakeResubmissionRequest"": false}, ""origin_id"": ""6a85c7cce670514997d5b4c5"", ""update_type"": ""created"", ""is_skippable"": false, ""reference_id"": ""INTAKE_QUESTIONNAIRE_FORM"", ""origin_platform"": ""MongoDB"", ""marble_instance_id"": ""6a85fee4c0f6e32e5a34a5a1""}",timeline
4463573b-21f5-52a8-8dc7-fca04a68638e,2026-08-19T19:58:35.014000,2026-08-19T19:58:35.014000,2026-08-19T19:09:16.300916,2026-08-20T19:58:03.231823,2026-08-19T19:58:35.014000,eae529490b8a9249732a5f6c,,678512f9af8dc40008666522,Data Entries,Client Data,,Client data updated,"{""source"": ""CUSTOMER"", ""event_id"": ""f5e3deb7-bbb0-4e13-ba8c-2c8e22bdd6cd"", ""data_points"": {""nameMaiden"": ""Sorlie"", ""childPregnancy"": ""false"", ""nameMaidenRestore"": ""true""}, ""data_schema_id"": ""66dec1950af2fa0007b0e36a"", ""data_points_count"": 3}",timeline
907ebb4b-1c78-569a-a151-760b7829528e,2026-08-19T20:06:48.843000,2026-08-19T20:06:48.843000,2026-08-19T20:00:13.281249,2026-08-20T20:06:32.266939,2026-08-19T20:06:48.843000,eae529490b8a9249732a5f6c,,678512f9af8dc40008666522,Data Entries,Client Data,,Client data updated,"{""source"": ""CUSTOMER"", ""event_id"": ""e485d54d-0d20-4d21-a92c-656596ab40b1"", ""data_points"": {""mortgagesQuestion"": ""false""}, ""data_schema_id"": ""66dec1950af2fa0007b0e36a"", ""data_points_count"": 1}",timeline
557d1cff-7ddb-5fd1-bb69-5df2b23f7821,2026-08-19T20:06:49.400000,2026-08-19T20:06:49.400000,2026-08-19T20:06:50.281615,2026-08-19T20:06:50.281615,2026-08-19T20:06:49.400000,eae529490b8a9249732a5f6c,6a3187a5f7fb6411ce26dc3d,678512f9af8dc40008666522,Service,Service Draft,,Service Name: Marble Petition for Dissolution of Marriage\nService Drafts: Client Completed (Pending attorney),"{""activity"": ""Client Completed (Pending attorney)"", ""origin_id"": ""6a85c7383f1b9b7f8bcba646"", ""service_id"": ""6a85bd9c9a7da49167ff53af"", ""service_name"": ""Marble Petition for Dissolution of Marriage"", ""origin_platform"": ""MongoDB"", ""service_type_id"": ""69272dfbe62a4c8be37e7cef"", ""service_type_name"": ""Marble Petition for Dissolution of Marriage"", ""service_drafts_status"": ""PENDING_ATTORNEY"", ""service_drafts_created_at"": ""2026-08-19 15:09:44.792+00""}",timeline
814a5b0e-fe55-5517-9174-60767d7852c0,2026-08-19T20:06:50.627000,2026-08-19T20:06:50.627000,2026-08-19T20:06:51.241054,2026-08-19T20:06:51.241054,2026-08-19T20:06:50.627000,eae529490b8a9249732a5f6c,,678512f9af8dc40008666522,Marbles,Status_Change,,Type: INTAKE_QUESTIONNAIRE_FORM\nChange: Done,"{""done"": true, ""type"": ""INTAKE_QUESTIONNAIRE_FORM"", ""skipped"": false, ""metadata"": {""userId"": ""678512feaf8dc40008666581"", ""hasAutoDraft"": false, ""practiceArea"": ""FAMILY"", ""ckcScheduledDate"": {""$date"": 1787328000000}, ""wasEverSubmitted"": false, ""resubmissionMessage"": null, ""completionPercentage"": 9, ""formCompletionStatus"": {""totalVisibleFields"": 65, ""filledVisibleFields"": 6, ""completionPercentage"": 9, ""firstIncompleteField"": {""fieldName"": ""clientMiddleName"", ""fieldLabel"": ""Middle name"", ""flareBucket"": ""CLIENT""}}, ""daysSinceIntakeCreated"": 0, ""isEligibleForAutoDraft"": true, ""submittedQuestionnaireDate"": null, ""hasIntakeResubmissionRequest"": false}, ""origin_id"": ""6a85c7cce670514997d5b4c5"", ""update_type"": ""done"", ""is_skippable"": false, ""reference_id"": ""INTAKE_QUESTIONNAIRE_FORM"", ""origin_platform"": ""MongoDB"", ""marble_instance_id"": ""6a85fee4c0f6e32e5a34a5a1""}",timeline
816d5d9d-15d5-5a82-99f4-f4ac68a7ded6,2026-08-19T20:06:52.903000,2026-08-19T20:06:52.903000,2026-08-19T20:06:54.302421,2026-08-19T20:06:54.302421,2026-08-19T20:06:52.903000,eae529490b8a9249732a5f6c,,678512f9af8dc40008666522,Documents,Document_Upload,,Document: Uploaded\nFile name: INITIAL DRAFT - FL Summons.pdf\nSummary: ,"{""labels"": [], ""s3_key"": ""documents/678512f9af8dc40008666522/2c70064c-1a7e-413f-8d07-007a7d503a97.pdf"", ""source"": ""DOCOLOCO_AUTODRAFT"", ""summary"": null, ""ai_flags"": [], ""file_name"": ""INITIAL DRAFT - FL Summons.pdf"", ""file_size"": 45692, ""origin_id"": ""6a860cdcc3e627d82cb56168"", ""is_duplicate"": false, ""source_param"": ""6936ba9b8cea2aafac4f99bf"", ""who_uploaded"": ""External user"", ""document_name"": ""Initial Draft"", ""classification"": null, ""s3_upload_date"": ""2026-08-19 20:06:52.903+00"", ""origin_platform"": ""MongoDB"", ""document_type_id"": ""694bb7cc3952e42fc3cf2309"", ""extended_summary"": null, ""thumbnail_s3_key"": null, ""document_category"": ""Initial Draft"", ""sub_classification"": null, ""customer_visibility"": true, ""document_description"": ""Initial Draft"", ""thumbnail_created_at"": null, ""document_display_name"": ""Initial Draft"", ""document_how_to_obtain"": ""Initial draft is available through the documents page"", ""unified_document_merge_status"": null, ""document_importance_description"": ""Initial draft for client review before CKC""}",timeline
3191b60f-c55e-57e3-b6fe-3c1574870bd0,2026-08-19T20:06:55.745000,2026-08-19T20:06:55.745000,2026-08-19T20:06:57.296914,2026-08-19T20:06:57.296914,2026-08-19T20:06:55.745000,eae529490b8a9249732a5f6c,,678512f9af8dc40008666522,Documents,Document_Upload,,Document: Uploaded\nFile name: INITIAL DRAFT - FL Divorce Petition.pdf\nSummary: ,"{""labels"": [], ""s3_key"": ""documents/678512f9af8dc40008666522/0ed7a517-4f83-4159-8429-7becf097128d.pdf"", ""source"": ""DOCOLOCO_AUTODRAFT"", ""summary"": null, ""ai_flags"": [], ""file_name"": ""INITIAL DRAFT - FL Divorce Petition.pdf"", ""file_size"": 63288, ""origin_id"": ""6a860cdfc3e627d82cb56169"", ""is_duplicate"": false, ""source_param"": ""6936bb708cea2aafac4f99c3"", ""who_uploaded"": ""External user"", ""document_name"": ""Initial Draft"", ""classification"": null, ""s3_upload_date"": ""2026-08-19 20:06:55.745+00"", ""origin_platform"": ""MongoDB"", ""document_type_id"": ""694bb7cc3952e42fc3cf2309"", ""extended_summary"": null, ""thumbnail_s3_key"": null, ""document_category"": ""Initial Draft"", ""sub_classification"": null, ""customer_visibility"": true, ""document_description"": ""Initial Draft"", ""thumbnail_created_at"": null, ""document_display_name"": ""Initial Draft"", ""document_how_to_obtain"": ""Initial draft is available through the documents page"", ""unified_document_merge_status"": null, ""document_importance_description"": ""Initial draft for client review before CKC""}",timeline
10d41f4c-c8b7-5f92-8a2f-13b0806e8b3e,2026-08-19T20:07:03.617000,2026-08-19T20:07:03.617000,2026-08-19T20:07:04.277928,2026-08-19T20:07:04.277928,2026-08-19T20:07:03.617000,eae529490b8a9249732a5f6c,,678512f9af8dc40008666522,Marbles,Status_Change,,Type: AUTODRAFT\nChange: Created,"{""done"": false, ""type"": ""AUTODRAFT"", ""skipped"": false, ""metadata"": null, ""origin_id"": ""6a85c7cce670514997d5b4c5"", ""update_type"": ""created"", ""is_skippable"": true, ""reference_id"": ""AUTODRAFT"", ""origin_platform"": ""MongoDB"", ""marble_instance_id"": ""6a860ce79b1f57c957853203""}",timeline
b6f8252e-1ae7-57fc-91f7-1eed1a43310a,2026-08-19T20:08:59,2026-08-19T20:08:59,2026-08-19T21:55:09.329100,2026-08-19T21:55:09.329100,2026-08-19T20:08:59,eae529490b8a9249732a5f6c,,678512f9af8dc40008666522,Communications,SMS,Outbound,"Hi Idris, we've created an initial draft based on the information you've provided. This is only a FIRST draft, any questions you have can be discussed in your call with your attorney. \nYou can see the draft in your documents tab in Marble:  https://sms.marble.co/t3HXxMHj","{""provider"": ""Twilio"", ""to_phone"": ""+19415552093"", ""canvas_id"": null, ""origin_id"": ""6a860d5b05aac19e049b01f566be3f17"", ""canvas_name"": null, ""sender_role"": ""System"", ""braze_user_id"": ""6785130dd4bf546543005663"", ""canvas_step_id"": null, ""recipient_role"": ""Client"", ""origin_platform"": ""braze"", ""canvas_step_name"": null, ""subscription_group"": ""5791d911-1294-4c66-b828-83ab545fccf4"", ""canvas_variation_id"": null, ""message_variation_id"": ""d1838bd1-3424-4947-bf26-4df690408085""}",timeline
a161c1e3-dfeb-5e67-b3e9-a5b0678369bc,2026-08-19T22:07:28,2026-08-19T22:07:28,2026-08-19T22:10:17.182464,2026-08-19T22:10:17.182464,2026-08-19T22:07:28,eae529490b8a9249732a5f6c,,678512f9af8dc40008666522,Communications,SMS,Outbound,"Hi Idris, Marble here. Your attorney needs more information from you in order to set your case in motion. Go to Marble: \nhttps://sms.marble.co/xgEb7O6F","{""provider"": ""Twilio"", ""to_phone"": ""+19415552093"", ""canvas_id"": null, ""origin_id"": ""6a862920a3f785b463f103e1c96437d3"", ""canvas_name"": null, ""sender_role"": ""System"", ""braze_user_id"": ""6785130dd4bf546543005663"", ""canvas_step_id"": null, ""recipient_role"": ""Client"", ""origin_platform"": ""braze"", ""canvas_step_name"": null, ""subscription_group"": ""5791d911-1294-4c66-b828-83ab545fccf4"", ""canvas_variation_id"": null, ""message_variation_id"": ""988c9c65-ce26-4c25-93c6-9db6fb8922fa""}",timeline
f1f12a8e-9dee-5b9e-8063-b93ddeb9f0ae,2026-08-19T22:09:54.425000,2026-08-19T22:09:54.425000,2026-08-19T22:09:55.201614,2026-08-19T22:09:55.201614,2026-08-19T22:09:54.425000,eae529490b8a9249732a5f6c,,678512f9af8dc40008666522,Marbles,Status_Change,,Type: INTAKE_QUESTIONNAIRE_FORM\nChange: Done,"{""done"": true, ""type"": ""INTAKE_QUESTIONNAIRE_FORM"", ""skipped"": false, ""metadata"": {""userId"": ""678512feaf8dc40008666581"", ""hasAutoDraft"": false, ""practiceArea"": ""FAMILY"", ""ckcScheduledDate"": {""$date"": 1787328000000}, ""wasEverSubmitted"": false, ""resubmissionMessage"": null, ""completionPercentage"": 9, ""formCompletionStatus"": {""totalVisibleFields"": 65, ""filledVisibleFields"": 6, ""completionPercentage"": 9, ""firstIncompleteField"": {""fieldName"": ""clientMiddleName"", ""fieldLabel"": ""Middle name"", ""flareBucket"": ""CLIENT""}}, ""daysSinceIntakeCreated"": 0, ""isEligibleForAutoDraft"": true, ""submittedQuestionnaireDate"": null, ""hasIntakeResubmissionRequest"": false}, ""origin_id"": ""6a85c7cce670514997d5b4c5"", ""update_type"": ""done"", ""is_skippable"": false, ""reference_id"": ""INTAKE_QUESTIONNAIRE_FORM"", ""origin_platform"": ""MongoDB"", ""marble_instance_id"": ""6a85fee4c0f6e32e5a34a5a1""}",timeline
21986e3f-5624-54bd-b942-8acf53538bae,2026-08-19T22:09:54.496000,2026-08-19T22:09:54.496000,2026-08-19T22:09:55.201614,2026-08-19T22:09:55.201614,2026-08-19T22:09:54.496000,eae529490b8a9249732a5f6c,,678512f9af8dc40008666522,Marbles,Status_Change,,Type: INTAKE_QUESTIONNAIRE_FORM\nChange: Done,"{""done"": true, ""type"": ""INTAKE_QUESTIONNAIRE_FORM"", ""skipped"": false, ""metadata"": {""userId"": ""678512feaf8dc40008666581"", ""hasAutoDraft"": false, ""practiceArea"": ""FAMILY"", ""ckcScheduledDate"": {""$date"": 1787328000000}, ""wasEverSubmitted"": false, ""resubmissionMessage"": null, ""completionPercentage"": 9, ""formCompletionStatus"": {""totalVisibleFields"": 65, ""filledVisibleFields"": 6, ""completionPercentage"": 9, ""firstIncompleteField"": {""fieldName"": ""clientMiddleName"", ""fieldLabel"": ""Middle name"", ""flareBucket"": ""CLIENT""}}, ""daysSinceIntakeCreated"": 0, ""isEligibleForAutoDraft"": true, ""submittedQuestionnaireDate"": null, ""hasIntakeResubmissionRequest"": false}, ""origin_id"": ""6a85c7cce670514997d5b4c5"", ""update_type"": ""done"", ""is_skippable"": false, ""reference_id"": ""INTAKE_QUESTIONNAIRE_FORM"", ""origin_platform"": ""MongoDB"", ""marble_instance_id"": ""6a85fee4c0f6e32e5a34a5a1""}",timeline
c979221a-abd1-59f7-b624-e0fc659ebc16,2026-08-19T22:10:16.735000,2026-08-19T22:10:16.735000,2026-08-19T22:10:18.139983,2026-08-19T22:10:18.139983,2026-08-19T22:10:16.735000,eae529490b8a9249732a5f6c,,678512f9af8dc40008666522,Marbles,Status_Change,,Type: AUTODRAFT\nChange: Done,"{""done"": true, ""type"": ""AUTODRAFT"", ""skipped"": false, ""metadata"": null, ""origin_id"": ""6a85c7cce670514997d5b4c5"", ""update_type"": ""done"", ""is_skippable"": true, ""reference_id"": ""AUTODRAFT"", ""origin_platform"": ""MongoDB"", ""marble_instance_id"": ""6a860ce79b1f57c957853203""}",timeline
59ab5130-31e1-51ab-bf74-cd901c930e26,2026-08-19T22:10:43.068000,2026-08-19T22:10:43.068000,2026-08-19T22:10:44.296202,2026-08-19T22:10:44.296202,2026-08-19T22:10:43.068000,eae529490b8a9249732a5f6c,,678512f9af8dc40008666522,Marbles,Status_Change,,Type: CKC_SCHEDULE_KICKOFF_CALL\nChange: Done,"{""done"": true, ""type"": ""CKC_SCHEDULE_KICKOFF_CALL"", ""skipped"": false, ""metadata"": {""meetingId"": ""50f88675-b759-460a-ae99-e966b0c56260"", ""bookitRequestId"": ""50f88675-b759-460a-ae99-e966b0c56260""}, ""origin_id"": ""6a85c7cce670514997d5b4c5"", ""update_type"": ""done"", ""is_skippable"": true, ""reference_id"": ""CKC_SCHEDULE_KICKOFF_CALL_50f88675-b759-460a-ae99-e966b0c56260"", ""origin_platform"": ""MongoDB"", ""marble_instance_id"": ""6a85c7f5e670514997d5b4e7""}",timeline
5d7ef83b-04e6-5a91-ac18-3cc74869e12c,2026-08-19T22:10:44.855000,2026-08-19T22:10:44.855000,2026-08-19T22:10:45.341057,2026-08-19T22:10:45.341057,2026-08-19T22:10:44.855000,eae529490b8a9249732a5f6c,,678512f9af8dc40008666522,Marbles,Status_Change,,Type: CKC_WHAT_TO_EXPECT\nChange: Created,"{""done"": false, ""type"": ""CKC_WHAT_TO_EXPECT"", ""skipped"": false, ""metadata"": {""practiceArea"": ""FAMILY""}, ""origin_id"": ""6a85c7cce670514997d5b4c5"", ""update_type"": ""created"", ""is_skippable"": false, ""reference_id"": ""CKC_WHAT_TO_EXPECT"", ""origin_platform"": ""MongoDB"", ""marble_instance_id"": ""6a8629e42b51f6ce37be4268""}",timeline
3c651349-b692-55a3-87a9-4d5362708b2f,2026-08-19T22:11:04.043000,2026-08-19T22:11:04.043000,2026-08-19T22:11:05.212465,2026-08-19T22:11:05.212465,2026-08-19T22:11:04.043000,eae529490b8a9249732a5f6c,,678512f9af8dc40008666522,Marbles,Status_Change,,Type: CKC_WHAT_TO_EXPECT\nChange: Done,"{""done"": true, ""type"": ""CKC_WHAT_TO_EXPECT"", ""skipped"": false, ""metadata"": {""practiceArea"": ""FAMILY""}, ""origin_id"": ""6a85c7cce670514997d5b4c5"", ""update_type"": ""done"", ""is_skippable"": false, ""reference_id"": ""CKC_WHAT_TO_EXPECT"", ""origin_platform"": ""MongoDB"", ""marble_instance_id"": ""6a8629e42b51f6ce37be4268""}",timeline
346023b2-791d-5763-94d4-5ce53ae97ce9,2026-08-19T23:09:57.044000,2026-08-19T23:09:57.044000,2026-08-19T23:09:58.503403,2026-08-19T23:09:58.503403,2026-08-19T23:09:57.044000,eae529490b8a9249732a5f6c,,678512f9af8dc40008666522,Documents,Document_Upload,,Document: Uploaded\nFile name: INITIAL DRAFT - FL Summons.pdf\nSummary: ,"{""labels"": [], ""s3_key"": ""documents/678512f9af8dc40008666522/554774c4-afc1-4258-94ea-9af85d8929a9.pdf"", ""source"": ""DOCOLOCO_AUTODRAFT"", ""summary"": null, ""ai_flags"": [], ""file_name"": ""INITIAL DRAFT - FL Summons.pdf"", ""file_size"": 45693, ""origin_id"": ""6a860cdcc3e627d82cb56168"", ""is_duplicate"": false, ""source_param"": ""6936ba9b8cea2aafac4f99bf"", ""who_uploaded"": ""External user"", ""document_name"": ""Initial Draft"", ""classification"": null, ""s3_upload_date"": ""2026-08-19 23:09:57.044+00"", ""origin_platform"": ""MongoDB"", ""document_type_id"": ""694bb7cc3952e42fc3cf2309"", ""extended_summary"": null, ""thumbnail_s3_key"": null, ""document_category"": ""Initial Draft"", ""sub_classification"": null, ""customer_visibility"": true, ""document_description"": ""Initial Draft"", ""thumbnail_created_at"": null, ""document_display_name"": ""Initial Draft"", ""document_how_to_obtain"": ""Initial draft is available through the documents page"", ""unified_document_merge_status"": null, ""document_importance_description"": ""Initial draft for client review before CKC""}",timeline
47b0f587-cee6-5996-b492-f7899e031823,2026-08-19T23:09:59.720000,2026-08-19T23:09:59.720000,2026-08-19T23:10:01.412367,2026-08-19T23:10:01.412367,2026-08-19T23:09:59.720000,eae529490b8a9249732a5f6c,,678512f9af8dc40008666522,Documents,Document_Upload,,Document: Uploaded\nFile name: INITIAL DRAFT - FL Divorce Petition.pdf\nSummary: ,"{""labels"": [], ""s3_key"": ""documents/678512f9af8dc40008666522/84cbed22-8fda-4126-9b6a-b6b04c7131e5.pdf"", ""source"": ""DOCOLOCO_AUTODRAFT"", ""summary"": null, ""ai_flags"": [], ""file_name"": ""INITIAL DRAFT - FL Divorce Petition.pdf"", ""file_size"": 63288, ""origin_id"": ""6a860cdfc3e627d82cb56169"", ""is_duplicate"": false, ""source_param"": ""6936bb708cea2aafac4f99c3"", ""who_uploaded"": ""External user"", ""document_name"": ""Initial Draft"", ""classification"": null, ""s3_upload_date"": ""2026-08-19 23:09:59.72+00"", ""origin_platform"": ""MongoDB"", ""document_type_id"": ""694bb7cc3952e42fc3cf2309"", ""extended_summary"": null, ""thumbnail_s3_key"": null, ""document_category"": ""Initial Draft"", ""sub_classification"": null, ""customer_visibility"": true, ""document_description"": ""Initial Draft"", ""thumbnail_created_at"": null, ""document_display_name"": ""Initial Draft"", ""document_how_to_obtain"": ""Initial draft is available through the documents page"", ""unified_document_merge_status"": null, ""document_importance_description"": ""Initial draft for client review before CKC""}",timeline
111b2374-dea5-5648-8ab9-cd6ab1b3f8a4,2026-08-19T23:10:16,2026-08-19T23:10:16,2026-08-19T23:13:05.283020,2026-08-19T23:13:05.283020,2026-08-19T23:10:16,eae529490b8a9249732a5f6c,,678512f9af8dc40008666522,Communications,SMS,Outbound,"Hi Idris, we've created an initial draft based on the information you've provided. This is only a FIRST draft, any questions you have can be discussed in your call with your attorney. \nYou can see the draft in your documents tab in Marble:  https://sms.marble.co/ejXv6Bch","{""provider"": ""Twilio"", ""to_phone"": ""+19415552093"", ""canvas_id"": null, ""origin_id"": ""6a8637d7f19444e72b816d74718be8b3"", ""canvas_name"": null, ""sender_role"": ""System"", ""braze_user_id"": ""6785130dd4bf546543005663"", ""canvas_step_id"": null, ""recipient_role"": ""Client"", ""origin_platform"": ""braze"", ""canvas_step_name"": null, ""subscription_group"": ""5791d911-1294-4c66-b828-83ab545fccf4"", ""canvas_variation_id"": null, ""message_variation_id"": ""d1838bd1-3424-4947-bf26-4df690408085""}",timeline
15b2d6b8-adfb-56ba-854c-5c24b35e4d57,2026-08-20T17:03:37,2026-08-20T17:03:37,2026-08-20T21:39:09.329779,2026-08-20T21:39:09.329779,2026-08-20T17:03:37,eae529490b8a9249732a5f6c,,678512f9af8dc40008666522,Communications,SMS,Outbound,"Action required: Hi Idris, Marble here. To help make the best use of your time with the attorney, please complete the missing information requested. \n\nYou can update your intake here: https://sms.marble.co/yvXUXEHj","{""provider"": ""Twilio"", ""to_phone"": ""+19415552093"", ""canvas_id"": null, ""origin_id"": ""6a873369051661657d69883700d8c4df"", ""canvas_name"": null, ""sender_role"": ""System"", ""braze_user_id"": ""6785130dd4bf546543005663"", ""canvas_step_id"": null, ""recipient_role"": ""Client"", ""origin_platform"": ""braze"", ""canvas_step_name"": null, ""subscription_group"": ""5791d911-1294-4c66-b828-83ab545fccf4"", ""canvas_variation_id"": null, ""message_variation_id"": ""dca8e100-713a-4727-9471-0fea8faf1534""}",timeline
1cdfb9bb-e0cb-5323-8c06-d094d4a56b16,2026-08-21T15:39:07.163000,2026-08-21T15:39:07.163000,2026-08-21T15:39:08.254668,2026-08-21T15:39:08.254668,2026-08-21T15:39:07.163000,eae529490b8a9249732a5f6c,6a3187a5f7fb6411ce26dc3d,678512f9af8dc40008666522,Service,Service Draft,,Service Name: Marble Petition for Dissolution of Marriage\nService Drafts: Attorney Completed,"{""activity"": ""Attorney Completed"", ""origin_id"": ""6a85c7383f1b9b7f8bcba646"", ""service_id"": ""6a85bd9c9a7da49167ff53af"", ""service_name"": ""Marble Petition for Dissolution of Marriage"", ""origin_platform"": ""MongoDB"", ""service_type_id"": ""69272dfbe62a4c8be37e7cef"", ""service_type_name"": ""Marble Petition for Dissolution of Marriage"", ""service_drafts_status"": ""ATTORNEY"", ""service_drafts_created_at"": ""2026-08-19 15:09:44.792+00""}",timeline
8301c72a-7642-5ed5-990a-aa1f7f70f32d,2026-08-21T15:43:17.437000,2026-08-21T15:43:17.437000,2026-08-21T15:34:28.273795,2026-08-22T15:42:32.249936,2026-08-21T15:43:17.437000,eae529490b8a9249732a5f6c,,678512f9af8dc40008666522,Data Entries,Client Data,,Client data updated,"{""source"": ""LEGAL_TEAM"", ""event_id"": ""9b929825-40c8-4e95-aad1-6079f700f617"", ""data_points"": {""clientSSN"": ""vinny::hkdf-aes-gcm-v1::N3ayTI0xEdkYMyfn::8jrg/UeMZVeaAvPHrbUo1g==::9RBuDt89N/Uxp/DCbVIMrGRrbrdiYCRj0jYizcAB9xA=::zVZURD6W70psIEkC::y37qVlsctCHrIunK5EVVeg==::wFayk17BoOy4MNVMXQ=="", ""attorneyRequestChildSupport"": ""true""}, ""data_schema_id"": ""66dec1950af2fa0007b0e36a"", ""data_points_count"": 2}",timeline
ff8ba085-1892-57e7-9135-cf6b09ca9307,2026-08-21T16:10:59.531000,2026-08-21T16:10:59.531000,2026-08-21T16:10:53.250539,2026-08-22T16:10:53.293196,2026-08-21T16:10:59.531000,eae529490b8a9249732a5f6c,,678512f9af8dc40008666522,Data Entries,Client Data,,Client data updated,"{""source"": ""LEGAL_TEAM"", ""event_id"": ""67288658-274d-4ba9-9578-51a478bad709"", ""data_points"": {""clientSSN"": ""vinny::hkdf-aes-gcm-v1::ja+tbXJsizLTXiOq::dKUrc+FtMqxxzfRkDg/1/g==::S+kyAvHTPlCJfaeaHiX2vwinoKHKL3XhCWbEYZulW3o=::ZZYk8zdvuPOcdE2W::sYBkvEuzdJ0vZvdWa52Wpw==::Vs0fYRM9ppTuyXGspA=="", ""exclusivePossession"": ""false""}, ""data_schema_id"": ""66dec1950af2fa0007b0e36a"", ""data_points_count"": 2}",timeline
4fd074f4-51c3-5962-ba94-aa6c8461c5a8,2026-08-21T15:59:50.096000,2026-08-21T16:14:00.251000,2026-08-21T16:14:16.281210,2026-08-21T16:14:16.281210,2026-08-21T16:14:03.517000,eae529490b8a9249732a5f6c,6a3187a5f7fb6411ce26dc3d,678512f9af8dc40008666522,Communications,Call,Outbound,"Agent: Bye-bye hello, this is Idris.\nClient: Hi. Hi, hi, yes, this is Idris.\nAgent: Hi, how are you my name's Dana. I'm your attorney at marble.\nClient: Oh, hi. Hi. How you doing?\nAgent: Good, how are you?\nClient: Good, good.\nAgent: Is now still a good time for our call?\nClient: Oh, yeah, yeah. Yes, it's good.\nAgent: Okay, cool. So, I see you retained for the dissolution of marriage package you know I have some questions about some information I need but did you have any questions for me before we got started.\nClient: Yes. Don't, oh, really only, only thing I had two I was wondering, I guess cause I know your attorney so you would know more about this but how does it work like if my wife she went and she had me. I don't, I just made like, you know two payments of child support but it was just that, was there any kind of way that I can do some with somebody I can also file to where I can get like, I could get dropped my right from the child because technically the child was on it's her sister's son. But I just did it because we were in a good space and we were married and I kinda signed with have sold and he didn't.\nClient: Didn't go and get lost away from their family so I signed that and I know how the doctor thing work, once you sign but then I want it also know how does it work like if I want it to like some kind of way part ways from that. Cause I was trying to move like totally away from the whole thing. Even with the marriage I didn't want to be like anything tied because I don't have, I don't have anything else tied like we don't have no bank account or anything. It's just like, it's just that she said that she was signed the papers then we both were on the same page about on separating and everything. So, so yeah, I didn't know that's why when I first signed up for this I was just trying to figure out what I had to do and cause it's my first time going through this. So I didn't know how it works.\nAgent: I'll be honest with you, I've never had this situation I reaching out to my manager right now because I've never had a somebody who signed a doctor papers and then now you signed the adoption papers.\nClient: Yeah, yes, yes, we yeah, I can't remember exactly what it was but yeah, it was like when we were together we signed all signed cause I kinda like got out of, I moved out of the, all separated from the house where her like, it was like November 2025 so should I be not, but then what she did, she went and she went in Lord, cause I knew she was gonna try something all well. Cause she's trying to, she's really trying to text me for money, basically what I'm trying to say from every angle. So she, so she went, she dropped the hours that she's working cause she was working full-time hours it's just like both of us was working. She dropped the hours down and then once she went and went for the child support in it made it look like I made more money than her.\nAgent: Okay.\nClient: So when, yeah, so mm-hmm.\nAgent: Okay, I see. So did you do a trial support? Is there an act active child support case?\nClient: Yeah, yeah. I actually just, it actually just started only I made two payments. I just got paid Thursday and that was the second payment that I just made. So it just recently kicked in. They sent me the paper in the mail and then that on, and they told me they sent me the final like the first judgment and they said that if I want, if I want to try to rule on it I can respond to it. But if I didn't respond to it it'll just say like it was. So I kinda just didn't respond on it and I just left it like what the agreement, what they, what they decided but they came back and they had both of our pay stubs and everything and they calculated it all up but it made the.\nAgent: Right.\nClient: It look like because I left in November and she waited all that time and then she dropped the hours down just, and then make it look like that it was that I was like almost the whole half of the bread when both of us, when we were together we both work the same amount of hours and we work at the same hospital. So, it's like, so I didn't know how that, how I could do the workday.\nAgent: Yeah.\nAgent: So what can happen?\nAgent: So if she's voluntarily under working we can request that her income be imputed to go back to where she's working forty hours a week cause she has no reason to all of lower her working other than you know doing something like this, try to get child support from you. Then we can ask if she'd be imputed.\nClient: I.\nAgent: So that's what I would recommend doing. I'm trying to find out some more information. I'll have to look into it more with how it works. If I don't know if it would just be a typical of fraternity or if a court with permit this establish opportunity when you legally adopted a child like that and they're definitely not gonna let you if the sole reason is not pain child support.\nClient: Mm-hmm.\nClient: Yeah, no, no, no. It's really, it's really not, not that I would just, I just ask the question because I know that norm normally, like I didn't what I don't see it down with people that it's been like their actual biologic and they were able to do that. That's what just made me think about it because it's just that I just didn't but really all I really wanted it was on just to basically get on my divorce finalized on that's the big, that's the biggest thing but then I, that was just a question that I asked that if they want something that I could do it was just, it was just a question that I was asking. Cause I never did this before my first time.\nAgent: Mm-hmm.\nAgent: Yeah, I'll look into it and, and get back to you on it when it comes to I mean in the, in the petition we have to address this ad, doctor child we have you know we have to address time sharing print or responsibility everything like that you know in the event the court doesn't.\nClient: Okay.\nClient: Right.\nClient: Mm-hmm.\nAgent: So do you have time sharing right now?\nClient: Yeah, I have time sharing where I, where I can't get them. But right now it's kinda like where it's just go on like side and just like kinda like in like a heated light the bay thing like that. So it's kinda like, I just been kinda like cheap in my distance right now because it's been a, it's been a lot of, it's been a lot of acquisition like being used towards me and then I just didn't, didn't feel safe right now if I get the child and just say the child you know, children run around and they plan, they do things like that but then if he would get hurt in my chair I'm just feeling like that they would try to make, because because the mother and everything they all upset at me because we're getting a divorce and now they blaming me for everything, so, I kinda like try to, just pay the child support and just keep my, this, that's what I've been doing.\nAgent: Okay. Gotcha. Do you know your wife's current address?\nClient: No, so she moved to, she moved too to another home and then, and that's waiting, that, no, that's what she's been keeping from me because it's like for me to be able to Sero would be hard because I know that they got to put it in her hand but she's like, kinda like, Duggu the high and then she change by her hours at the hospital where I don't really know what shift she comes then anything but the I'm the president of apo one football team and she's the actual shared commissioner what the Elead. So, I see her every day there, she's out there. Part of that so like I said, if I would have to just.\nAgent: Right.\nAgent: Right.\nClient: Just have her, someone give her the papers out there when it comes down to the serving part because I don't really got none of her, like, address or anything she's on, it's just kinda light done, went, went blanket and she moved and then she's keeping home, you know she even all the information away from me or whatever, so.\nAgent: Alright. Do you know your child social security number or no?\nClient: I and I was currently driving on. I had the pay I figured I think it's on a chat hold, I think I got see, I believe, I just, up.\nAgent: If it, if you don't have it off-hand it's fine. I can, I can send you an email with the draft and you can just respond to it with that information.\nClient: Okay, yeah, cause see like, when we did all that, I know a lot of that paperwork cause we're ready together, she kept a lot of that. So, it's like, and then like I was saying that all I know I doctor but she is like, she would know cause that's why that like cut nephew. So she knows the birth all the information like right off the back of your hand, I really didn't, I really didn't even know cause she did all the paperwork for the auction and stuff like that, so it's kinda.\nAgent: Right.\nAgent: Mm-hmm.\nAgent: Uh-huh do you guys have any assets together? Like, do you own homes or a bank account or anything that.\nClient: No, no, no, the only, the only thing that we have is that I, all my name, my name, my name is Rai cosigner on the on the card that she actually have, but if that, if that's, if that part of asset, but that's it. That's the only thing that it is.\nAgent: Okay.\nAgent: Okay. Are you thinking any kind of spousal support.\nClient: No, I know. I know. I wasn't, I was just kinda like just I just kinda just trying to do the all really the divorce part and, and then that's when I thought about the other thing like if they all interested that you would just, just, just check into that for me. But really I wasn't really looking for anything else. I just want a clean slate just so I could move, move on ready with my light. That's the biggest thing.\nAgent: Okay, let's see. Are you looking to still be in your adopted child's life or no?\nClient: Actually, I, and I wouldn't mind but yeah, at the time with the, with the FAM, with the families back and forth like that, it's kinda hard to say and, and I mean and I like I grow, I grown attached to him but it's just that I really don't, I really don't know how it is, what they all cause I see him when he, she brings them out there practice when she comes out there year but it's kinda like we went on, on my, there she kinda pull them like with her and stuff like that. So I just keep it down I don't see anything.\nAgent: Okay.\nAgent: Gotcha.\nAgent: Okay. Alright. So, what's gonna happen next is I'm going to start preparing documents. I'm gonna, I'm gonna look into it a little bit more on, on the disestablishment. Stuff. And worst case we'll just.\nClient: Mm-hmm.\nAgent: Not address, we'll just address regular you know, time shur that's in the best interest of, of the child and then you can kind of figure it out further down the road if there's any disestablishment option or not but I'll start drafting the document. You'll get a couple of emails from me one saying I started drafting and the other email will have the documents attached. So once you review them, let me know if you approve them or if you have questions or want more revisions and if, then I'll let you know like to provide the social security number or and for other information that I need that's missing, just respond to the email with that and then once we get them.\nClient: Right.\nAgent: Once you approve them. We'll send them to you to sign. Once you sign them we can get them filed, I'll need some sort of address usually for the summons to, to put on there. So even if it's a work address, I might need that to put on the summons and, and just kind of go from there. And then you can let us know the best like, time and days to try to serve her.\nClient: Okay, so, so, you're in like you would like, I have an address like for for her to put on there for me over her. Okay.\nAgent: Alright.\nAgent: Yeah. No for her.\nAgent: Alright, so, yeah, we'll figure that out but I'll look into this adoption and disestablishment thing and I'll get you the draft sometime next week.\nClient: And then, and then that all of this stuff will come up in like, that's just that re, that regular portal thing that I'll be going in. That's where everything will appear at that the most. Oh, okay, okay. Oh, okay.\nAgent: Yeah, but, I'll send you an email, I'll email you the draft.\nAgent: Alright, okay cool then we will be in touch soon.\nClient: Alright, thank you.","{""source"": ""dialpad"", ""rang_at"": null, ""duration"": 824.688601, ""origin_id"": ""6a88794b5949f3e2f6224ca6"", ""source_key"": ""5708737633263616"", ""answered_at"": ""2026-08-21 16:00:15.563+00"", ""sender_role"": ""Attorney"", ""ext_user_phone"": ""+19415552093"", ""int_user_phone"": ""+19415552326"", ""origin_call_id"": ""5254588798017536"", ""recipient_role"": ""Client"", ""origin_platform"": ""MongoDB"", ""original_direction"": ""Outbound""}",timeline
be2b0ab6-a101-52cc-913d-40686cdf6ae1,2026-08-21T17:03:05,2026-08-21T17:03:05,2026-08-21T21:13:16.781531,2026-08-21T21:13:16.781531,2026-08-21T17:03:05,eae529490b8a9249732a5f6c,,678512f9af8dc40008666522,Communications,SMS,Outbound,"Hi Idris, this is a reminder from Marble. We have your intake, and you're good to move forward. That said, adding a few more details will help your attorney prepare for your kickoff call and keep things moving quickly. \n\nUpdate your intake here:\nhttps://sms.marble.co/jlqYeuBP","{""provider"": ""Twilio"", ""to_phone"": ""+19415552093"", ""canvas_id"": null, ""origin_id"": ""6a8884c93f3bb00b64088bc5e5d43c9a"", ""canvas_name"": null, ""sender_role"": ""System"", ""braze_user_id"": ""6785130dd4bf546543005663"", ""canvas_step_id"": null, ""recipient_role"": ""Client"", ""origin_platform"": ""braze"", ""canvas_step_name"": null, ""subscription_group"": ""5791d911-1294-4c66-b828-83ab545fccf4"", ""canvas_variation_id"": null, ""message_variation_id"": ""82c027f7-e9d2-4cec-9fed-9172c4b80368""}",timeline
59920b1f-bd6b-5622-82d8-2203b3884bc4,2026-08-23T15:10:01,2026-08-23T15:10:01,2026-08-23T15:12:15.484648,2026-08-23T15:12:15.484648,2026-08-23T15:10:01,eae529490b8a9249732a5f6c,,678512f9af8dc40008666522,Communications,SMS,Outbound,"Hi Idris, Marble here.  It looks like you haven’t yet had your intro call with your attorney. If you need getting this call set up, our team can help - just click on this:\nhttps://customers.marble.co/home?launchChat=true/source=automated_sms&source=postcw4D","{""name"": ""SM-007422444"", ""source"": ""SMS-Magic"", ""lead_id"": null, ""origin_id"": ""a4jVL00000LwgE5YAJ"", ""sms_status"": ""DELIVERED"", ""object_type"": null, ""sender_role"": ""System"", ""root_case_id"": ""eae529490b8a9249732a5f6c"", ""template_name"": ""+4 days from CW and intro call not completed."", ""ext_user_phone"": ""+19415552093"", ""int_user_phone"": ""+14422332158"", ""recipient_role"": ""Client"", ""conversation_id"": ""a3jVL00000GDfs9YAD"", ""origin_platform"": ""Salesforce"", ""original_direction"": ""Outbound""}",timeline
25efacc3-af4f-5a3e-99dc-c1fef8997281,2026-08-26T17:29:23.166000,2026-08-26T17:29:23.166000,2026-08-26T17:29:24.870565,2026-08-26T17:29:24.870565,2026-08-26T17:29:23.166000,eae529490b8a9249732a5f6c,66e9febde456dd0008a1ce6e,678512f9af8dc40008666522,Case Update,Case Review,,"Case review submitted date: 08/26/2026, 1:29 PM\n Service Name: Marble Petition for Dissolution of Marriage\n Case Health: \n Notes: Drafting in progress\n\n","{""source"": ""SALESFORCE"", ""origin_id"": ""6a8f2273c800a29ce18072d6"", ""waiting_for"": ""UNASSIGNED"", ""content_header"": null, ""created_by_role"": ""Admin"", ""origin_platform"": ""MongoDB"", ""related_milestone_id"": null, ""is_externally_visible"": null}",timeline
b5baf051-bb06-5f36-8356-cb8e97aa88d8,2026-08-26T18:53:46.692000,2026-08-26T18:53:46.692000,2026-08-26T18:53:47.398642,2026-08-26T18:53:47.398642,2026-08-26T18:53:46.692000,eae529490b8a9249732a5f6c,6a3187a5f7fb6411ce26dc3d,678512f9af8dc40008666522,Case Update,General,,"Hi Idris, thank you for our productive case kickoff call. I'm now drafting your petition and other required forms based on everything we discussed. \n","{""source"": ""ATTORNEY_PORTAL"", ""origin_id"": ""6a8f363ae43752e28c2662cd"", ""waiting_for"": ""UNASSIGNED"", ""content_header"": ""Next up: drafting petition"", ""created_by_role"": ""Attorney"", ""origin_platform"": ""MongoDB"", ""related_milestone_id"": ""6630a70cf1ff8d0008199707"", ""is_externally_visible"": true}",timeline
e4019174-81b0-5b94-af18-faac721d4903,2026-08-26T18:53:46.904000,2026-08-26T18:53:46.904000,2026-08-26T18:53:47.398642,2026-08-26T18:53:47.398642,2026-08-26T18:53:46.904000,eae529490b8a9249732a5f6c,6a3187a5f7fb6411ce26dc3d,678512f9af8dc40008666522,Service,Milestone Update,,Service Name: Idris Sorlie - Marble Petition for Dissolution of Marriage\nMilestone Name: Drafting\nChange Type: Milestone progressed,"{""service_id"": ""6a85bd9c9a7da49167ff53af"", ""document_ids"": [], ""milestone_id"": ""6630a70cf1ff8d0008199707"", ""service_name"": ""Idris Sorlie - Marble Petition for Dissolution of Marriage"", ""milestone_name"": ""Drafting"", ""milestone_step"": ""Drafting petition"", ""origin_platform"": ""MongoDB"", ""service_type_id"": ""69272dfbe62a4c8be37e7cef"", ""service_type_name"": ""Marble Petition for Dissolution of Marriage"", ""milestone_updated_by"": ""6a3187a5f7fb6411ce26dc3f"", ""milestone_change_type"": ""Milestone progressed"", ""service_percent_completed"": 0, ""milestone_percent_completed"": 50, ""prev_milestone_percent_completed"": 0}",timeline
98d74191-a6cf-546d-890a-d9b62eab4d23,2026-08-26T18:54:36,2026-08-26T18:54:36,2026-08-26T18:57:00.329311,2026-08-26T18:57:00.329311,2026-08-26T18:54:36,eae529490b8a9249732a5f6c,,678512f9af8dc40008666522,Communications,SMS,Outbound,Hi Idris - your attorney posted an update on your case in Marble that may require your attention.\n\nPlease take a moment to review it so you stay fully up to date:\nhttps://sms.marble.co/QPUGHqpP,"{""provider"": ""Twilio"", ""to_phone"": ""+19415552093"", ""canvas_id"": null, ""origin_id"": ""6a8f366b391e73af488ad64aeb00d4fd"", ""canvas_name"": null, ""sender_role"": ""System"", ""braze_user_id"": ""6785130dd4bf546543005663"", ""canvas_step_id"": null, ""recipient_role"": ""Client"", ""origin_platform"": ""braze"", ""canvas_step_name"": null, ""subscription_group"": ""5791d911-1294-4c66-b828-83ab545fccf4"", ""canvas_variation_id"": null, ""message_variation_id"": ""01df1a44-2fc3-43e3-8a5f-db96bf649fce""}",timeline
90f0b0a2-a195-5055-9a38-bc2f50e4d87c,2026-08-26T18:56:14.631000,2026-08-26T18:56:14.631000,2026-08-26T18:56:15.194888,2026-08-26T18:56:15.194888,2026-08-26T18:56:14.631000,eae529490b8a9249732a5f6c,,678512f9af8dc40008666522,Marbles,Status_Change,,Type: MILESTONE\nChange: Created,"{""done"": false, ""type"": ""MILESTONE"", ""skipped"": false, ""metadata"": {""content"": ""Hi Idris, thank you for our productive case kickoff call. I'm now drafting your petition and other required forms based on everything we discussed. \n"", ""stepName"": ""Drafting petition"", ""serviceId"": ""6a85bd9c9a7da49167ff53af"", ""milestoneId"": ""6630a70cf1ff8d0008199707"", ""contentHeader"": ""Next up: drafting petition"", ""milestoneName"": ""Drafting"", ""milestonePercentCompleted"": 50}, ""origin_id"": ""6a85c7cce670514997d5b4c5"", ""update_type"": ""created"", ""is_skippable"": true, ""reference_id"": ""b5baf051-bb06-5f36-8356-cb8e97aa88d8"", ""origin_platform"": ""MongoDB"", ""marble_instance_id"": ""6a8f36ced23fed1c51600bc5""}",timeline
20de1c7e-0274-55e9-aa1d-fdfac845ef76,2026-08-26T18:56:25.980000,2026-08-26T18:56:25.980000,2026-08-26T18:56:26.277480,2026-08-26T18:56:26.277480,2026-08-26T18:56:25.980000,eae529490b8a9249732a5f6c,,678512f9af8dc40008666522,Marbles,Status_Change,,Type: MILESTONE\nChange: Done,"{""done"": true, ""type"": ""MILESTONE"", ""skipped"": false, ""metadata"": {""content"": ""Hi Idris, thank you for our productive case kickoff call. I'm now drafting your petition and other required forms based on everything we discussed. \n"", ""stepName"": ""Drafting petition"", ""serviceId"": ""6a85bd9c9a7da49167ff53af"", ""milestoneId"": ""6630a70cf1ff8d0008199707"", ""contentHeader"": ""Next up: drafting petition"", ""milestoneName"": ""Drafting"", ""milestonePercentCompleted"": 50}, ""origin_id"": ""6a85c7cce670514997d5b4c5"", ""update_type"": ""done"", ""is_skippable"": true, ""reference_id"": ""b5baf051-bb06-5f36-8356-cb8e97aa88d8"", ""origin_platform"": ""MongoDB"", ""marble_instance_id"": ""6a8f36ced23fed1c51600bc5""}",timeline
0c547d62-9c8e-5ce3-91e8-88fd03f43729,2026-08-26T18:56:26.255000,2026-08-26T18:56:26.255000,2026-08-26T18:56:27.261832,2026-08-26T18:56:27.261832,2026-08-26T18:56:26.255000,eae529490b8a9249732a5f6c,,678512f9af8dc40008666522,Marbles,Status_Change,,Type: CSAT_CKC\nChange: Created,"{""done"": false, ""type"": ""CSAT_CKC"", ""skipped"": false, ""metadata"": {}, ""origin_id"": ""6a85c7cce670514997d5b4c5"", ""update_type"": ""created"", ""is_skippable"": true, ""reference_id"": ""CSAT_CKC"", ""origin_platform"": ""MongoDB"", ""marble_instance_id"": ""6a8f36dad23fed1c51600bc9""}",timeline
0c0651da-b0ed-54bd-bd1a-1a336f6a612a,2026-08-26T18:56:33.430000,2026-08-26T18:56:33.430000,2026-08-26T18:56:34.389403,2026-08-26T18:56:34.389403,2026-08-26T18:56:33.430000,eae529490b8a9249732a5f6c,,678512f9af8dc40008666522,Feedback,CKC,,Feedback Filled (CKC)\nRating: 5/5 Stars,"{""type"": ""CKC"", ""rating"": 5, ""source"": ""PORTAL"", ""is_skip"": false, ""origin_id"": ""6a8f36e177a8622efc526b1a"", ""questions"": [], ""origin_platform"": ""MongoDB""}",timeline
005da962-fbae-586b-857b-a0ddfb1ca4a9,2026-08-26T18:56:41.991000,2026-08-26T18:56:41.991000,2026-08-26T18:56:42.287095,2026-08-26T18:56:42.287095,2026-08-26T18:56:41.991000,eae529490b8a9249732a5f6c,,678512f9af8dc40008666522,Marbles,Status_Change,,Type: CSAT_CKC\nChange: Done,"{""done"": true, ""type"": ""CSAT_CKC"", ""skipped"": false, ""metadata"": {}, ""origin_id"": ""6a85c7cce670514997d5b4c5"", ""update_type"": ""done"", ""is_skippable"": true, ""reference_id"": ""CSAT_CKC"", ""origin_platform"": ""MongoDB"", ""marble_instance_id"": ""6a8f36dad23fed1c51600bc9""}",timeline
fbba4da6-057d-47af-a4b6-22e1375b473f,2026-08-26T18:57:47.918000,2026-08-26T18:58:00.308000,2026-08-26T18:58:00.316412,2026-08-26T18:58:00.316412,2026-08-26T18:58:00.308000,eae529490b8a9249732a5f6c,,678512f9af8dc40008666522,Legal Cortex,Client_Chat,,"Legal Cortex Client Chat\n---\nClient: What are court fees, and how will I pay them?\nAI Response (id=fbba4da6-057d-47af-a4b6-22e1375b473f-response): 866 chars, 137 words","{""flavor"": ""client"", ""discussion_id"": ""ad003946-c7d7-4296-91ab-7ef00856999e"", ""message_count"": 2, ""identity_provider"": ""vinny""}",timeline
f8850ff2-6315-5833-8707-8094b49a95b3,2026-08-26T18:58:56.225000,2026-08-26T18:58:56.225000,2026-08-26T18:56:17.300990,2026-08-27T18:58:44.247784,2026-08-26T18:58:56.225000,eae529490b8a9249732a5f6c,,678512f9af8dc40008666522,Data Entries,Client Data,,Client data updated,"{""source"": ""LEGAL_TEAM"", ""event_id"": ""6d072ddf-c9fb-4b42-8377-d813a42178e6"", ""data_points"": {""clientSSN"": ""vinny::hkdf-aes-gcm-v1::e8RtX3KfHsyb8CAA::HBf7RcXSjhnlwKMotIL1tA==::PJ3kQquKTu6haM0QgCbyoPN4PO8g/zONngfXHlyY3FY=::WctP095bm9TWGyho::0QeV4iK5xluKl7kbW4FTog==::eAChYSE3t9+xYvvKjQ=="", ""relatedCasesRelationship"": ""Pending case involves same parties, children, or issues;""}, ""data_schema_id"": ""66dec1950af2fa0007b0e36a"", ""data_points_count"": 2}",timeline
7f4a0cb7-cc83-557d-bb48-8bedd282f59f,2026-08-26T18:58:59.904000,2026-08-26T18:58:59.904000,2026-08-26T18:59:01.311872,2026-08-26T18:59:01.311872,2026-08-26T18:58:59.904000,eae529490b8a9249732a5f6c,,678512f9af8dc40008666522,Documents,Document_Upload,,Document: Uploaded\nFile name: Idris Sorlie - UCCJEA.docx\nSummary: ,"{""labels"": [], ""s3_key"": ""documents/678512f9af8dc40008666522/fe74ab1c-7cde-4dff-9e2c-4f64579d05d3.docx"", ""source"": ""DOCOLOCO"", ""summary"": null, ""ai_flags"": [], ""file_name"": ""Idris Sorlie - UCCJEA.docx"", ""file_size"": 16203, ""origin_id"": ""6a8f3773e2eabb0bfa87e680"", ""is_duplicate"": false, ""source_param"": ""6936ba9b8cea2aafac4f99b9"", ""who_uploaded"": ""External user"", ""document_name"": ""Drafts"", ""classification"": null, ""s3_upload_date"": ""2026-08-26 18:58:59.904+00"", ""origin_platform"": ""MongoDB"", ""document_type_id"": ""69f27bc872c28baf8a7f923a"", ""extended_summary"": null, ""thumbnail_s3_key"": null, ""document_category"": ""Legal"", ""sub_classification"": null, ""customer_visibility"": false, ""document_description"": ""Legal Drafts"", ""thumbnail_created_at"": null, ""document_display_name"": ""Drafts"", ""document_how_to_obtain"": ""Legal Drafts"", ""unified_document_merge_status"": null, ""document_importance_description"": ""Legal Drafts""}",timeline
e1663905-6198-5b32-bd61-31d38e682541,2026-08-26T18:59:02.244000,2026-08-26T18:59:02.244000,2026-08-26T18:59:04.362329,2026-08-26T18:59:04.362329,2026-08-26T18:59:02.244000,eae529490b8a9249732a5f6c,,678512f9af8dc40008666522,Documents,Document_Upload,,Document: Uploaded\nFile name: Idris Sorlie - Notice of Social Security Number.docx\nSummary: ,"{""labels"": [], ""s3_key"": ""documents/678512f9af8dc40008666522/ba9ac9f4-7bc5-46a4-8591-0a0814cd95dd.docx"", ""source"": ""DOCOLOCO"", ""summary"": null, ""ai_flags"": [], ""file_name"": ""Idris Sorlie - Notice of Social Security Number.docx"", ""file_size"": 12086, ""origin_id"": ""6a8f3776e2eabb0bfa87e681"", ""is_duplicate"": false, ""source_param"": ""6936ba9b8cea2aafac4f99ba"", ""who_uploaded"": ""External user"", ""document_name"": ""Drafts"", ""classification"": null, ""s3_upload_date"": ""2026-08-26 18:59:02.244+00"", ""origin_platform"": ""MongoDB"", ""document_type_id"": ""69f27bc872c28baf8a7f923a"", ""extended_summary"": null, ""thumbnail_s3_key"": null, ""document_category"": ""Legal"", ""sub_classification"": null, ""customer_visibility"": false, ""document_description"": ""Legal Drafts"", ""thumbnail_created_at"": null, ""document_display_name"": ""Drafts"", ""document_how_to_obtain"": ""Legal Drafts"", ""unified_document_merge_status"": null, ""document_importance_description"": ""Legal Drafts""}",timeline
35163588-2058-5fd3-a5e2-7c3dbf4645a0,2026-08-26T18:59:05.672000,2026-08-26T18:59:05.672000,2026-08-26T18:59:07.266458,2026-08-26T18:59:07.266458,2026-08-26T18:59:05.672000,eae529490b8a9249732a5f6c,,678512f9af8dc40008666522,Documents,Document_Upload,,Document: Uploaded\nFile name: Idris Sorlie - Notice of Related Cases.docx\nSummary: ,"{""labels"": [], ""s3_key"": ""documents/678512f9af8dc40008666522/07031f9f-cad3-4020-a481-719d001ddb14.docx"", ""source"": ""DOCOLOCO"", ""summary"": null, ""ai_flags"": [], ""file_name"": ""Idris Sorlie - Notice of Related Cases.docx"", ""file_size"": 12993, ""origin_id"": ""6a8f3779e2eabb0bfa87e683"", ""is_duplicate"": false, ""source_param"": ""6936ba9b8cea2aafac4f99bb"", ""who_uploaded"": ""External user"", ""document_name"": ""Drafts"", ""classification"": null, ""s3_upload_date"": ""2026-08-26 18:59:05.672+00"", ""origin_platform"": ""MongoDB"", ""document_type_id"": ""69f27bc872c28baf8a7f923a"", ""extended_summary"": null, ""thumbnail_s3_key"": null, ""document_category"": ""Legal"", ""sub_classification"": null, ""customer_visibility"": false, ""document_description"": ""Legal Drafts"", ""thumbnail_created_at"": null, ""document_display_name"": ""Drafts"", ""document_how_to_obtain"": ""Legal Drafts"", ""unified_document_merge_status"": null, ""document_importance_description"": ""Legal Drafts""}",timeline
80851966-27a8-504f-a2eb-16b9c2ed718c,2026-08-26T18:59:06.967000,2026-08-26T18:59:06.967000,2026-08-26T18:59:09.301567,2026-08-26T18:59:09.301567,2026-08-26T18:59:06.967000,eae529490b8a9249732a5f6c,,678512f9af8dc40008666522,Documents,Document_Upload,,Document: Uploaded\nFile name: Idris Sorlie - Notice of Limited Appearance.docx\nSummary: ,"{""labels"": [], ""s3_key"": ""documents/678512f9af8dc40008666522/d7b675a5-45ec-46c4-a7cd-eb8dfa0b6d22.docx"", ""source"": ""DOCOLOCO"", ""summary"": null, ""ai_flags"": [], ""file_name"": ""Idris Sorlie - Notice of Limited Appearance.docx"", ""file_size"": 12023, ""origin_id"": ""6a8f377ae2eabb0bfa87e684"", ""is_duplicate"": false, ""source_param"": ""6936ba9b8cea2aafac4f99bd"", ""who_uploaded"": ""External user"", ""document_name"": ""Drafts"", ""classification"": null, ""s3_upload_date"": ""2026-08-26 18:59:06.967+00"", ""origin_platform"": ""MongoDB"", ""document_type_id"": ""69f27bc872c28baf8a7f923a"", ""extended_summary"": null, ""thumbnail_s3_key"": null, ""document_category"": ""Legal"", ""sub_classification"": null, ""customer_visibility"": false, ""document_description"": ""Legal Drafts"", ""thumbnail_created_at"": null, ""document_display_name"": ""Drafts"", ""document_how_to_obtain"": ""Legal Drafts"", ""unified_document_merge_status"": null, ""document_importance_description"": ""Legal Drafts""}",timeline
6e9608ba-3d94-5521-aa5d-cf9d92844076,2026-08-26T18:59:09.710000,2026-08-26T18:59:09.710000,2026-08-26T18:59:11.325358,2026-08-26T18:59:11.325358,2026-08-26T18:59:09.710000,eae529490b8a9249732a5f6c,,678512f9af8dc40008666522,Documents,Document_Upload,,Document: Uploaded\nFile name: Idris Sorlie - Notice of Confidential Filing.docx\nSummary: ,"{""labels"": [], ""s3_key"": ""documents/678512f9af8dc40008666522/045458bc-cc35-4eab-903c-822757d15177.docx"", ""source"": ""DOCOLOCO"", ""summary"": null, ""ai_flags"": [], ""file_name"": ""Idris Sorlie - Notice of Confidential Filing.docx"", ""file_size"": 12533, ""origin_id"": ""6a8f377de2eabb0bfa87e685"", ""is_duplicate"": false, ""source_param"": ""6936ba9b8cea2aafac4f99be"", ""who_uploaded"": ""External user"", ""document_name"": ""Drafts"", ""classification"": null, ""s3_upload_date"": ""2026-08-26 18:59:09.71+00"", ""origin_platform"": ""MongoDB"", ""document_type_id"": ""69f27bc872c28baf8a7f923a"", ""extended_summary"": null, ""thumbnail_s3_key"": null, ""document_category"": ""Legal"", ""sub_classification"": null, ""customer_visibility"": false, ""document_description"": ""Legal Drafts"", ""thumbnail_created_at"": null, ""document_display_name"": ""Drafts"", ""document_how_to_obtain"": ""Legal Drafts"", ""unified_document_merge_status"": null, ""document_importance_description"": ""Legal Drafts""}",timeline
d54e6c01-b834-5d44-a22c-54275452d4d4,2026-08-26T18:59:11.120000,2026-08-26T18:59:11.120000,2026-08-26T18:59:12.209438,2026-08-26T18:59:12.209438,2026-08-26T18:59:11.120000,eae529490b8a9249732a5f6c,,678512f9af8dc40008666522,Documents,Document_Upload,,Document: Uploaded\nFile name: Idris Sorlie - Summons.docx\nSummary: ,"{""labels"": [], ""s3_key"": ""documents/678512f9af8dc40008666522/d01d437a-3f93-4887-8214-3657ad204864.docx"", ""source"": ""DOCOLOCO"", ""summary"": null, ""ai_flags"": [], ""file_name"": ""Idris Sorlie - Summons.docx"", ""file_size"": 14613, ""origin_id"": ""6a8f377fe2eabb0bfa87e687"", ""is_duplicate"": false, ""source_param"": ""6936ba9b8cea2aafac4f99bf"", ""who_uploaded"": ""External user"", ""document_name"": ""Drafts"", ""classification"": null, ""s3_upload_date"": ""2026-08-26 18:59:11.12+00"", ""origin_platform"": ""MongoDB"", ""document_type_id"": ""69f27bc872c28baf8a7f923a"", ""extended_summary"": null, ""thumbnail_s3_key"": null, ""document_category"": ""Legal"", ""sub_classification"": null, ""customer_visibility"": false, ""document_description"": ""Legal Drafts"", ""thumbnail_created_at"": null, ""document_display_name"": ""Drafts"", ""document_how_to_obtain"": ""Legal Drafts"", ""unified_document_merge_status"": null, ""document_importance_description"": ""Legal Drafts""}",timeline
a009de6a-0e40-54c0-9fd4-3b5ce111f340,2026-08-26T18:59:13.740000,2026-08-26T18:59:13.740000,2026-08-26T18:59:15.298467,2026-08-26T18:59:15.298467,2026-08-26T18:59:13.740000,eae529490b8a9249732a5f6c,,678512f9af8dc40008666522,Documents,Document_Upload,,Document: Uploaded\nFile name: Idris Sorlie - Designation of Address.docx\nSummary: ,"{""labels"": [], ""s3_key"": ""documents/678512f9af8dc40008666522/8e0a8c95-17cb-4989-a652-a74491a40d0f.docx"", ""source"": ""DOCOLOCO"", ""summary"": null, ""ai_flags"": [], ""file_name"": ""Idris Sorlie - Designation of Address.docx"", ""file_size"": 11892, ""origin_id"": ""6a8f3781e2eabb0bfa87e688"", ""is_duplicate"": false, ""source_param"": ""6936ba9b8cea2aafac4f99c0"", ""who_uploaded"": ""External user"", ""document_name"": ""Drafts"", ""classification"": null, ""s3_upload_date"": ""2026-08-26 18:59:13.74+00"", ""origin_platform"": ""MongoDB"", ""document_type_id"": ""69f27bc872c28baf8a7f923a"", ""extended_summary"": null, ""thumbnail_s3_key"": null, ""document_category"": ""Legal"", ""sub_classification"": null, ""customer_visibility"": false, ""document_description"": ""Legal Drafts"", ""thumbnail_created_at"": null, ""document_display_name"": ""Drafts"", ""document_how_to_obtain"": ""Legal Drafts"", ""unified_document_merge_status"": null, ""document_importance_description"": ""Legal Drafts""}",timeline
561b03fd-5d39-55ec-8bda-e8594e5e4de6,2026-08-26T18:59:16.858000,2026-08-26T18:59:16.858000,2026-08-26T18:59:18.261280,2026-08-26T18:59:18.261280,2026-08-26T18:59:16.858000,eae529490b8a9249732a5f6c,,678512f9af8dc40008666522,Documents,Document_Upload,,Document: Uploaded\nFile name: Idris Sorlie - Affidavit of Military Service.docx\nSummary: ,"{""labels"": [], ""s3_key"": ""documents/678512f9af8dc40008666522/cf4fe7e7-4175-4f81-bfe0-dba3bfa35ddb.docx"", ""source"": ""DOCOLOCO"", ""summary"": null, ""ai_flags"": [], ""file_name"": ""Idris Sorlie - Affidavit of Military Service.docx"", ""file_size"": 837833, ""origin_id"": ""6a8f3784e2eabb0bfa87e689"", ""is_duplicate"": false, ""source_param"": ""6936ba9b8cea2aafac4f99c2"", ""who_uploaded"": ""External user"", ""document_name"": ""Drafts"", ""classification"": null, ""s3_upload_date"": ""2026-08-26 18:59:16.858+00"", ""origin_platform"": ""MongoDB"", ""document_type_id"": ""69f27bc872c28baf8a7f923a"", ""extended_summary"": null, ""thumbnail_s3_key"": null, ""document_category"": ""Legal"", ""sub_classification"": null, ""customer_visibility"": false, ""document_description"": ""Legal Drafts"", ""thumbnail_created_at"": null, ""document_display_name"": ""Drafts"", ""document_how_to_obtain"": ""Legal Drafts"", ""unified_document_merge_status"": null, ""document_importance_description"": ""Legal Drafts""}",timeline
3b81714d-9ea1-5a85-885c-5c74b9fc4b88,2026-08-26T18:59:17.863000,2026-08-26T18:59:17.863000,2026-08-26T18:59:19.301256,2026-08-26T18:59:19.301256,2026-08-26T18:59:17.863000,eae529490b8a9249732a5f6c,,678512f9af8dc40008666522,Documents,Document_Upload,,Document: Uploaded\nFile name: Idris Sorlie - Divorce Petition.docx\nSummary: ,"{""labels"": [], ""s3_key"": ""documents/678512f9af8dc40008666522/b8536e22-a449-480b-b7b8-ab484d994845.docx"", ""source"": ""DOCOLOCO"", ""summary"": null, ""ai_flags"": [], ""file_name"": ""Idris Sorlie - Divorce Petition.docx"", ""file_size"": 16842, ""origin_id"": ""6a8f3785e2eabb0bfa87e68b"", ""is_duplicate"": false, ""source_param"": ""6936bb708cea2aafac4f99c3"", ""who_uploaded"": ""External user"", ""document_name"": ""Drafts"", ""classification"": null, ""s3_upload_date"": ""2026-08-26 18:59:17.863+00"", ""origin_platform"": ""MongoDB"", ""document_type_id"": ""69f27bc872c28baf8a7f923a"", ""extended_summary"": null, ""thumbnail_s3_key"": null, ""document_category"": ""Legal"", ""sub_classification"": null, ""customer_visibility"": false, ""document_description"": ""Legal Drafts"", ""thumbnail_created_at"": null, ""document_display_name"": ""Drafts"", ""document_how_to_obtain"": ""Legal Drafts"", ""unified_document_merge_status"": null, ""document_importance_description"": ""Legal Drafts""}",timeline
6350ae57-d2cd-5376-a120-564cd49f4367,2026-08-26T18:59:23.731000,2026-08-26T18:59:23.731000,2026-08-26T18:59:25.288506,2026-08-26T18:59:25.288506,2026-08-26T18:59:23.731000,eae529490b8a9249732a5f6c,,678512f9af8dc40008666522,Documents,Document_Upload,,Document: Uploaded\nFile name: Idris Sorlie - Affidavit of Military Service.docx\nSummary: ,"{""labels"": [], ""s3_key"": ""documents/678512f9af8dc40008666522/4a1b1b95-274e-4130-ab08-e14a61e01ace.docx"", ""source"": ""DOCOLOCO"", ""summary"": null, ""ai_flags"": [], ""file_name"": ""Idris Sorlie - Affidavit of Military Service.docx"", ""file_size"": 837833, ""origin_id"": ""6a8f3784e2eabb0bfa87e689"", ""is_duplicate"": false, ""source_param"": ""6936ba9b8cea2aafac4f99c2"", ""who_uploaded"": ""External user"", ""document_name"": ""Drafts"", ""classification"": null, ""s3_upload_date"": ""2026-08-26 18:59:23.731+00"", ""origin_platform"": ""MongoDB"", ""document_type_id"": ""69f27bc872c28baf8a7f923a"", ""extended_summary"": null, ""thumbnail_s3_key"": null, ""document_category"": ""Legal"", ""sub_classification"": null, ""customer_visibility"": false, ""document_description"": ""Legal Drafts"", ""thumbnail_created_at"": null, ""document_display_name"": ""Drafts"", ""document_how_to_obtain"": ""Legal Drafts"", ""unified_document_merge_status"": null, ""document_importance_description"": ""Legal Drafts""}",timeline
762d619c-e666-543c-89df-d3304a9cbe53,2026-08-26T18:59:25.987000,2026-08-26T18:59:25.987000,2026-08-26T18:59:28.280927,2026-08-26T18:59:28.280927,2026-08-26T18:59:25.987000,eae529490b8a9249732a5f6c,,678512f9af8dc40008666522,Documents,Document_Upload,,Document: Uploaded\nFile name: Idris Sorlie - Notice of Filing Drivers License.docx\nSummary: ,"{""labels"": [], ""s3_key"": ""documents/678512f9af8dc40008666522/6a11b031-091e-4ea2-b051-5b264c83dae5.docx"", ""source"": ""DOCOLOCO"", ""summary"": null, ""ai_flags"": [], ""file_name"": ""Idris Sorlie - Notice of Filing Drivers License.docx"", ""file_size"": 9954, ""origin_id"": ""6a8f378de2eabb0bfa87e68e"", ""is_duplicate"": false, ""source_param"": ""6971ee9938810d3d9aa8037f"", ""who_uploaded"": ""External user"", ""document_name"": ""Drafts"", ""classification"": null, ""s3_upload_date"": ""2026-08-26 18:59:25.987+00"", ""origin_platform"": ""MongoDB"", ""document_type_id"": ""69f27bc872c28baf8a7f923a"", ""extended_summary"": null, ""thumbnail_s3_key"": null, ""document_category"": ""Legal"", ""sub_classification"": null, ""customer_visibility"": false, ""document_description"": ""Legal Drafts"", ""thumbnail_created_at"": null, ""document_display_name"": ""Drafts"", ""document_how_to_obtain"": ""Legal Drafts"", ""unified_document_merge_status"": null, ""document_importance_description"": ""Legal Drafts""}",timeline
8c3d2578-b10c-51e9-9788-299930abbbe1,2026-08-26T19:21:37.511000,2026-08-26T19:21:37.511000,2026-08-26T19:21:39.258279,2026-08-27T13:34:33.679091,2026-08-26T19:21:38.587000,eae529490b8a9249732a5f6c,6a3187a5f7fb6411ce26dc3d,678512f9af8dc40008666522,Communications,Email,Outbound,"Subject: Idris Sorlie Initial Documents\nBody: Good Afternoon Idris,\n\nI have attached your initial documents for your review. Were you able to\nobtain an address for your Wife? We need to put an address on the Summons\nor the Court may reject it. Also if you have any addresses for the last 5\nyears for your son or his SSN, please provide that as well.\n Idris Sorlie - Affidavit of Military Service.docx\n<https://drive.google.com/file/d/1UsH4D-mwuTk8FJu6jKzybxsR7-hldaKd/view?usp=drive_web>\n Idris Sorlie - Designation of Address.docx\n<https://drive.google.com/file/d/1k9WfQCXJf40XHBPIhEDLcgnSiXoxEjBL/view?usp=drive_web>\n Idris Sorlie - Notice of Confidential Filing.docx\n<https://drive.google.com/file/d/1S_PTuI_T8BchhRCuI2WgtR0vCdRFyPAT/view?usp=drive_web>\n Idris Sorlie - Notice of Filing Drivers License.docx\n<https://drive.google.com/file/d/1mF1ZormRaII3X3mbn1mLaJ3xCiM2MeMr/view?usp=drive_web>\n Idris Sorlie - Notice of Limited Appearance.docx\n<https://drive.google.com/file/d/10aG5x7IzaFUPK58vBl6Q1Vf5AEdJkoVR/view?usp=drive_web>\n Idris Sorlie - Notice of Related Cases.docx\n<https://drive.google.com/file/d/1TyBpVB32yDelUNFbUAzPhdzNERzc-Vuv/view?usp=drive_web>\n Idris Sorlie - Notice of Social Security Number.docx\n<https://drive.google.com/file/d/1jZ-xd_XCle4ttW4utuUnWstKzRE7cklj/view?usp=drive_web>\n Idris Sorlie - Petition DOM.docx\n<https://drive.google.com/file/d/1FMp3qIgnYSs3bonKnBZHQYdOXpW066pU/view?usp=drive_web>\n Idris Sorlie - Summons.docx\n<https://drive.google.com/file/d/1qfm_21aec0EC_gZXAJASYcL9sfU2sXB3/view?usp=drive_web>\n Idris Sorlie - UCCJEA.docx\n<https://drive.google.com/file/d/1RHIBGGYI2RG4f3o6H1UiMlA0hw-DI4K_/view?usp=drive_web>\n\n\n-- \n\nDana Whitfield, Esq.| Family Law Attorney\n\nshe/her | marble.co\n","{""source"": ""proxy"", ""smtp_id"": ""<R4neljYLTIai-8CxQ0ke0Q@geopod-ismtpd-11>"", ""subject"": ""Idris Sorlie Initial Documents"", ""origin_id"": ""6a8f3cc2597639d605ef3ce5"", ""from_email"": ""danawhitfield@themarbleway.com"", ""recipients"": [""idris.so1433@client.marble.co""], ""source_key"": ""b0853e5f-987e-4820-bdbd-44f1c79bcf66"", ""attachments"": [], ""sender_role"": ""Attorney"", ""carbon_copies"": [""quinn.h@themarbleway.com""], ""recipient_role"": ""Client"", ""sender_user_id"": ""6a3187a5f7fb6411ce26dc3f"", ""origin_platform"": ""MongoDB"", ""recipient_email"": ""idris.so1433@client.marble.co"", ""email_message_id"": ""<CAAX80R3=Xs7v81GmCmAmeY6cTug52RJid54Lcuy7jVcEfBAezQ@mail.gmail.com>"", ""recipient_user_id"": ""678512feaf8dc40008666581"", ""is_delivery_failed"": false, ""references_message_ids"": null, ""reply_to_email_message_id"": null}",timeline
dceb2b59-d0f2-5634-b7d6-d29515787c86,2026-08-26T19:44:14.993000,2026-08-26T19:44:14.993000,2026-08-26T19:44:17.299798,2026-08-27T13:35:21.270950,2026-08-26T19:44:16.734000,eae529490b8a9249732a5f6c,6a3187a5f7fb6411ce26dc3d,678512f9af8dc40008666522,Communications,Email,Inbound,"Subject: Re: Idris Sorlie Initial Documents\nBody: Hello here is one of her addresses 1087 Blue Heron Way Sarasota, Fl \n\n\nSent from Yahoo Mail for iPhone\n\n\nOn Wednesday, August 26, 2026, 3:21 PM, Dana Whitfield <dana.wh9273@cocounsel.marble.co>","{""source"": ""proxy"", ""smtp_id"": ""<FuRaicLyRv6zKjGJ2V6GlA@geopod-ismtpd-104>"", ""subject"": ""Re: Idris Sorlie Initial Documents"", ""origin_id"": ""6a8f4210597639d605ef669e"", ""from_email"": ""idrissorlie41180@yahoo.com"", ""recipients"": [""dana.wh9273@cocounsel.marble.co"", ""quinn.h@themarbleway.com""], ""source_key"": ""fdf7240f-4683-40aa-ac72-488e0f4b77ef"", ""attachments"": [], ""sender_role"": ""Client"", ""carbon_copies"": [], ""recipient_role"": ""Attorney"", ""sender_user_id"": ""678512feaf8dc40008666581"", ""origin_platform"": ""MongoDB"", ""recipient_email"": ""dana.wh9273@cocounsel.marble.co"", ""email_message_id"": ""<1766073092.1389253.1787773445429@mail.yahoo.com>"", ""recipient_user_id"": ""6a3187a5f7fb6411ce26dc3f"", ""is_delivery_failed"": false, ""references_message_ids"": [""<R4neljYLTIai-8CxQ0ke0Q@geopod-ismtpd-11>""], ""reply_to_email_message_id"": ""<R4neljYLTIai-8CxQ0ke0Q@geopod-ismtpd-11>""}",timeline
3ebb1ec3-9929-51be-a8ec-6a88c4d1d080,2026-08-26T19:54:14.587000,2026-08-26T19:54:14.587000,2026-08-26T19:54:17.729914,2026-08-27T13:33:44.368892,2026-08-26T19:54:15.929000,eae529490b8a9249732a5f6c,6a3187a5f7fb6411ce26dc3d,678512f9af8dc40008666522,Communications,Email,Inbound,"Subject: Re: Idris Sorlie Initial Documents\nBody: Same address for Anders Sorlie the baby that’s where the biological mother lives. 1087 Blue Heron Way Sarasota Florida , Anders Sorlie also lived at this address 1506 Saltmarsh Drive Bradenton Fl 34211\n\n\nSent from Yahoo Mail for iPhone\n\n\nOn Wednesday, August 26, 2026, 3:21 PM, Dana Whitfield <dana.wh9273@cocounsel.marble.co>","{""source"": ""proxy"", ""smtp_id"": ""<yYd3xX_XRvipWcupQJWUmA@geopod-ismtpd-45>"", ""subject"": ""Re: Idris Sorlie Initial Documents"", ""origin_id"": ""6a8f4467e5551cf0dfc53c46"", ""from_email"": ""idrissorlie41180@yahoo.com"", ""recipients"": [""dana.wh9273@cocounsel.marble.co"", ""quinn.h@themarbleway.com""], ""source_key"": ""22946f77-f7ff-4e84-b10e-ac4958d010dd"", ""attachments"": [], ""sender_role"": ""Client"", ""carbon_copies"": [], ""recipient_role"": ""Attorney"", ""sender_user_id"": ""678512feaf8dc40008666581"", ""origin_platform"": ""MongoDB"", ""recipient_email"": ""dana.wh9273@cocounsel.marble.co"", ""email_message_id"": ""<2018612682.1394176.1787774046185@mail.yahoo.com>"", ""recipient_user_id"": ""6a3187a5f7fb6411ce26dc3f"", ""is_delivery_failed"": false, ""references_message_ids"": [""<R4neljYLTIai-8CxQ0ke0Q@geopod-ismtpd-11>""], ""reply_to_email_message_id"": ""<R4neljYLTIai-8CxQ0ke0Q@geopod-ismtpd-11>""}",timeline
ace4056f-14a9-5d38-8c2f-9ac823985617,2026-08-26T19:55:19.483000,2026-08-26T19:55:19.483000,2026-08-26T19:55:21.348955,2026-08-27T13:34:52.860126,2026-08-26T19:55:20.783000,eae529490b8a9249732a5f6c,6a3187a5f7fb6411ce26dc3d,678512f9af8dc40008666522,Communications,Email,Outbound,"Subject: Re: Idris Sorlie Initial Documents\nBody: ok what is the timeframe for those addresses?\n\nOn Wed, Aug 26, 2026 at 3:54 PM Idris Sorlie <idris.so1433@client.marble.co>\n","{""source"": ""proxy"", ""smtp_id"": ""<TW2KdSeuQuOnh4roD-r4pA@geopod-ismtpd-11>"", ""subject"": ""Re: Idris Sorlie Initial Documents"", ""origin_id"": ""6a8f44a843f4b08d995603a5"", ""from_email"": ""danawhitfield@themarbleway.com"", ""recipients"": [""idris.so1433@client.marble.co"", ""quinn.h@themarbleway.com""], ""source_key"": ""cca02bf0-a30a-4b7d-baa3-7806fa7f6a54"", ""attachments"": [], ""sender_role"": ""Attorney"", ""carbon_copies"": [], ""recipient_role"": ""Client"", ""sender_user_id"": ""6a3187a5f7fb6411ce26dc3f"", ""origin_platform"": ""MongoDB"", ""recipient_email"": ""idris.so1433@client.marble.co"", ""email_message_id"": ""<CAAX80R1rzOCQp8rK5iFT45dyaiyqxqNGTWg7SjRM4z_CP81uAQ@mail.gmail.com>"", ""recipient_user_id"": ""678512feaf8dc40008666581"", ""is_delivery_failed"": false, ""references_message_ids"": [""<R4neljYLTIai-8CxQ0ke0Q@geopod-ismtpd-11>"", ""<yYd3xX_XRvipWcupQJWUmA@geopod-ismtpd-45>""], ""reply_to_email_message_id"": ""<yYd3xX_XRvipWcupQJWUmA@geopod-ismtpd-45>""}",timeline
fea13b56-d96a-56ed-a23b-254b6ec904b6,2026-08-28T17:35:05.370000,2026-08-28T17:35:05.370000,2026-08-28T17:35:07.307278,2026-08-28T17:35:16.294819,2026-08-28T17:35:06.437000,eae529490b8a9249732a5f6c,6a3187a5f7fb6411ce26dc3d,678512f9af8dc40008666522,Communications,Email,Inbound,"Subject: Re: Idris Sorlie Initial Documents\nBody: Hello Mrs Dana I had another question I just received a letter from child support that they saying I owe like 7000 dollars and child support just started. I believe they making me pay from when he was born and I didn’t have custody of him at the time. And she is still getting government assistance and I am paying. Can you see if there is anything I can do.\n\n\nSent from Yahoo Mail for iPhone\n\n\nOn Wednesday, August 26, 2026, 3:21 PM, Dana Whitfield <dana.wh9273@cocounsel.marble.co>","{""source"": ""proxy"", ""smtp_id"": ""<FWHjeGZKQ7qvJJ0-xXdh1A@geopod-ismtpd-74>"", ""subject"": ""Re: Idris Sorlie Initial Documents"", ""origin_id"": ""6a91c6ca7ce2121b6f112122"", ""from_email"": ""idrissorlie41180@yahoo.com"", ""recipients"": [""dana.wh9273@cocounsel.marble.co"", ""quinn.h@themarbleway.com""], ""source_key"": ""60ffa90d-4f7e-4cc8-a577-6736f025bdea"", ""attachments"": [], ""sender_role"": ""Client"", ""carbon_copies"": [], ""recipient_role"": ""Attorney"", ""sender_user_id"": ""678512feaf8dc40008666581"", ""origin_platform"": ""MongoDB"", ""recipient_email"": ""dana.wh9273@cocounsel.marble.co"", ""email_message_id"": ""<1613825857.1992646.1787938497518@mail.yahoo.com>"", ""recipient_user_id"": ""6a3187a5f7fb6411ce26dc3f"", ""is_delivery_failed"": false, ""references_message_ids"": [""<R4neljYLTIai-8CxQ0ke0Q@geopod-ismtpd-11>""], ""reply_to_email_message_id"": ""<R4neljYLTIai-8CxQ0ke0Q@geopod-ismtpd-11>""}",timeline
fd9a1ecd-7ec1-5f39-9c1a-5e8fe51e26de,2026-08-28T17:41:00.340000,2026-08-28T17:41:00.340000,2026-08-28T17:41:02.322830,2026-08-28T17:41:10.193977,2026-08-28T17:41:01.361000,eae529490b8a9249732a5f6c,6a3187a5f7fb6411ce26dc3d,678512f9af8dc40008666522,Communications,Email,Outbound,"Subject: Re: Idris Sorlie Initial Documents\nBody: Unfortunately, I cannot give any legal advice on that case or situation,\nhowever, I would assume child support is being calculated from the date of\nadoption. If you have concerns about that amount or feel it is incorrect,\nyou will need to dispute it in that case.\n\nOn Fri, Aug 28, 2026 at 1:35 PM Idris Sorlie <idris.so1433@client.marble.co>\n","{""source"": ""proxy"", ""smtp_id"": ""<p3adzfSwQu2tlVWFrhK-qw@geopod-ismtpd-74>"", ""subject"": ""Re: Idris Sorlie Initial Documents"", ""origin_id"": ""6a91c82d74c1a624cccb7092"", ""from_email"": ""danawhitfield@themarbleway.com"", ""recipients"": [""idris.so1433@client.marble.co"", ""quinn.h@themarbleway.com""], ""source_key"": ""62acc9da-0086-4c97-83de-4be099dc4f60"", ""attachments"": [], ""sender_role"": ""Attorney"", ""carbon_copies"": [], ""recipient_role"": ""Client"", ""sender_user_id"": ""6a3187a5f7fb6411ce26dc3f"", ""origin_platform"": ""MongoDB"", ""recipient_email"": ""idris.so1433@client.marble.co"", ""email_message_id"": ""<CAAX80R1=v3ad+1WT=kNnXRaxtJg0Oph09pKq7nmWKNMJ4=GOeA@mail.gmail.com>"", ""recipient_user_id"": ""678512feaf8dc40008666581"", ""is_delivery_failed"": false, ""references_message_ids"": [""<R4neljYLTIai-8CxQ0ke0Q@geopod-ismtpd-11>"", ""<FWHjeGZKQ7qvJJ0-xXdh1A@geopod-ismtpd-74>""], ""reply_to_email_message_id"": ""<FWHjeGZKQ7qvJJ0-xXdh1A@geopod-ismtpd-74>""}",timeline
673626ce-41bc-5bdc-bdb8-71bd44970599,2026-08-28T17:41:41.094000,2026-08-28T17:41:41.094000,2026-08-28T17:41:43.421801,2026-08-28T17:41:50.356724,2026-08-28T17:41:42.157000,eae529490b8a9249732a5f6c,6a3187a5f7fb6411ce26dc3d,678512f9af8dc40008666522,Communications,Email,Inbound,"Subject: Re: Idris Sorlie Initial Documents\nBody: Okay thanks \n\n\nSent from Yahoo Mail for iPhone\n\n\nOn Friday, August 28, 2026, 1:41 PM, Dana Whitfield <dana.wh9273@cocounsel.marble.co>","{""source"": ""proxy"", ""smtp_id"": ""<YaEcfBdHS4CIkNGMurDGKw@geopod-ismtpd-94>"", ""subject"": ""Re: Idris Sorlie Initial Documents"", ""origin_id"": ""6a91c856c655eb39d8dc5d75"", ""from_email"": ""idrissorlie41180@yahoo.com"", ""recipients"": [""dana.wh9273@cocounsel.marble.co"", ""quinn.h@themarbleway.com""], ""source_key"": ""94a788dc-c627-460b-af39-d1e2b228a598"", ""attachments"": [], ""sender_role"": ""Client"", ""carbon_copies"": [], ""recipient_role"": ""Attorney"", ""sender_user_id"": ""678512feaf8dc40008666581"", ""origin_platform"": ""MongoDB"", ""recipient_email"": ""dana.wh9273@cocounsel.marble.co"", ""email_message_id"": ""<861269602.1983336.1787938894066@mail.yahoo.com>"", ""recipient_user_id"": ""6a3187a5f7fb6411ce26dc3f"", ""is_delivery_failed"": false, ""references_message_ids"": [""<R4neljYLTIai-8CxQ0ke0Q@geopod-ismtpd-11>"", ""<FWHjeGZKQ7qvJJ0-xXdh1A@geopod-ismtpd-74>"", ""<p3adzfSwQu2tlVWFrhK-qw@geopod-ismtpd-74>""], ""reply_to_email_message_id"": ""<p3adzfSwQu2tlVWFrhK-qw@geopod-ismtpd-74>""}",timeline
2c170ca3-31e7-5bf1-aa37-4dc772e5d254,2026-08-28T17:49:15.550000,2026-08-28T17:49:15.550000,2026-08-28T17:49:18.315131,2026-08-28T17:49:35.280958,2026-08-28T17:49:17.146000,eae529490b8a9249732a5f6c,6a3187a5f7fb6411ce26dc3d,678512f9af8dc40008666522,Communications,Email,Inbound,"Subject: Re: Idris Sorlie Initial Documents\nBody: The first address is her mom address where she use to live at her and the baby. Second address we was there for like a year lease was up in January 2025\n\n\nSent from Yahoo Mail for iPhone\n\n\nOn Wednesday, August 26, 2026, 3:21 PM, Dana Whitfield <dana.wh9273@cocounsel.marble.co>","{""source"": ""proxy"", ""smtp_id"": ""<ICwlXtKWQRySgrBrICeg5g@geopod-ismtpd-74>"", ""subject"": ""Re: Idris Sorlie Initial Documents"", ""origin_id"": ""6a91ca1d74c1a624cccb76c4"", ""from_email"": ""idrissorlie41180@yahoo.com"", ""recipients"": [""dana.wh9273@cocounsel.marble.co"", ""quinn.h@themarbleway.com""], ""source_key"": ""5a1fc210-0bd7-421c-80d7-ba286bf69492"", ""attachments"": [], ""sender_role"": ""Client"", ""carbon_copies"": [], ""recipient_role"": ""Attorney"", ""sender_user_id"": ""678512feaf8dc40008666581"", ""origin_platform"": ""MongoDB"", ""recipient_email"": ""dana.wh9273@cocounsel.marble.co"", ""email_message_id"": ""<380488106.1983192.1787939346880@mail.yahoo.com>"", ""recipient_user_id"": ""6a3187a5f7fb6411ce26dc3f"", ""is_delivery_failed"": false, ""references_message_ids"": [""<R4neljYLTIai-8CxQ0ke0Q@geopod-ismtpd-11>""], ""reply_to_email_message_id"": ""<R4neljYLTIai-8CxQ0ke0Q@geopod-ismtpd-11>""}",timeline
722d68b5-88f5-572b-a3dd-61982a594530,2026-08-31T14:55:58.406000,2026-08-31T14:55:58.406000,2026-08-31T14:56:00.288686,2026-08-31T14:56:11.277707,2026-08-31T14:55:59.312000,eae529490b8a9249732a5f6c,,678512f9af8dc40008666522,Communications,Email,Outbound,"Subject: Quinn at Marble  has shared documents with you\nBody: Org logo [https://241176755253-notarize-production-organization-logos.s3.amazonaws.com/fd166e3b38aa0155782c76959a4b013e.png] Proof\nlogo [https://notarize-static-assets.s3-us-west-2.amazonaws.com/emails/c/proof-logo.png]\n\nQuinn at Marble has sent you documents to review and complete. After you have finished signing, all parties will receive a final\ncopy by email.\n\n\n\nSign documents now\n[https://links.notarize.com/ls/click?upn=u001.SPIdj95SOq64Lc31dn0TffJsPAVjCS90u5szUzcabHpJr-2F-2FFpfzkpdkVGCxc4c7uXbOZ9vKb4-2FhdHoCLEGnixw-3D-3DfHgC_37VT8iZmpDSfYKuEzp-2Fym2i5fH0NwyXDq-2Bu4MczHtHK3e-2Bzw3MmU0aN6iHLD0A3idfesBEdodtAb4JHCbP10H1g5UgThknzEIbkVedtYIokeMUHnCh4SOUtgcU-2BZj5wWJuhFy-2B5H-2BwOxFBCXRAh31gr4s8IRs9y-2BaVIbZRGg9p241GDkootWPSBKELNFJmPUwtnb6IozQqLKzyVQDC3sHf9AisI5J6zn6RaINkt8G8QNbG7hFqad3ew155tD0kr84FuVzlBByYWW4zPDJhYXaEOM8Y17GDlfGaipNpcraBxGmeU-2B7uB-2Bu12-2F5nbf22GtfH9joVFqrSeQ37OZrK6s-2FeJepuEa07FCluPD0wCRicXChUaM2FlqzYXPNK5s-2F-2B1z7mesTuuXMa-2B4O1A7cQuDYMY4aaog6VpqDwOPNWaLKiX0WQC7amSczbibh-2FiwB38lWfarWZgmaes337T7UAZ7CkYSuo6CwLQPkfGP4hg8CCUSUMgIw7vUPQQ-2Bp-2FRHW-2Bmvul9TOMxz3kI31N90FP7k9OKMVpR5Z5Qno-2FiQbpnTYd76YvLxZCErhqpxJppP-2F47i]\n\nHi Idris,\n\nProof is available 24x7 to help you sign, verify, and notarize your most important documents online.\n\n\n\n----------------------------------------------------------------------------------------------------------------------------------\n\nDo not forward this email Do not share this email with others as it contains sensitive information. About Proof Proof is the first\nidentity assurance platform, built to help businesses and consumers operate with more trust online. Together with Notarize, the\nlargest online notary network, Proof connects signers with notaries who can verify their identity and notarize important documents\n– 24x7. Questions? Visit our help center at support.proof.com\n[https://links.notarize.com/ls/click?upn=u001.SPIdj95SOq64Lc31dn0TfYY-2FZbv-2FYHZCJ9f-2FuAIn8aTCUP-2F3h3Tsg2517mpIJivqUXpS_37VT8iZmpDSfYKuEzp-2Fym2i5fH0NwyXDq-2Bu4MczHtHK3e-2Bzw3MmU0aN6iHLD0A3idfesBEdodtAb4JHCbP10H1g5UgThknzEIbkVedtYIokeMUHnCh4SOUtgcU-2BZj5wWJuhFy-2B5H-2BwOxFBCXRAh31gr4s8IRs9y-2BaVIbZRGg9p241GDkootWPSBKELNFJmPUwtnb6IozQqLKzyVQDC3sHf9AisI5J6zn6RaINkt8G8QNbG7hFqad3ew155tD0kr84FuVzlBByYWW4zPDJhYXaEOM8Y17GDlfGaipNpcraBxGmeU-2B7uB-2Bu12-2F5nbf22GtfH9joVFqrSeQ37OZrK6s-2FeJepuEa07FCluPD0wCRicXChUaM2FlqzYXPNK5s-2F-2B1zK-2BU0QgPPHfcqJdGzQrQnxtncRCjwZuQT4IDUPu2CT7rtDFg6dsJgxZuA64g8Qv8XGeVm-2FZNGe5aOnZyVz-2BjRXQTM4e6dw50nstwSWKA1RjcJQLz7i7kC-2BCvrTDGPmjOIP4qN7uKqasoDqJU5NhLeTIP900cfl8rlmeiqZugXKabbBIEO-2F5JJ0OGX94OxmzvP].\nproof.com\n[https://links.notarize.com/ls/click?upn=u001.SPIdj95SOq64Lc31dn0TfTWcfDp3l2cZws1QPrPGwHQ-3D3_12_37VT8iZmpDSfYKuEzp-2Fym2i5fH0NwyXDq-2Bu4MczHtHK3e-2Bzw3MmU0aN6iHLD0A3idfesBEdodtAb4JHCbP10H1g5UgThknzEIbkVedtYIokeMUHnCh4SOUtgcU-2BZj5wWJuhFy-2B5H-2BwOxFBCXRAh31gr4s8IRs9y-2BaVIbZRGg9p241GDkootWPSBKELNFJmPUwtnb6IozQqLKzyVQDC3sHf9AisI5J6zn6RaINkt8G8QNbG7hFqad3ew155tD0kr84FuVzlBByYWW4zPDJhYXaEOM8Y17GDlfGaipNpcraBxGmeU-2B7uB-2Bu12-2F5nbf22GtfH9joVFqrSeQ37OZrK6s-2FeJepuEa07FCluPD0wCRicXChUaM2FlqzYXPNK5s-2F-2B1znCTWc5WcLhxNwtdEEQnWFwBhhDwFAEA7E0KG-2FIm-2F6ywhQZh7PokwClyx9JS1TZ7hwU0JnXC4rxrWTIPNBs5Nszpdnx8VndHQ-2BI7COEAE1xSMGanXCC6pIGuDnjdsv-2F3WyFjkVHFzr9lxlJhFtwoen28OsBAKXK8wB80Rc-2FGEj-2Bhp052xy8drkcw0zKE4JSTi]\nnotarize.com\n[https://links.notarize.com/ls/click?upn=u001.SPIdj95SOq64Lc31dn0TfRqwE9ScpZD-2FNzP5Xj9MP35H81IAiVHezwOZ0S3MRKqBLBz4_37VT8iZmpDSfYKuEzp-2Fym2i5fH0NwyXDq-2Bu4MczHtHK3e-2Bzw3MmU0aN6iHLD0A3idfesBEdodtAb4JHCbP10H1g5UgThknzEIbkVedtYIokeMUHnCh4SOUtgcU-2BZj5wWJuhFy-2B5H-2BwOxFBCXRAh31gr4s8IRs9y-2BaVIbZRGg9p241GDkootWPSBKELNFJmPUwtnb6IozQqLKzyVQDC3sHf9AisI5J6zn6RaINkt8G8QNbG7hFqad3ew155tD0kr84FuVzlBByYWW4zPDJhYXaEOM8Y17GDlfGaipNpcraBxGmeU-2B7uB-2Bu12-2F5nbf22GtfH9joVFqrSeQ37OZrK6s-2FeJepuEa07FCluPD0wCRicXChUaM2FlqzYXPNK5s-2F-2B1zweBUljjoEqUlC3oZrB98G05lvoQxXtGuVt8TdPQl7ogogxEj2cdrzG5PXiseBFKtDsVgbgKtBHILOsNTRYBK7vsqEd1FZ0qpzESJY3L7aBNJv4QIsiOiuNZgiXaYrFd2TeXJb5ziY5tfe-2BL8aseJYbH1pRSA9JRyBD-2BpPbJHS9EkB6t-2BH-2F9Bn1bAmDfem5Ur]\n© Proof.comSM 2026\n\n[https://links.notarize.com/wf/open?upn=u001.-2BacMGB-2FXVAAnCQtwG2sm-2BbN1yoEjs3A8kc1lqqY-2B1UuB3RsBm-2BeHEE-2BZjfoKXP8PmphPaKerPz9luBhkqOO3bdplCa8XB2BiGRWwkmFMRtB7-2Bp69Egb-2ByVMkjyGmMy5SFg6tozijCMDt7FkVUjAnZHpS24mWzJlEiVFBYAd-2F0TlRjgvozAF4vQgr-2FKCZdO3LTz8sTuvsV0rN-2Fhklv2UrHv07IIW2gUMSfW8-2FlXuSfXUKRmmZ-2FZznvsmw10wiKv0hbww2bu9PrPN-2FaMQJhMppz9YD5PUEMxOOu-2FNTWa4PB4E95ptcFQJmGTG7qgP4w0NYqYjiW35Vyu1ybpK6zdy1-2FuI9u8SR60pnqWw6xF1ZCuV0G5e0j-2BFecZBzxhRwTWVmco-2FpBk6fP0tEf-2B2mYCMPPbxFl-2BFAeDln77SNdedCwGY7bg3EmMVU9N2THxJ2VLH9S6tT-2F9cJMUrGW5WaPzLJUNYksdPKMpYUifEfUr-2BCATIuRJ1Xu2JlkdjZM5D-2BD2MnNq2yrIXAGG6MiU9iD6NnS2dZaBSa52sROS-2FjC0mc-2FBH18nU-2B39SpLVI5ghy97UliP8Wf6T5jv9yhhWBgsA-2BxXg-3D-3D]","{""source"": ""proxy"", ""smtp_id"": ""<aUKnZhBYRtGrLErFS9JOGw@geopod-ismtpd-34>"", ""subject"": ""Quinn at Marble  has shared documents with you"", ""origin_id"": ""6a9595ffdfd839e3de3d7f5c"", ""from_email"": ""noreply@proof.com"", ""recipients"": [""idris.so1433@client.marble.co""], ""source_key"": ""71a4b813-901a-40fb-8c51-de5ccac05e63"", ""attachments"": [], ""sender_role"": null, ""carbon_copies"": [], ""recipient_role"": ""Client"", ""sender_user_id"": null, ""origin_platform"": ""MongoDB"", ""recipient_email"": ""idris.so1433@client.marble.co"", ""email_message_id"": ""<ZYCBu_J2S2G2-UvlXc4Zqw@geopod-ismtpd-49>"", ""recipient_user_id"": ""678512feaf8dc40008666581"", ""is_delivery_failed"": false, ""references_message_ids"": null, ""reply_to_email_message_id"": null}",timeline
c6cd2d39-fa83-515d-8fd7-c4a62896ffb6,2026-08-31T14:56:05.678000,2026-08-31T14:56:05.678000,2026-08-31T14:56:06.389985,2026-08-31T14:56:06.389985,2026-08-31T14:56:05.678000,eae529490b8a9249732a5f6c,66e9febde456dd0008a1ce6e,678512f9af8dc40008666522,Case Update,General,,"Hi Idris, excellent news - your petition is ready for your review and signature! You'll receive an email from Notarize with the documents shortly. Once signed, we'll file the petition with the court, moving your case forward. Please take time to review everything carefully. If there are any questions regarding your documents, please outline any questions PRIOR to signing. When you're ready, sign it to keep the process moving smoothly","{""source"": ""ATTORNEY_PORTAL"", ""origin_id"": ""6a9596056be1f9c6e979e97a"", ""waiting_for"": ""UNASSIGNED"", ""content_header"": ""Your petition is ready for your review and signature"", ""created_by_role"": ""Admin"", ""origin_platform"": ""MongoDB"", ""related_milestone_id"": ""6630a70cf1ff8d0008199707"", ""is_externally_visible"": true}",timeline
c1631539-1942-51fe-adb5-85c105c34303,2026-08-31T14:56:05.879000,2026-08-31T14:56:05.879000,2026-08-31T14:56:06.389985,2026-08-31T14:56:06.389985,2026-08-31T14:56:05.879000,eae529490b8a9249732a5f6c,66e9febde456dd0008a1ce6e,678512f9af8dc40008666522,Service,Milestone Update,,Service Name: Idris Sorlie - Marble Petition for Dissolution of Marriage\nMilestone Name: Drafting\nChange Type: Milestone progressed,"{""service_id"": ""6a85bd9c9a7da49167ff53af"", ""document_ids"": [], ""milestone_id"": ""6630a70cf1ff8d0008199707"", ""service_name"": ""Idris Sorlie - Marble Petition for Dissolution of Marriage"", ""milestone_name"": ""Drafting"", ""milestone_step"": ""Pending petition signatures"", ""origin_platform"": ""MongoDB"", ""service_type_id"": ""69272dfbe62a4c8be37e7cef"", ""service_type_name"": ""Marble Petition for Dissolution of Marriage"", ""milestone_updated_by"": ""66e9febde456dd0008a1ce73"", ""milestone_change_type"": ""Milestone progressed"", ""service_percent_completed"": 45, ""milestone_percent_completed"": 100, ""prev_milestone_percent_completed"": 50}",timeline
a1baf552-7fa6-5688-a3f6-acee8b5ef52d,2026-08-31T14:56:22,2026-08-31T14:56:22,2026-09-01T00:33:15.271406,2026-09-01T00:33:15.271406,2026-08-31T14:56:22,eae529490b8a9249732a5f6c,,678512f9af8dc40008666522,Communications,SMS,Outbound,Hi Idris - your attorney posted an update on your case in Marble that may require your attention.\n\nPlease take a moment to review it so you stay fully up to date:\nhttps://sms.marble.co/rEDaBeHL,"{""provider"": ""Twilio"", ""to_phone"": ""+19415552093"", ""canvas_id"": null, ""origin_id"": ""6a9596157b30041962c558711f02c50e"", ""canvas_name"": null, ""sender_role"": ""System"", ""braze_user_id"": ""6785130dd4bf546543005663"", ""canvas_step_id"": null, ""recipient_role"": ""Client"", ""origin_platform"": ""braze"", ""canvas_step_name"": null, ""subscription_group"": ""5791d911-1294-4c66-b828-83ab545fccf4"", ""canvas_variation_id"": null, ""message_variation_id"": ""01df1a44-2fc3-43e3-8a5f-db96bf649fce""}",timeline
e0aef411-fa8c-5bbd-88c0-0854a5c92d19,2026-08-31T16:17:13.667000,2026-08-31T16:17:13.667000,2026-08-31T16:17:14.528092,2026-08-31T16:17:14.528092,2026-08-31T16:17:13.667000,eae529490b8a9249732a5f6c,,678512f9af8dc40008666522,Marbles,Status_Change,,Type: MILESTONE\nChange: Created,"{""done"": false, ""type"": ""MILESTONE"", ""skipped"": false, ""metadata"": {""content"": ""Hi Idris, excellent news - your petition is ready for your review and signature! You'll receive an email from Notarize with the documents shortly. Once signed, we'll file the petition with the court, moving your case forward. Please take time to review everything carefully. If there are any questions regarding your documents, please outline any questions PRIOR to signing. When you're ready, sign it to keep the process moving smoothly"", ""stepName"": ""Pending petition signatures"", ""serviceId"": ""6a85bd9c9a7da49167ff53af"", ""milestoneId"": ""6630a70cf1ff8d0008199707"", ""contentHeader"": ""Your petition is ready for your review and signature"", ""milestoneName"": ""Drafting"", ""milestonePercentCompleted"": 100}, ""origin_id"": ""6a85c7cce670514997d5b4c5"", ""update_type"": ""created"", ""is_skippable"": true, ""reference_id"": ""c6cd2d39-fa83-515d-8fd7-c4a62896ffb6"", ""origin_platform"": ""MongoDB"", ""marble_instance_id"": ""6a95a90988ca1d914345870a""}",timeline
b24b113c-eee6-5143-b7f4-4550dd2cbb01,2026-08-31T16:17:16.385000,2026-08-31T16:17:16.385000,2026-08-31T16:17:17.483680,2026-08-31T16:17:17.483680,2026-08-31T16:17:16.385000,eae529490b8a9249732a5f6c,,678512f9af8dc40008666522,Marbles,Status_Change,,Type: MILESTONE\nChange: Done,"{""done"": true, ""type"": ""MILESTONE"", ""skipped"": false, ""metadata"": {""content"": ""Hi Idris, excellent news - your petition is ready for your review and signature! You'll receive an email from Notarize with the documents shortly. Once signed, we'll file the petition with the court, moving your case forward. Please take time to review everything carefully. If there are any questions regarding your documents, please outline any questions PRIOR to signing. When you're ready, sign it to keep the process moving smoothly"", ""stepName"": ""Pending petition signatures"", ""serviceId"": ""6a85bd9c9a7da49167ff53af"", ""milestoneId"": ""6630a70cf1ff8d0008199707"", ""contentHeader"": ""Your petition is ready for your review and signature"", ""milestoneName"": ""Drafting"", ""milestonePercentCompleted"": 100}, ""origin_id"": ""6a85c7cce670514997d5b4c5"", ""update_type"": ""done"", ""is_skippable"": true, ""reference_id"": ""c6cd2d39-fa83-515d-8fd7-c4a62896ffb6"", ""origin_platform"": ""MongoDB"", ""marble_instance_id"": ""6a95a90988ca1d914345870a""}",timeline
5dd3d23e-dfa7-50ed-a160-87cb88cc8a8b,2026-08-31T16:19:12.699000,2026-08-31T16:19:12.699000,2026-08-31T16:19:14.292661,2026-08-31T16:19:45.980928,2026-08-31T16:19:13.863000,eae529490b8a9249732a5f6c,,678512f9af8dc40008666522,Communications,Email,Outbound,"Subject: Verify your email address\nBody: Proof logo [https://notarize-static-assets.s3-us-west-2.amazonaws.com/emails/c/proof-logo.png]\n\n\nENTER THE FOLLOWING CODE TO VERIFY YOUR ACCOUNT.\n\n\n220518\n\nThis code will expire in 5 minutes. If you did not make this request, or you have decided to leave your password unchanged, you\ncan ignore this email.\n\n----------------------------------------------------------------------------------------------------------------------------------\n\nDo not forward this email Do not share this email with others as it contains sensitive information. About Proof Proof is the first\nidentity assurance platform, built to help businesses and consumers operate with more trust online. Together with Notarize, the\nlargest online notary network, Proof connects signers with notaries who can verify their identity and notarize important documents\n– 24x7. Questions? Visit our help center at support.proof.com\n[https://links.notarize.com/ls/click?upn=u001.SPIdj95SOq64Lc31dn0TfYY-2FZbv-2FYHZCJ9f-2FuAIn8aTCUP-2F3h3Tsg2517mpIJivq-Klk_37VT8iZmpDSfYKuEzp-2Fym2i5fH0NwyXDq-2Bu4MczHtHK3e-2Bzw3MmU0aN6iHLD0A3iheeR4QmK4FklFZv3ArIoFklBLH5WV1CVwzMqUgcxhcV5gaCCSp6Tjn6T-2BXl8LS4g3UrU7KsxvnhOPCRx5w9LevO6jHgQwevulCdGaPg9JhC0TWT-2FXTWv1OdToUvQRObCVOvBoQ-2Fl9Xlg4gunu9CxdpvCisjVE8a3lrqCo7Wd-2Ffk2ph68DJ8QfRX-2Br5j0CriOidjg-2FIM0-2F6KhCGH3rkBrHP1StKjWhtTz2kI-2F7L35Vtz-2F1QWlPHkgMEbns-2F9wIr3S1avFautD0oe9hTAfkEr8FPH2KH-2BMZJk-2BK9IFIwLYzVRccitk8-2BQ8VVXpELh1esvd].\nproof.com\n[https://links.notarize.com/ls/click?upn=u001.SPIdj95SOq64Lc31dn0TfTWcfDp3l2cZws1QPrPGwHQ-3DchU3_37VT8iZmpDSfYKuEzp-2Fym2i5fH0NwyXDq-2Bu4MczHtHK3e-2Bzw3MmU0aN6iHLD0A3iheeR4QmK4FklFZv3ArIoFklBLH5WV1CVwzMqUgcxhcV5gaCCSp6Tjn6T-2BXl8LS4g3UrU7KsxvnhOPCRx5w9LevO6jHgQwevulCdGaPg9JhC0TWT-2FXTWv1OdToUvQRObCVOvBoQ-2Fl9Xlg4gunu9Cxdm4khNUB5VlEM6LwWxQkMwXG0TDo-2F1N-2B3-2BcpZXHP2r3WTF5Id41NyJe9ZqdGT6xSgg3dF7uoMtt8vcbRDimUp3iMg-2BjNohUDCRDatPmzUbGAOyiWLpAw8kTGZIgDylfvro1I2aO5Jzmmcj5j8Qj88okZrX2bEx-2BogvA-2Bye-2Bdm7u4]\nnotarize.com\n[https://links.notarize.com/ls/click?upn=u001.SPIdj95SOq64Lc31dn0TfRqwE9ScpZD-2FNzP5Xj9MP35H81IAiVHezwOZ0S3MRKqBbj0f_37VT8iZmpDSfYKuEzp-2Fym2i5fH0NwyXDq-2Bu4MczHtHK3e-2Bzw3MmU0aN6iHLD0A3iheeR4QmK4FklFZv3ArIoFklBLH5WV1CVwzMqUgcxhcV5gaCCSp6Tjn6T-2BXl8LS4g3UrU7KsxvnhOPCRx5w9LevO6jHgQwevulCdGaPg9JhC0TWT-2FXTWv1OdToUvQRObCVOvBoQ-2Fl9Xlg4gunu9CxdvvDAto7qTF0JX2FoZvfoRNmqaWelQeOJC7yw32DZBJsD5Cqg5PWQs0R9qXXvdBvIPyNuCMOdYuOjewhNkFJkabToCWWlv7hHuM98-2FFI6c0mosFH0kJcZCjvlZ0HES9a5XZbWfKZJAQsQikao7h6YGazmfA39NQrzPssefdmbnLu]\n© Proof.comSM 2026\n\n[https://links.notarize.com/wf/open?upn=u001.-2BacMGB-2FXVAAnCQtwG2sm-2BbN1yoEjs3A8kc1lqqY-2B1UuB3RsBm-2BeHEE-2BZjfoKXP8P6aH5EP70HT1X2QttCUFPVYAC-2FginULHWjDQTzFp4sSc-2FYM6xtf895X-2F1UicDbMllIydBfULiTge8cHqqayX-2BWRNd60Ob6rXRUSedq2DDCZGxuJkI6JPxNqlUuOi55ig9UW3zREBwd-2BHOpR5eaoOul-2FMlZbECyNPhcbb3cAvV7rX5iaUWHkTnO1NTyYhPkYK2mPA-2B82U2CO-2BiLv8pHvEIOgoKMGzXWWxlrihnGVty1MGI3sz9gu2lomgy6iAPrbUqjHY7235EDDMchMT8R9YhYhgLuWuZk03GvSrtWPx8FlNaCCEbPlrknkXOXz-2FX6rlQ]","{""source"": ""proxy"", ""smtp_id"": ""<Lig7l3F5ShWo6IMCFEH21w@geopod-ismtpd-77>"", ""subject"": ""Verify your email address"", ""origin_id"": ""6a95a981dfd839e3de3df5e8"", ""from_email"": ""noreply@proof.com"", ""recipients"": [""idris.so1433@client.marble.co""], ""source_key"": ""302a9e93-b759-41b8-a305-1cef2df82b49"", ""attachments"": [], ""sender_role"": null, ""carbon_copies"": [], ""recipient_role"": ""Client"", ""sender_user_id"": null, ""origin_platform"": ""MongoDB"", ""recipient_email"": ""idris.so1433@client.marble.co"", ""email_message_id"": ""<6sdFmmdoQECTGcKN03W9rA@geopod-ismtpd-2>"", ""recipient_user_id"": ""678512feaf8dc40008666581"", ""is_delivery_failed"": false, ""references_message_ids"": null, ""reply_to_email_message_id"": null}",timeline
e8b8e18a-8d06-592e-a54a-940f5b0e7ff2,2026-08-31T16:23:49.664000,2026-08-31T16:23:49.664000,2026-08-31T16:23:52.516110,2026-08-31T16:24:12.304096,2026-08-31T16:23:51.541000,eae529490b8a9249732a5f6c,,678512f9af8dc40008666522,Communications,Email,Outbound,"Subject: Verify your email address\nBody: Proof logo [https://notarize-static-assets.s3-us-west-2.amazonaws.com/emails/c/proof-logo.png]\n\n\nENTER THE FOLLOWING CODE TO VERIFY YOUR ACCOUNT.\n\n\n384198\n\nThis code will expire in 5 minutes. If you did not make this request, or you have decided to leave your password unchanged, you\ncan ignore this email.\n\n----------------------------------------------------------------------------------------------------------------------------------\n\nDo not forward this email Do not share this email with others as it contains sensitive information. About Proof Proof is the first\nidentity assurance platform, built to help businesses and consumers operate with more trust online. Together with Notarize, the\nlargest online notary network, Proof connects signers with notaries who can verify their identity and notarize important documents\n– 24x7. Questions? Visit our help center at support.proof.com\n[https://links.notarize.com/ls/click?upn=u001.SPIdj95SOq64Lc31dn0TfYY-2FZbv-2FYHZCJ9f-2FuAIn8aTCUP-2F3h3Tsg2517mpIJivqyXPo_37VT8iZmpDSfYKuEzp-2Fym2i5fH0NwyXDq-2Bu4MczHtHK3e-2Bzw3MmU0aN6iHLD0A3isbHuNuAfcsawIWlawUIzkKjxjRBlQLjTFQlN8AjKligX6agmC7mJieERVwzAOcYe0kS60njENE7uJ9qus3huA-2BCqIuA3-2Fbgil04-2BpmAdeQYQRl4-2FN09IbvSVUKbferDxZb3ULUGlmexpdMeE4shd6BTrMAE1iklAyqpbgiTuZbZiCwV8k0GcbttHsaKf2-2FErJFeFFMVdYzdcN4i3yTmVe2sd3ieEsuj54bFnyEOKX3sOfZ-2Fklya9yLdG31mErXAV1EvI5lTqZ-2B0PqVjvHM45U471IzAFlYYR12-2B0l5DBwjMbrkUfabiJdC0DCf-2B7Zeaq].\nproof.com\n[https://links.notarize.com/ls/click?upn=u001.SPIdj95SOq64Lc31dn0TfTWcfDp3l2cZws1QPrPGwHQ-3D2GSK_37VT8iZmpDSfYKuEzp-2Fym2i5fH0NwyXDq-2Bu4MczHtHK3e-2Bzw3MmU0aN6iHLD0A3isbHuNuAfcsawIWlawUIzkKjxjRBlQLjTFQlN8AjKligX6agmC7mJieERVwzAOcYe0kS60njENE7uJ9qus3huA-2BCqIuA3-2Fbgil04-2BpmAdeQYQRl4-2FN09IbvSVUKbferDxZb3ULUGlmexpdMeE4shd6F3kVw7xe-2BYs-2Bt3TJrWaiGqyNTjxgMOw158nsZo2n9LOSaGEdzeRbHNt9q0lGJcEaYDfpQ0kmq4KdagQgS0yc-2BJOcTdqr9X10d8KDgliKhcvZQu-2BVgAgr1633XiaM-2FPZmy1w-2FViwBfD7ClCUFsKUFQJ26JZ6rHcKRmoDvKMuG0ZK]\nnotarize.com\n[https://links.notarize.com/ls/click?upn=u001.SPIdj95SOq64Lc31dn0TfRqwE9ScpZD-2FNzP5Xj9MP35H81IAiVHezwOZ0S3MRKqBs2pl_37VT8iZmpDSfYKuEzp-2Fym2i5fH0NwyXDq-2Bu4MczHtHK3e-2Bzw3MmU0aN6iHLD0A3isbHuNuAfcsawIWlawUIzkKjxjRBlQLjTFQlN8AjKligX6agmC7mJieERVwzAOcYe0kS60njENE7uJ9qus3huA-2BCqIuA3-2Fbgil04-2BpmAdeQYQRl4-2FN09IbvSVUKbferDxZb3ULUGlmexpdMeE4shd6I-2BKhyprPjBbaVs6tI4WECCQbf38e7Rc5o0sVWbPboxVTZCqqH53n8GRXMr76hOeA0EHQindiEzhfR-2BOSBqjQrG3ruH-2FporyYZNHw40MUldkaEu-2F3rqgqnjVM71PT1CteQUsyZG3qM54lN-2F-2FykCw9dCYNxEIzkqhjdcUz-2BwzXv3a]\n© Proof.comSM 2026\n\n[https://links.notarize.com/wf/open?upn=u001.-2BacMGB-2FXVAAnCQtwG2sm-2BbN1yoEjs3A8kc1lqqY-2B1UuB3RsBm-2BeHEE-2BZjfoKXP8PRZ4cC2nGQyhOjoAqkSIMv21yxoqzaY1xVuHmMVBPIYOqmxy0T9-2BzUJj2W1prWX9IG00syTzvu1ZPt3GY5FVQpCCPe0zg7qvdus-2BzpUbY4akbJPSrAsgCToO2dJH37bNYVe2A8gpjql7lvaXFUfVCqAFjdED-2BJKPsZJF6VNDSqUtgYmnFgYS-2B14tef6deDrx4Ns3J-2FaLiquWvccO-2F6qeL2rpHszkGVQ9AFxCwYkhBs-2FaMCLF2zIG-2FYgGKqynRsP-2FOh93qbfod75O3QkvLX3QCgslgbHU3Je7LUtlJ-2FjIV40KaqEvrS2gdlHZR4vmW0t9K]","{""source"": ""proxy"", ""smtp_id"": ""<untpGFF6ReSyNZc8i2W6kA@geopod-ismtpd-89>"", ""subject"": ""Verify your email address"", ""origin_id"": ""6a95aa976893e8b58f1094bd"", ""from_email"": ""noreply@proof.com"", ""recipients"": [""idris.so1433@client.marble.co""], ""source_key"": ""33bd2825-b7ac-44f1-959d-aa20b3fa6492"", ""attachments"": [], ""sender_role"": null, ""carbon_copies"": [], ""recipient_role"": ""Client"", ""sender_user_id"": null, ""origin_platform"": ""MongoDB"", ""recipient_email"": ""idris.so1433@client.marble.co"", ""email_message_id"": ""<kZFcyoLeQbWnCatIE-7ovg@geopod-ismtpd-7>"", ""recipient_user_id"": ""678512feaf8dc40008666581"", ""is_delivery_failed"": false, ""references_message_ids"": null, ""reply_to_email_message_id"": null}",timeline
5c2ea69b-3df6-58b0-9a88-945fb1c19d15,2026-08-31T16:24:26.779000,2026-08-31T16:24:26.779000,2026-08-31T16:24:29.349376,2026-08-31T16:24:40.093471,2026-08-31T16:24:28.371000,eae529490b8a9249732a5f6c,,678512f9af8dc40008666522,Communications,Email,Outbound,"Subject: Verify your email address\nBody: Proof logo [https://notarize-static-assets.s3-us-west-2.amazonaws.com/emails/c/proof-logo.png]\n\n\nENTER THE FOLLOWING CODE TO VERIFY YOUR ACCOUNT.\n\n\n095715\n\nThis code will expire in 5 minutes. If you did not make this request, or you have decided to leave your password unchanged, you\ncan ignore this email.\n\n----------------------------------------------------------------------------------------------------------------------------------\n\nDo not forward this email Do not share this email with others as it contains sensitive information. About Proof Proof is the first\nidentity assurance platform, built to help businesses and consumers operate with more trust online. Together with Notarize, the\nlargest online notary network, Proof connects signers with notaries who can verify their identity and notarize important documents\n– 24x7. Questions? Visit our help center at support.proof.com\n[https://links.notarize.com/ls/click?upn=u001.SPIdj95SOq64Lc31dn0TfYY-2FZbv-2FYHZCJ9f-2FuAIn8aTCUP-2F3h3Tsg2517mpIJivqr2dd_37VT8iZmpDSfYKuEzp-2Fym2i5fH0NwyXDq-2Bu4MczHtHK3e-2Bzw3MmU0aN6iHLD0A3iheeR4QmK4FklFZv3ArIoFqjCcKZO-2BgfCx4YQomsZG7-2Bwc73guvg7wnj54WqbTjcFZIW3UYbdSLSDSqWsAcYBJyLPmCdRRlTCGZZHudiZzQ-2BDs90VgzXG1ng6NSehROrR3X1IKG2sLnn7c2uWnEh668GiHR9JyUeQ5yslkLv-2BAqY0dod1T00Z0aQYf-2FBEtiwBHEvX0FBi5Q5-2FpNO5T0Xq8v4658nctel4Rjx-2Fif2-2FdSVXGxIVjYpJulxFvrL-2BauO7KWf3i5y4VWbz6E6zDxHTQHg9mXrLvmOzz3ogcERqoWrksgEYBV9RJ9sHklIxzbCY].\nproof.com\n[https://links.notarize.com/ls/click?upn=u001.SPIdj95SOq64Lc31dn0TfTWcfDp3l2cZws1QPrPGwHQ-3Dcah0_37VT8iZmpDSfYKuEzp-2Fym2i5fH0NwyXDq-2Bu4MczHtHK3e-2Bzw3MmU0aN6iHLD0A3iheeR4QmK4FklFZv3ArIoFqjCcKZO-2BgfCx4YQomsZG7-2Bwc73guvg7wnj54WqbTjcFZIW3UYbdSLSDSqWsAcYBJyLPmCdRRlTCGZZHudiZzQ-2BDs90VgzXG1ng6NSehROrR3X1IKG2sLnn7c2uWnEh66zhX0Zd7hFDB9mABb3-2FuUrysXTc56wFlRW2Slqsrzs-2BaSX2bC9guyKlTaa8a6bM9BOvfkrtc-2F1ICC-2F9E2I84cY5UgmsDzdAJbz-2BSJObsz1oib6Hpcjz3MAhmtL08rZKzbg5maV6-2FoUSGBQOx7T5maWFv0UqTSASqX21zb75PA7CR]\nnotarize.com\n[https://links.notarize.com/ls/click?upn=u001.SPIdj95SOq64Lc31dn0TfRqwE9ScpZD-2FNzP5Xj9MP35H81IAiVHezwOZ0S3MRKqBu8gz_37VT8iZmpDSfYKuEzp-2Fym2i5fH0NwyXDq-2Bu4MczHtHK3e-2Bzw3MmU0aN6iHLD0A3iheeR4QmK4FklFZv3ArIoFqjCcKZO-2BgfCx4YQomsZG7-2Bwc73guvg7wnj54WqbTjcFZIW3UYbdSLSDSqWsAcYBJyLPmCdRRlTCGZZHudiZzQ-2BDs90VgzXG1ng6NSehROrR3X1IKG2sLnn7c2uWnEh6606AV0DQyEDEh6yMiLIKOA7g9H81Ms6MuMKUgkktjeP-2Fh21GQtWfzRGPs3ZfsLVfhiq-2BJ2-2BitdzKx7VSBMRcTACQ-2Fz06VK3SHtUZIzGWy-2F1T4Uwu81rf6KJCDzRLmChlgPd7AFeEtBjWr8YxYBypnmItq0n1BLw-2B66bpwy-2BE2jBQ]\n© Proof.comSM 2026\n\n[https://links.notarize.com/wf/open?upn=u001.-2BacMGB-2FXVAAnCQtwG2sm-2BbN1yoEjs3A8kc1lqqY-2B1UuB3RsBm-2BeHEE-2BZjfoKXP8P6aH5EP70HT1X2QttCUFPVQxzrdjlvebv2tbnyj8SpPx3jywleJgpz0fzpHiFEOzIbqxti-2FNcnh2fsjhnfaFHKJi-2FNJuR7VODKod8T9YpwOoo0x8qSpADTQv8B2alwXCXTmZEGby09K8ytXiTE4-2FhdNKIrHQjwaLUbYvArNlhurFjawMByT6yI9oIJonAKAks2k1tQl5sP43cYrc6-2FpTfk3lAJDf4jsDBb2o5ykXASaN-2BE4ELDfvMNlednIHZTQnpCJm75MJ-2BZl9jrGWzTkbgg-2BuWkiHFKVP0QkA18nZE74h-2BBnXLS-2Bjbmjtp1wJHHdIT]","{""source"": ""proxy"", ""smtp_id"": ""<rCKRxEjuTeG6R3VA9qh64g@geopod-ismtpd-75>"", ""subject"": ""Verify your email address"", ""origin_id"": ""6a95aabc68de4363bc9e9617"", ""from_email"": ""noreply@proof.com"", ""recipients"": [""idris.so1433@client.marble.co""], ""source_key"": ""05eaa542-24e6-4873-9927-eb3def153d4b"", ""attachments"": [], ""sender_role"": null, ""carbon_copies"": [], ""recipient_role"": ""Client"", ""sender_user_id"": null, ""origin_platform"": ""MongoDB"", ""recipient_email"": ""idris.so1433@client.marble.co"", ""email_message_id"": ""<2joLa-bNSZWuTrDDDjgA6A@geopod-ismtpd-24>"", ""recipient_user_id"": ""678512feaf8dc40008666581"", ""is_delivery_failed"": false, ""references_message_ids"": null, ""reply_to_email_message_id"": null}",timeline
ddea1939-b27c-5237-b032-4f7c511b25b3,2026-08-31T16:49:08.346000,2026-08-31T16:49:08.346000,2026-08-31T16:49:10.282579,2026-08-31T16:49:19.387842,2026-08-31T16:49:10.010000,eae529490b8a9249732a5f6c,,678512f9af8dc40008666522,Communications,Email,Outbound,"Subject: Your document(s) have been successfully signed\nBody: Org logo [https://241176755253-notarize-production-organization-logos.s3.amazonaws.com/fd166e3b38aa0155782c76959a4b013e.png] Proof\nlogo [https://notarize-static-assets.s3-us-west-2.amazonaws.com/emails/c/proof-logo.png]\n\n\nHI IDRIS. YOU'VE SUCCESSFULLY SIGNED A DOCUMENT!\n\nTo view your final document(s), follow the link below. Quinn at Marble has also received a copy of the completed document(s).\nThanks for using Proof.\n\nView and share document(s)\n[https://links.notarize.com/ls/click?upn=u001.SPIdj95SOq64Lc31dn0TfV6u1jct08O6-2FQbEmw9hFlFFI-2FF9-2FJ6DS7oL8HE1o0zTiH6KNJCpw-2FBImT8ZrzOjVFFDVQpVnYod5P4vqtA000LSdeT3aheoD5cjndZUB6hDqgvFl01uNDVjqrC2vGgyewPQZ2k9ZK2J7t-2FKeJqRdHp3fKKlliD-2BNoTN-2FHRc0cMOqdQf8vFE6Oua7nQY59uiliyr6HbFPIeYtmSJfWtPNnq6LHxaN-2FdYfBuO3y9WbRJiZnJyqzRUw50ngTZKVOMrMGJyHyvj-2BKLt3oMwtZFRiFHKU6I8cF58p40Gd3AxNyCf2NMJsFYxIEQHaO7OvLdRauWuaJ5HELi6OR8qSJ3bTwMiKtuNXFF9hIOWUZIj-2BYHhq-2Frn992A5lKQgdLtAM9TrGLJkTk5xKPHZrLtsHaFo9k-3DIBeX_37VT8iZmpDSfYKuEzp-2Fym2i5fH0NwyXDq-2Bu4MczHtHK3e-2Bzw3MmU0aN6iHLD0A3idfesBEdodtAb4JHCbP10H1g5UgThknzEIbkVedtYIokeMUHnCh4SOUtgcU-2BZj5wWJuhFy-2B5H-2BwOxFBCXRAh31sLXsiJzqcWLwF-2B0FS5Ecjl-2FSoOd4pNag3tI7WNI6GAJcUOgyFqJkC8jBe9aAZ1sOMYuHRpryNtKTUNpr6VdLLlaSBlRhvHmQi9heIR7lpIOgToWMCstScRgtT4cSGGdbyJaL1cvkQonS-2BsjgEJ-2FpkWnchTlkwvrBiFXoYtpQJtPekhlNGxb9n8gwMkK6rSCJXGae81m3x8SUO127DqEnRzuksLDQZ11-2F7PFns8pXPbvjHaF-2FT8W1xjSj9Fv0fsEbfeZmvoBVp7IrLMsHVJNa11XD5Hk5HS4qOiMmSC5-2Bh3dly0CzO6sgKfkMtL-2BtxY2kPe7ulN-2BaMpIq0AKtm13RRagmk24YPrRy7lTsLRm4NboMqGvJeP-2Fz143G2fktHpJEs5yCkHYwYnngSKOLrmHZitFGy-2FP5wLihPiMa4oFi18EY5JxyvtUU6-2BLMGfAuN52TA-3D-3D]\n\n----------------------------------------------------------------------------------------------------------------------------------\n\nDo not forward this email Do not share this email with others as it contains sensitive information. About Proof Proof is the first\nidentity assurance platform, built to help businesses and consumers operate with more trust online. Together with Notarize, the\nlargest online notary network, Proof connects signers with notaries who can verify their identity and notarize important documents\n– 24x7. Questions? Visit our help center at support.proof.com\n[https://links.notarize.com/ls/click?upn=u001.SPIdj95SOq64Lc31dn0TfYY-2FZbv-2FYHZCJ9f-2FuAIn8aTCUP-2F3h3Tsg2517mpIJivqEKJu_37VT8iZmpDSfYKuEzp-2Fym2i5fH0NwyXDq-2Bu4MczHtHK3e-2Bzw3MmU0aN6iHLD0A3idfesBEdodtAb4JHCbP10H1g5UgThknzEIbkVedtYIokeMUHnCh4SOUtgcU-2BZj5wWJuhFy-2B5H-2BwOxFBCXRAh31sLXsiJzqcWLwF-2B0FS5Ecjl-2FSoOd4pNag3tI7WNI6GAJcUOgyFqJkC8jBe9aAZ1sOMYuHRpryNtKTUNpr6VdLLlaSBlRhvHmQi9heIR7lpIOgToWMCstScRgtT4cSGGdbyJaL1cvkQonS-2BsjgEJ-2FpkWnchTlkwvrBiFXoYtpQJtPekhlNGxb9n8gwMkK6rSCJXGae81m3x8SUO127DqEnRzuksLDQZ11-2F7PFns8pXPbv-2BhPcFzocMw0GHbGuYn6Gb6x4fnIZrqrm1gR7CTIXgq4ReFjKtxGbs6jSfodD7kvu-2FmodGqT-2BTrKqNeRfBhKd-2Fxx4wiQXWjXY7Mn2-2BTk3SlIjO140RvvfGN5T2Co-2Fyv18LVn7Naay7iazOhy8ORzKvQZa32Ik94E64Cw8iwDYTY2hmkbX4PBgN1gXvkmw0idZi4DHamwLYHz8T1DAKItqSg-3D-3D].\nproof.com\n[https://links.notarize.com/ls/click?upn=u001.SPIdj95SOq64Lc31dn0TfTWcfDp3l2cZws1QPrPGwHQ-3DktDE_37VT8iZmpDSfYKuEzp-2Fym2i5fH0NwyXDq-2Bu4MczHtHK3e-2Bzw3MmU0aN6iHLD0A3idfesBEdodtAb4JHCbP10H1g5UgThknzEIbkVedtYIokeMUHnCh4SOUtgcU-2BZj5wWJuhFy-2B5H-2BwOxFBCXRAh31sLXsiJzqcWLwF-2B0FS5Ecjl-2FSoOd4pNag3tI7WNI6GAJcUOgyFqJkC8jBe9aAZ1sOMYuHRpryNtKTUNpr6VdLLlaSBlRhvHmQi9heIR7lpIOgToWMCstScRgtT4cSGGdbyJaL1cvkQonS-2BsjgEJ-2FpkWnchTlkwvrBiFXoYtpQJtPekhlNGxb9n8gwMkK6rSCJXGae81m3x8SUO127DqEnRzuksLDQZ11-2F7PFns8pXPbvqiv7o-2BK2qzSqY56uorOocvw08JHUER8BegpRyyPyvE-2FWenJOGamnMbEzZJuHchA0IUTpvHbnGStRPdnnd0O8ntNDBH5hYL-2BlwCzz1tXXJa8KY3CvIaf7n4NBov0AC9KkZFPX8Sze60eA2FWAPqTmyx-2FCQCfBHdL15sJ4f4T5C8p8JNdO0H7lO9VAVX8NZEZnTC19ELJfUvqMlw4HtdoiVQ-3D-3D]\nnotarize.com\n[https://links.notarize.com/ls/click?upn=u001.SPIdj95SOq64Lc31dn0TfRqwE9ScpZD-2FNzP5Xj9MP35H81IAiVHezwOZ0S3MRKqBCr38_37VT8iZmpDSfYKuEzp-2Fym2i5fH0NwyXDq-2Bu4MczHtHK3e-2Bzw3MmU0aN6iHLD0A3idfesBEdodtAb4JHCbP10H1g5UgThknzEIbkVedtYIokeMUHnCh4SOUtgcU-2BZj5wWJuhFy-2B5H-2BwOxFBCXRAh31sLXsiJzqcWLwF-2B0FS5Ecjl-2FSoOd4pNag3tI7WNI6GAJcUOgyFqJkC8jBe9aAZ1sOMYuHRpryNtKTUNpr6VdLLlaSBlRhvHmQi9heIR7lpIOgToWMCstScRgtT4cSGGdbyJaL1cvkQonS-2BsjgEJ-2FpkWnchTlkwvrBiFXoYtpQJtPekhlNGxb9n8gwMkK6rSCJXGae81m3x8SUO127DqEnRzuksLDQZ11-2F7PFns8pXPbvTSAs4jsJ6eputT47-2B0MWvEUb0Hbjz5kvjR5h1yuCm-2Bv-2ByyZpgFmlGG5Hwc24g-2Fq32-2BoY-2BAZ6pNOgXVjFXywBVTPXvXaRxReczWM7EDN-2BFFbFmNaUfaL2USmgA00KZD-2BsEhriYOR-2FhYN5q5afMb47DRt-2FU3sMp0rtqGy1tICYu2L7ISZSxowwg3a48bNnNUOYvnWQCJKUnFgfUATDzCasJQ-3D-3D]\n© Proof.comSM 2026\n\n[https://links.notarize.com/wf/open?upn=u001.-2BacMGB-2FXVAAnCQtwG2sm-2BbN1yoEjs3A8kc1lqqY-2B1UuB3RsBm-2BeHEE-2BZjfoKXP8PmphPaKerPz9luBhkqOO3bdplCa8XB2BiGRWwkmFMRtB7-2Bp69Egb-2ByVMkjyGmMy5SFg6tozijCMDt7FkVUjAnZFbLPMdjVm8p8UeRh6yhGQYvIVB1dW2ItfCNq2hhBmO0YVjEtTArYC59-2B31tQ3k2gxJ0mowNtbS0X0sDhdWoW4dY9l185lZukNhb8AZ0TNGvWS-2BML3-2FWaVOJMJZG9KJc5NnwE4tiu-2FKSTpCe6iScoGfMCiWE-2Bw6NO33lEeKvIMcX7T-2FGMcjqfCzNA4AkVMzdTuNVAouDuVil8b3fGFGX70Ou32vb-2BmAkxWzerb7spfLfD-2Bo51S-2FAPIA28XoGl0ormRiv4cHem-2FFFprFoGAvOFM3LjTSEZQLFzgeq9sEPU696UcHZX9F3N5V6jxvadWPPVk9GFsK60JlHVRQhxDNKFzynE3wnskG5BHHZxHc5N98XvjKgnMNdj7Z-2FHriClJj7rJGO1rEw6fro8EvLJXUTowXYkzUSMpDcNZ0rufMxtiq3Ekd5ivbjvzT9exHjMA3D6w-3D-3D]","{""source"": ""proxy"", ""smtp_id"": ""<mNQwMWkGS5iBdtJsgcagTw@geopod-ismtpd-68>"", ""subject"": ""Your document(s) have been successfully signed"", ""origin_id"": ""6a95b08666ebc13c83277c91"", ""from_email"": ""noreply@proof.com"", ""recipients"": [""idris.so1433@client.marble.co""], ""source_key"": ""e975d55f-6b6a-4d95-81b3-198c5bc66697"", ""attachments"": [], ""sender_role"": null, ""carbon_copies"": [], ""recipient_role"": ""Client"", ""sender_user_id"": null, ""origin_platform"": ""MongoDB"", ""recipient_email"": ""idris.so1433@client.marble.co"", ""email_message_id"": ""<2pXXVH5JTTiRND64CU624Q@geopod-ismtpd-62>"", ""recipient_user_id"": ""678512feaf8dc40008666581"", ""is_delivery_failed"": false, ""references_message_ids"": null, ""reply_to_email_message_id"": null}",timeline
5afd600a-3987-52a8-b021-f83bb22b2793,2026-08-31T16:50:09.438000,2026-08-31T16:50:09.438000,2026-08-31T16:50:13.455540,2026-08-31T16:50:19.326432,2026-08-31T16:50:12.242000,eae529490b8a9249732a5f6c,,678512f9af8dc40008666522,Communications,Email,Outbound,"Subject: Log in to your Proof account\nBody: Fast, secure, and simple\n\n( https://www.proof.com )\n\nThank you for using Proof for your online signing. Together with Notarize, the world’s largest online notary network, Proof connect signers with notaries who can verify their identity and notarize important documents — 24x7.\n\nLog in to your account anytime to access your document, or to start a new online notarization or signing.\n\nLog in to my account ( https://app.proof.com/login?ref=you_are_amazing )\n\n– The Proof Team\n\n( https://www.facebook.com/notarize ) ( https://www.instagram.com/notarize/ ) ( https://www.linkedin.com/company/notarize/ )\n\n*About Proof*\nProof is the first identity assurance platform, built to help businesses and consumers operate with more trust online. Together with Notarize, the largest online notary network, Proof connects signers with notaries who can verify their identity and notarize important documents – 24x7.\n\nproof.com ( https://www.proof.com/ ) notarize.com ( https://www.notarize.com/ ) © Proof.comSM 2026\n\nUnsubscribe ( https://links.notarize.com/asm/unsubscribe/?user_id=5843247&data=ikoeDP1Zml-TXphz-WKrxw5Ie6ZS9fu2cfDJt0PcdWBoMDAwdTAwMCE4vtuiviCeg-Md9MU49atoJKfHcovbw1Mld4Uurn00Iy-y2RxlNZoscY66o9wi9cVWdUT6lLt9Jl7hUyHzrjvIl5rS-46rSqCg276lg_JvPmTzaJWg8i82Xl51LvBhIvKDdrpGbhFtSyruyJ7hHPvgUj36GLOqjbZqj1UC1AKx6Mgrr_bb5NB5Nxj_fj1i8UqIcSXZBHfeyPf-cdZN_iw86YeC5LFk8krWvivrMtkft7cGZW2VDpgQDeStpMN0-QBpCphWKPjNuKayDrAAjTTIyo7z-3gkT9baXUn2QM1u3dccyJVjADyoytZsvuS08UTTr9c87GzckV267KdTFsEl_LRZSQQo9zFxvpwsBzaMn6p2zf7CIsx38wDoZDjhOqtroEZWoDMpv2hsjS00xdDqzHGa1koaDcyp6z3BQCdo5mg3XtC15ad6oE7fLxPWb71H8wft8_6l_pMuwhjYlX6h2NaYzqzhIDnx19b5StEAwmMzqoJtJaF-BrrgrSuGOhwulBHSWGiVtJbSzfDIatysRG_4iXRMewp8L0jmYfRhNGFCJ4LE5blv26VIXee2KKTfU5NQWsVUX6OcZ5bIukTOytk-g-Zf7OXVZRYpKO1TmDml6vYovNaS7FHD8T6tK0ElVVwyHNnPE1QD7nubq89ctshHsXVyiev9EtHB42Iv8fLixiMFdHMuQUqO--SY6akYKfeIoUeaEMjnhGCQt7f9_ZQ6jC5qu2mMzZC2cE4d_Rm6h9x-GXRQ2u8Up8-BifoBDI9RAes4czOyVVdMxQFOAgo2TvvAcBuNn4JmGNV8 ) - Unsubscribe Preferences ( https://links.notarize.com/asm/?user_id=5843247&data=cJsWMYf94Ck7a0IpDzgtDA2-ucN9Fp2kOMsVqEGlHAZoMDAwdTAwMFq3srdkkh2rTw-QMi4mhmQUKgoWA3I2p-vO1s1KUaajeAcCXSO5S5bv3gaoZhjD7gaqNDJxY1Qv3Do8G4a2wPN5qs94EeLcDpwHmxwD0gPSuI-sE9WzYrJQk-_XHebqYIRgtB4839Slt0XR_87Bq2ikEATsEjJZfEeFiXSe35A4PW36ckh5jms0GLSQIeeXojyI7eAyjCm_84Oxi7_tEg7kI9PnvUiplz94KqyNz3uOabRYHPlLjNmDEXsMSZx7znkIeQnXSFdEinsuJXFJOvuI7_BWwLk1Ju-IXxXiEBsch9V5ogE0q6Q41EtME_pv7KZ9CVrYHXd2T70OfaOxRfoGVXNORhj1KvdmSGzTVbQ6n7ggwRRDl3jqjEWY4WpZ54YHYsan93I0ZImPq0AJVHpDwDKK4Heu-drg2yOoEMECL_Pq9Y6aDEkJi3mtJR4duOAtmmLueAyJ_CkVxsY4FfxByhujMBGZyulc8vK_LYHJ9Sfa1SPCXPsyrjK5PiXwwk6N3PfxTG59AiBk47oXYNAQUStBRde2DpADrdljyam7BVSmcfD77c0rcm1PjLZXmSD-iT21SBgh9uz4jBM6JMuJZ_RuNy0zBZj9XqebjPa6frNKKERFQnSfDmpASMv4hA2xHtVaxvgCTMkTEd9mL4BCfUJPHdpXSwWZEQbnQUUSKR4g7qIz3ImIWytoztE0SaE2hYGQOg0873CkvaDuzEtJ47gek1bfPLyMqR7KDiG5ezYVpBbVbhM0JJIp2CbP7_jQwT_f_L6uBDB0AZKpm6A= )","{""source"": ""proxy"", ""smtp_id"": ""<-O8h48GtRLeN0xkqUAWxPg@geopod-ismtpd-110>"", ""subject"": ""Log in to your Proof account"", ""origin_id"": ""6a95b0c466ebc13c83277e0d"", ""from_email"": ""noreply@proof.com"", ""recipients"": [""idris.so1433@client.marble.co""], ""source_key"": ""14f92794-7005-414d-bbea-689e16e2702b"", ""attachments"": [], ""sender_role"": null, ""carbon_copies"": [], ""recipient_role"": ""Client"", ""sender_user_id"": null, ""origin_platform"": ""MongoDB"", ""recipient_email"": ""idris.so1433@client.marble.co"", ""email_message_id"": ""<84LyBFSvSaG4UtsbgPaa3A@geopod-ismtpd-8>"", ""recipient_user_id"": ""678512feaf8dc40008666581"", ""is_delivery_failed"": false, ""references_message_ids"": null, ""reply_to_email_message_id"": null}",timeline
27aaa76a-c665-5e4c-9647-26afa9580004,2026-08-31T17:51:49,2026-08-31T17:51:49,2026-08-31T17:52:15.596707,2026-08-31T17:52:15.596707,2026-08-31T17:51:49,eae529490b8a9249732a5f6c,,678512f9af8dc40008666522,Communications,Ticket,,"Ticket Number: 01200570\nType: Documents/Forms\nStatus: New\nOutcome: \nSubject: Filing or Drafting Needed for Account: Idris Sorlie\nDescription: CC DANA WHITFIELD\n\n-Manatee County (requires standing order filed, included in packet)\n-DOM with children\n-YES to related case","{""type"": ""Documents/Forms"", ""origin"": ""SF"", ""status"": ""New"", ""lead_id"": null, ""outcome"": """", ""owner_id"": ""0058X00000FM6ctQAD"", ""priority"": ""Medium"", ""sys_date"": ""2026-08-31 17:51:49+00"", ""origin_id"": ""500VL00000yK69xYAC"", ""parent_id"": null, ""account_id"": ""001VL00001020Y5YAI"", ""contact_id"": null, ""owner_role"": ""Client Support Specialists - AZ In House"", ""change_type"": ""Other Update"", ""closed_date"": null, ""lp_involved"": null, ""client_score"": 0, ""created_date"": ""2026-08-31 17:50:21+00"", ""ticket_score"": null, ""ticket_number"": ""01200570"", ""internal_notes"": null, ""opportunity_id"": ""006VL00000bVNflYAG"", ""origin_platform"": ""Salesforce"", ""record_type_name"": ""Support Case"", ""ticket_objective"": ""Team Task"", ""case_closed_by_role"": ""Legal Case Team Paralegal"", ""case_initiator_type"": null, ""assignment_reasoning"": null, ""pl_assignment_origin"": ""Not Assigned to PL"", ""original_ticket_owner"": null, ""support_ticket_reason"": ""Filing"", ""how_much_work_was_done"": null, ""ticket_assignment_type"": ""CSS Assignment"", ""agent_engagement_timestamp"": null, ""client_engagement_timestamp"": null, ""filing_and_serving_opportunity"": null}",timeline
cb4d37b5-3963-5aa2-9328-56af6735bcda,2026-08-31T21:43:00.866000,2026-08-31T21:43:00.866000,2026-08-31T21:43:03.326081,2026-08-31T21:43:16.281031,2026-08-31T21:43:02.067000,eae529490b8a9249732a5f6c,,678512f9af8dc40008666522,Communications,Email,Outbound,"Subject: Notice of Inclusion on E-service List - Case # New Case UCN NEW CASE_074038651\nBody: You have received this email because you have been added to the Florida Courts E-Filing Portal E-service List by\n\n \n\nFiler Name: Dana Whitfield Bar ID: 0068339\n\nEmail Address: danawhitfield@themarbleway.com [danawhitfield@themarbleway.com]\n\nPhone Number: 941-555-5329\n\nFirm or Organization: Unaffiliated Users\n\n \n\nRegarding Case:\n\nCourt: Twelfth Circuit Judicial Circuit in and for Manatee County, Florida \n\nCourt Case Number: New Case\n\nCase Style:\n\nCase Type :\n\n \n\nIf you are not associated with this and wish to be removed, please click here\n[https://www.myflcourtaccess.com/eservice/views/removalrequest.aspx?escsid=36969990&osrid=26560930] to request to be removed from\nthe E-service list, or directly contact the filer listed above.\n\nDo not reply. This is an unmonitored email box.\n\nThank You,\nThe Florida Courts E-Filing Portal","{""source"": ""proxy"", ""smtp_id"": ""<o9-o1moSSISC1jVSKKh4FQ@geopod-ismtpd-40>"", ""subject"": ""Notice of Inclusion on E-service List - Case # New Case UCN NEW CASE_074038651"", ""origin_id"": ""6a95f5667837e5c92e99e72a"", ""from_email"": ""noreply@myflcourtaccess.com"", ""recipients"": [""idris.so1433@client.marble.co""], ""source_key"": ""bca90c9e-6b6d-4d85-a6b1-56af4e2d808a"", ""attachments"": [], ""sender_role"": null, ""carbon_copies"": [], ""recipient_role"": ""Client"", ""sender_user_id"": null, ""origin_platform"": ""MongoDB"", ""recipient_email"": ""idris.so1433@client.marble.co"", ""email_message_id"": ""<MFCRELAY7BIrTTPRbSI00167629@mfcrelay2.myfloridacounty.com>"", ""recipient_user_id"": ""678512feaf8dc40008666581"", ""is_delivery_failed"": false, ""references_message_ids"": null, ""reply_to_email_message_id"": null}",timeline
d4654b0f-75bf-5830-80c8-8a9256fe07f8,2026-08-31T21:43:10.104000,2026-08-31T21:43:10.104000,2026-08-31T21:43:12.329519,2026-08-31T21:43:20.331522,2026-08-31T21:43:11.487000,eae529490b8a9249732a5f6c,,678512f9af8dc40008666522,Communications,Email,Outbound,"Subject: SERVICE OF COURT DOCUMENT CASE NUMBER New Case IDRIS SORLIE VS  NADIA TESSA SORLIE\nBody: Notice of Service of Court Documents\n\nFiling Information\n\nFiling #:074038651 [https://www.myflcourtaccess.com/nefdocuments/document.nefdd?nai=BOvN3tWFcaZscXhPLAmTqibGQBSOikTA] Filing\nTime:08/31/2026 05:42:59 PM ET Filer:Dana Whitfield 941-555-5329 Court:Twelfth Judicial Circuit in and for Manatee County,\nFlorida Case #:New Case Court Case #:NEW CASE Case Style:IDRIS SORLIE VS NADIA TESSA SORLIE DocumentsClick on the file name\nbelow to download or print your document NOW. The link expires in 14 days\n\nDocuments\n\nTitle File Document(S) For SubmissionCivilCoverSheet.pdf\n[https://www.myflcourtaccess.com/nefdocuments/document.nefdd?nai=BOvN3tWFcaZscXhPLAmTqibGQBSOikTA&ds=1]Document(S) For\nSubmissionStandingFamilyLawCourtOrder.pdf\n[https://www.myflcourtaccess.com/nefdocuments/document.nefdd?nai=BOvN3tWFcaZscXhPLAmTqibGQBSOikTA&ds=2]Document(S) For\nSubmissionIdrisSorlie-UCCJEA.pdf\n[https://www.myflcourtaccess.com/nefdocuments/document.nefdd?nai=BOvN3tWFcaZscXhPLAmTqibGQBSOikTA&ds=3]Document(S) For\nSubmissionIdrisSorlie-Summons.pdf\n[https://www.myflcourtaccess.com/nefdocuments/document.nefdd?nai=BOvN3tWFcaZscXhPLAmTqibGQBSOikTA&ds=4]Document(S) For\nSubmissionIdrisSorlie-PetitionDOM.pdf\n[https://www.myflcourtaccess.com/nefdocuments/document.nefdd?nai=BOvN3tWFcaZscXhPLAmTqibGQBSOikTA&ds=5]Document(S) For\nSubmissionIdrisSorlie-NoticeofSocialSecurityNumber.pdf\n[https://www.myflcourtaccess.com/nefdocuments/document.nefdd?nai=BOvN3tWFcaZscXhPLAmTqibGQBSOikTA&ds=6]Document(S) For\nSubmissionIdrisSorlie-NoticeofRelatedCases.pdf\n[https://www.myflcourtaccess.com/nefdocuments/document.nefdd?nai=BOvN3tWFcaZscXhPLAmTqibGQBSOikTA&ds=7]Document(S) For\nSubmissionIdrisSorlie-NoticeofLimitedAppearance.pdf\n[https://www.myflcourtaccess.com/nefdocuments/document.nefdd?nai=BOvN3tWFcaZscXhPLAmTqibGQBSOikTA&ds=8]Document(S) For\nSubmissionIdrisSorlie-NoticeofFilingDriversLicense.pdf\n[https://www.myflcourtaccess.com/nefdocuments/document.nefdd?nai=BOvN3tWFcaZscXhPLAmTqibGQBSOikTA&ds=9]All Notice Of Confidential\nInformation Within Court FilingIdrisSorlie-NoticeofConfidentialFiling.pdf\n[https://www.myflcourtaccess.com/nefdocuments/document.nefdd?nai=BOvN3tWFcaZscXhPLAmTqibGQBSOikTA&ds=10]Document(S) For\nSubmissionIdrisSorlie-DesignationofAddress.pdf\n[https://www.myflcourtaccess.com/nefdocuments/document.nefdd?nai=BOvN3tWFcaZscXhPLAmTqibGQBSOikTA&ds=11]Document(S) For\nSubmissionIdrisSorlie-AffidavitofMilitaryService.pdf\n[https://www.myflcourtaccess.com/nefdocuments/document.nefdd?nai=BOvN3tWFcaZscXhPLAmTqibGQBSOikTA&ds=12]\n\n\nE-service recipients selected for service:\n\nName Email Address Dana Whitfielddanawhitfield@themarbleway.com [danawhitfield@themarbleway.com] Idris Sorlieidrissorlie41180@yahoo.com\n[idrissorlie41180@yahoo.com] idris.so1433@client.marble.co [idris.so1433@client.marble.co] Marble Paralegalquinn.h@themarbleway.com\n[quinn.h@themarbleway.com]\n\nE-service recipients not selected for service:\n\nName Email Address No Matching Entries\n\nThis is an automatic email message generated by the Florida Courts E-Filing Portal. This email address does not receive email.\n\nDocument Access Link(s) will be active for 14 days (excluding weekends) after the Clerk accepts the submission or it is abandoned.\nIn addition to access to the link for 14 days (excluding weekends), the documents will also be available, after acceptance by the\nClerk, to counsel of record in the portal on the My Cases page, by clicking on the case number and then the document name, or by\naccessing the Clerk’s website.\n\nThank you,\nThe Florida Courts E-Filing Portal\n\nThe following identifier(s) are associated with this transaction:\n\nrequest_id#:074038651;Audit#:880941782;UCN#:New Case;","{""source"": ""proxy"", ""smtp_id"": ""<EJ3UG-z4Qpun1RUr1-8Jvw@geopod-ismtpd-56>"", ""subject"": ""SERVICE OF COURT DOCUMENT CASE NUMBER New Case IDRIS SORLIE VS  NADIA TESSA SORLIE"", ""origin_id"": ""6a95f56f73e7cb98056cfc41"", ""from_email"": ""eservice@myflcourtaccess.com"", ""recipients"": [""idris.so1433@client.marble.co""], ""source_key"": ""5ffc1363-48e5-47e0-a84e-345cd5638c9d"", ""attachments"": [], ""sender_role"": null, ""carbon_copies"": [], ""recipient_role"": ""Client"", ""sender_user_id"": null, ""origin_platform"": ""MongoDB"", ""recipient_email"": ""idris.so1433@client.marble.co"", ""email_message_id"": ""<MFCRELAY3DVONdTmPPk0028b466@mfcrelay3.myflcourtaccess.com>"", ""recipient_user_id"": ""678512feaf8dc40008666581"", ""is_delivery_failed"": false, ""references_message_ids"": null, ""reply_to_email_message_id"": null}",timeline
5ecafffa-1f4e-520f-ab09-640fe9870b2b,2026-08-31T21:49:01,2026-08-31T21:49:01,2026-08-31T21:50:20.707634,2026-08-31T21:50:20.707634,2026-08-31T21:49:01,eae529490b8a9249732a5f6c,,678512f9af8dc40008666522,Communications,Ticket,,"Ticket Number: 01200570\nType: Documents/Forms\nStatus: Solved\nOutcome: Resolved\nSubject: Filing or Drafting Needed for Account: Idris Sorlie\nDescription: CC DANA WHITFIELD\n\n-Manatee County (requires standing order filed, included in packet)\n-DOM with children\n-YES to related case","{""type"": ""Documents/Forms"", ""origin"": ""SF"", ""status"": ""Solved"", ""lead_id"": null, ""outcome"": ""Resolved"", ""owner_id"": ""0058X00000FM6ctQAD"", ""priority"": ""Medium"", ""sys_date"": ""2026-08-31 21:49:01+00"", ""origin_id"": ""500VL00000yK69xYAC"", ""parent_id"": null, ""account_id"": ""001VL00001020Y5YAI"", ""contact_id"": null, ""owner_role"": ""Client Support Specialists - AZ In House"", ""change_type"": ""Status Updated"", ""closed_date"": ""2026-08-31 21:49:00+00"", ""lp_involved"": null, ""client_score"": 0, ""created_date"": ""2026-08-31 17:50:21+00"", ""ticket_score"": null, ""ticket_number"": ""01200570"", ""internal_notes"": null, ""opportunity_id"": ""006VL00000bVNflYAG"", ""origin_platform"": ""Salesforce"", ""record_type_name"": ""Support Case"", ""ticket_objective"": ""Team Task"", ""case_closed_by_role"": ""Legal Case Team Paralegal"", ""case_initiator_type"": null, ""assignment_reasoning"": null, ""pl_assignment_origin"": ""Not Assigned to PL"", ""original_ticket_owner"": null, ""support_ticket_reason"": ""Filing"", ""how_much_work_was_done"": null, ""ticket_assignment_type"": ""CSS Assignment"", ""agent_engagement_timestamp"": null, ""client_engagement_timestamp"": null, ""filing_and_serving_opportunity"": null}",timeline
6ae0df26-9095-5ca6-aebe-1313d6abfc41,2026-09-01T13:18:02.255000,2026-09-01T13:18:02.255000,2026-09-01T13:18:04.238494,2026-09-01T13:18:04.238494,2026-09-01T13:18:02.255000,eae529490b8a9249732a5f6c,66e9febde456dd0008a1ce6e,678512f9af8dc40008666522,Documents,Document_Upload,,Document: Uploaded\nFile name: 074038651 Document_0011.pdf\nSummary: ,"{""labels"": [], ""s3_key"": ""documents/678512f9af8dc40008666522/547e1049-13fe-4775-a27f-39b9939b4c51.pdf"", ""source"": ""ATTORNEYS_WEB_APP"", ""summary"": null, ""ai_flags"": [], ""file_name"": ""074038651 Document_0011.pdf"", ""file_size"": 233471, ""origin_id"": ""6a96d089a304b09a09495cef"", ""is_duplicate"": false, ""source_param"": null, ""who_uploaded"": ""Internal user"", ""document_name"": ""General"", ""classification"": null, ""s3_upload_date"": ""2026-09-01 13:18:02.255+00"", ""origin_platform"": ""MongoDB"", ""document_type_id"": ""6515997f20df10000899e3f2"", ""extended_summary"": null, ""thumbnail_s3_key"": null, ""document_category"": ""General"", ""sub_classification"": null, ""customer_visibility"": true, ""document_description"": ""These are general documents that support your case"", ""thumbnail_created_at"": null, ""document_display_name"": ""General"", ""document_how_to_obtain"": ""These are general documents that support your case"", ""unified_document_merge_status"": null, ""document_importance_description"": ""These are general documents that support your case""}",timeline
34517db1-9da0-5161-8fb8-06711fcc557b,2026-09-01T13:18:02.553000,2026-09-01T13:18:02.553000,2026-09-01T13:18:04.238494,2026-09-01T13:18:04.238494,2026-09-01T13:18:02.553000,eae529490b8a9249732a5f6c,66e9febde456dd0008a1ce6e,678512f9af8dc40008666522,Documents,Document_Upload,,Document: Uploaded\nFile name: 074038651 Notice Of Confidential Information Within Court Filing.pdf\nSummary: ,"{""labels"": [], ""s3_key"": ""documents/678512f9af8dc40008666522/f6f1db4d-66c4-4c18-8192-42103c70278a.pdf"", ""source"": ""ATTORNEYS_WEB_APP"", ""summary"": null, ""ai_flags"": [], ""file_name"": ""074038651 Notice Of Confidential Information Within Court Filing.pdf"", ""file_size"": 249046, ""origin_id"": ""6a96d08904ef5ad5196d1581"", ""is_duplicate"": false, ""source_param"": null, ""who_uploaded"": ""Internal user"", ""document_name"": ""General"", ""classification"": null, ""s3_upload_date"": ""2026-09-01 13:18:02.553+00"", ""origin_platform"": ""MongoDB"", ""document_type_id"": ""6515997f20df10000899e3f2"", ""extended_summary"": null, ""thumbnail_s3_key"": null, ""document_category"": ""General"", ""sub_classification"": null, ""customer_visibility"": true, ""document_description"": ""These are general documents that support your case"", ""thumbnail_created_at"": null, ""document_display_name"": ""General"", ""document_how_to_obtain"": ""These are general documents that support your case"", ""unified_document_merge_status"": null, ""document_importance_description"": ""These are general documents that support your case""}",timeline
87162184-eaef-5529-9f2b-21a7453718a3,2026-09-01T13:18:02.607000,2026-09-01T13:18:02.607000,2026-09-01T13:18:04.238494,2026-09-01T13:18:04.238494,2026-09-01T13:18:02.607000,eae529490b8a9249732a5f6c,66e9febde456dd0008a1ce6e,678512f9af8dc40008666522,Documents,Document_Upload,,Document: Uploaded\nFile name: 074038651 Document_0012.pdf\nSummary: ,"{""labels"": [], ""s3_key"": ""documents/678512f9af8dc40008666522/e475958f-3678-44c8-a6f1-9bd7f3b11cc5.pdf"", ""source"": ""ATTORNEYS_WEB_APP"", ""summary"": null, ""ai_flags"": [], ""file_name"": ""074038651 Document_0012.pdf"", ""file_size"": 299713, ""origin_id"": ""6a96d08904ef5ad5196d157f"", ""is_duplicate"": false, ""source_param"": null, ""who_uploaded"": ""Internal user"", ""document_name"": ""General"", ""classification"": null, ""s3_upload_date"": ""2026-09-01 13:18:02.607+00"", ""origin_platform"": ""MongoDB"", ""document_type_id"": ""6515997f20df10000899e3f2"", ""extended_summary"": null, ""thumbnail_s3_key"": null, ""document_category"": ""General"", ""sub_classification"": null, ""customer_visibility"": true, ""document_description"": ""These are general documents that support your case"", ""thumbnail_created_at"": null, ""document_display_name"": ""General"", ""document_how_to_obtain"": ""These are general documents that support your case"", ""unified_document_merge_status"": null, ""document_importance_description"": ""These are general documents that support your case""}",timeline
e274942b-3177-59f1-87be-247a0c59140c,2026-09-01T13:18:02.644000,2026-09-01T13:18:02.644000,2026-09-01T13:18:04.238494,2026-09-01T13:18:04.238494,2026-09-01T13:18:02.644000,eae529490b8a9249732a5f6c,66e9febde456dd0008a1ce6e,678512f9af8dc40008666522,Documents,Document_Upload,,Document: Uploaded\nFile name: 074038651 Document_0005.pdf\nSummary: ,"{""labels"": [], ""s3_key"": ""documents/678512f9af8dc40008666522/15c3f7ef-c525-4f56-9b85-008934ba4cf5.pdf"", ""source"": ""ATTORNEYS_WEB_APP"", ""summary"": null, ""ai_flags"": [], ""file_name"": ""074038651 Document_0005.pdf"", ""file_size"": 283663, ""origin_id"": ""6a96d089a304b09a09495cf5"", ""is_duplicate"": false, ""source_param"": null, ""who_uploaded"": ""Internal user"", ""document_name"": ""General"", ""classification"": null, ""s3_upload_date"": ""2026-09-01 13:18:02.644+00"", ""origin_platform"": ""MongoDB"", ""document_type_id"": ""6515997f20df10000899e3f2"", ""extended_summary"": null, ""thumbnail_s3_key"": null, ""document_category"": ""General"", ""sub_classification"": null, ""customer_visibility"": true, ""document_description"": ""These are general documents that support your case"", ""thumbnail_created_at"": null, ""document_display_name"": ""General"", ""document_how_to_obtain"": ""These are general documents that support your case"", ""unified_document_merge_status"": null, ""document_importance_description"": ""These are general documents that support your case""}",timeline
3b63f9ff-02b6-5d00-ac30-f647a42e5516,2026-09-01T13:18:02.702000,2026-09-01T13:18:02.702000,2026-09-01T13:18:04.238494,2026-09-01T13:18:04.238494,2026-09-01T13:18:02.702000,eae529490b8a9249732a5f6c,66e9febde456dd0008a1ce6e,678512f9af8dc40008666522,Documents,Document_Upload,,Document: Uploaded\nFile name: 074038651 Document_0006.pdf\nSummary: ,"{""labels"": [], ""s3_key"": ""documents/678512f9af8dc40008666522/fdddcceb-a79e-4bed-8d06-274df031e185.pdf"", ""source"": ""ATTORNEYS_WEB_APP"", ""summary"": null, ""ai_flags"": [], ""file_name"": ""074038651 Document_0006.pdf"", ""file_size"": 257524, ""origin_id"": ""6a96d08904ef5ad5196d1585"", ""is_duplicate"": false, ""source_param"": null, ""who_uploaded"": ""Internal user"", ""document_name"": ""General"", ""classification"": null, ""s3_upload_date"": ""2026-09-01 13:18:02.702+00"", ""origin_platform"": ""MongoDB"", ""document_type_id"": ""6515997f20df10000899e3f2"", ""extended_summary"": null, ""thumbnail_s3_key"": null, ""document_category"": ""General"", ""sub_classification"": null, ""customer_visibility"": true, ""document_description"": ""These are general documents that support your case"", ""thumbnail_created_at"": null, ""document_display_name"": ""General"", ""document_how_to_obtain"": ""These are general documents that support your case"", ""unified_document_merge_status"": null, ""document_importance_description"": ""These are general documents that support your case""}",timeline
c7e7220b-0795-55eb-a38a-b3943d13d450,2026-09-01T13:18:02.753000,2026-09-01T13:18:02.753000,2026-09-01T13:18:04.238494,2026-09-01T13:18:04.238494,2026-09-01T13:18:02.753000,eae529490b8a9249732a5f6c,66e9febde456dd0008a1ce6e,678512f9af8dc40008666522,Documents,Document_Upload,,Document: Uploaded\nFile name: 074038651 Document_0008.pdf\nSummary: ,"{""labels"": [], ""s3_key"": ""documents/678512f9af8dc40008666522/b05539db-0211-4440-b21a-72d37ffb1de4.pdf"", ""source"": ""ATTORNEYS_WEB_APP"", ""summary"": null, ""ai_flags"": [], ""file_name"": ""074038651 Document_0008.pdf"", ""file_size"": 233760, ""origin_id"": ""6a96d08904ef5ad5196d157d"", ""is_duplicate"": false, ""source_param"": null, ""who_uploaded"": ""Internal user"", ""document_name"": ""General"", ""classification"": null, ""s3_upload_date"": ""2026-09-01 13:18:02.753+00"", ""origin_platform"": ""MongoDB"", ""document_type_id"": ""6515997f20df10000899e3f2"", ""extended_summary"": null, ""thumbnail_s3_key"": null, ""document_category"": ""General"", ""sub_classification"": null, ""customer_visibility"": true, ""document_description"": ""These are general documents that support your case"", ""thumbnail_created_at"": null, ""document_display_name"": ""General"", ""document_how_to_obtain"": ""These are general documents that support your case"", ""unified_document_merge_status"": null, ""document_importance_description"": ""These are general documents that support your case""}",timeline
6aeefa38-1c7b-5ac0-aa84-02999323e6a8,2026-09-01T13:18:02.761000,2026-09-01T13:18:02.761000,2026-09-01T13:18:04.238494,2026-09-01T13:18:04.238494,2026-09-01T13:18:02.761000,eae529490b8a9249732a5f6c,66e9febde456dd0008a1ce6e,678512f9af8dc40008666522,Documents,Document_Upload,,Document: Uploaded\nFile name: 074038651 Document_0009.pdf\nSummary: ,"{""labels"": [], ""s3_key"": ""documents/678512f9af8dc40008666522/fbdcc32c-3924-4c4f-af22-48076bfd2552.pdf"", ""source"": ""ATTORNEYS_WEB_APP"", ""summary"": null, ""ai_flags"": [], ""file_name"": ""074038651 Document_0009.pdf"", ""file_size"": 532768, ""origin_id"": ""6a96d089a304b09a09495cf1"", ""is_duplicate"": false, ""source_param"": null, ""who_uploaded"": ""Internal user"", ""document_name"": ""General"", ""classification"": null, ""s3_upload_date"": ""2026-09-01 13:18:02.761+00"", ""origin_platform"": ""MongoDB"", ""document_type_id"": ""6515997f20df10000899e3f2"", ""extended_summary"": null, ""thumbnail_s3_key"": null, ""document_category"": ""General"", ""sub_classification"": null, ""customer_visibility"": true, ""document_description"": ""These are general documents that support your case"", ""thumbnail_created_at"": null, ""document_display_name"": ""General"", ""document_how_to_obtain"": ""These are general documents that support your case"", ""unified_document_merge_status"": null, ""document_importance_description"": ""These are general documents that support your case""}",timeline
0ff3eeb2-dc09-5766-afa7-d7d95dbf7957,2026-09-01T13:18:02.883000,2026-09-01T13:18:02.883000,2026-09-01T13:18:04.238494,2026-09-01T13:18:04.238494,2026-09-01T13:18:02.883000,eae529490b8a9249732a5f6c,66e9febde456dd0008a1ce6e,678512f9af8dc40008666522,Documents,Document_Upload,,Document: Uploaded\nFile name: 074038651 Document_0007.pdf\nSummary: ,"{""labels"": [], ""s3_key"": ""documents/678512f9af8dc40008666522/43ea910d-0c8b-461d-a242-a5d38eecefcb.pdf"", ""source"": ""ATTORNEYS_WEB_APP"", ""summary"": null, ""ai_flags"": [], ""file_name"": ""074038651 Document_0007.pdf"", ""file_size"": 254487, ""origin_id"": ""6a96d08904ef5ad5196d1583"", ""is_duplicate"": false, ""source_param"": null, ""who_uploaded"": ""Internal user"", ""document_name"": ""General"", ""classification"": null, ""s3_upload_date"": ""2026-09-01 13:18:02.883+00"", ""origin_platform"": ""MongoDB"", ""document_type_id"": ""6515997f20df10000899e3f2"", ""extended_summary"": null, ""thumbnail_s3_key"": null, ""document_category"": ""General"", ""sub_classification"": null, ""customer_visibility"": true, ""document_description"": ""These are general documents that support your case"", ""thumbnail_created_at"": null, ""document_display_name"": ""General"", ""document_how_to_obtain"": ""These are general documents that support your case"", ""unified_document_merge_status"": null, ""document_importance_description"": ""These are general documents that support your case""}",timeline
fc65dc08-c8e7-5b95-aab1-fbfd9ae64414,2026-09-01T13:18:03.466000,2026-09-01T13:18:03.466000,2026-09-01T13:18:05.302659,2026-09-01T13:18:05.302659,2026-09-01T13:18:03.466000,eae529490b8a9249732a5f6c,66e9febde456dd0008a1ce6e,678512f9af8dc40008666522,Documents,Document_Upload,,Document: Uploaded\nFile name: 074038651 Document_0003.pdf\nSummary: ,"{""labels"": [], ""s3_key"": ""documents/678512f9af8dc40008666522/1e5f4613-c870-4150-a3a8-9da8ebb35572.pdf"", ""source"": ""ATTORNEYS_WEB_APP"", ""summary"": null, ""ai_flags"": [], ""file_name"": ""074038651 Document_0003.pdf"", ""file_size"": 264725, ""origin_id"": ""6a96d08904ef5ad5196d158b"", ""is_duplicate"": false, ""source_param"": null, ""who_uploaded"": ""Internal user"", ""document_name"": ""General"", ""classification"": null, ""s3_upload_date"": ""2026-09-01 13:18:03.466+00"", ""origin_platform"": ""MongoDB"", ""document_type_id"": ""6515997f20df10000899e3f2"", ""extended_summary"": null, ""thumbnail_s3_key"": null, ""document_category"": ""General"", ""sub_classification"": null, ""customer_visibility"": true, ""document_description"": ""These are general documents that support your case"", ""thumbnail_created_at"": null, ""document_display_name"": ""General"", ""document_how_to_obtain"": ""These are general documents that support your case"", ""unified_document_merge_status"": null, ""document_importance_description"": ""These are general documents that support your case""}",timeline
97895319-308b-53a8-9b3b-a1ff58bb494d,2026-09-01T13:18:03.649000,2026-09-01T13:18:03.649000,2026-09-01T13:18:05.302659,2026-09-01T13:18:05.302659,2026-09-01T13:18:03.649000,eae529490b8a9249732a5f6c,66e9febde456dd0008a1ce6e,678512f9af8dc40008666522,Documents,Document_Upload,,Document: Uploaded\nFile name: 074038651 Document_0001.pdf\nSummary: ,"{""labels"": [], ""s3_key"": ""documents/678512f9af8dc40008666522/1942a8a9-10be-4163-b030-6e83927df4ed.pdf"", ""source"": ""ATTORNEYS_WEB_APP"", ""summary"": null, ""ai_flags"": [], ""file_name"": ""074038651 Document_0001.pdf"", ""file_size"": 1484852, ""origin_id"": ""6a96d08904ef5ad5196d1587"", ""is_duplicate"": false, ""source_param"": null, ""who_uploaded"": ""Internal user"", ""document_name"": ""General"", ""classification"": null, ""s3_upload_date"": ""2026-09-01 13:18:03.649+00"", ""origin_platform"": ""MongoDB"", ""document_type_id"": ""6515997f20df10000899e3f2"", ""extended_summary"": null, ""thumbnail_s3_key"": null, ""document_category"": ""General"", ""sub_classification"": null, ""customer_visibility"": true, ""document_description"": ""These are general documents that support your case"", ""thumbnail_created_at"": null, ""document_display_name"": ""General"", ""document_how_to_obtain"": ""These are general documents that support your case"", ""unified_document_merge_status"": null, ""document_importance_description"": ""These are general documents that support your case""}",timeline
2a181c88-2a3b-53ca-a2fb-85f199e5e360,2026-09-01T13:18:04.063000,2026-09-01T13:18:04.063000,2026-09-01T13:18:06.340906,2026-09-01T13:18:06.340906,2026-09-01T13:18:04.063000,eae529490b8a9249732a5f6c,66e9febde456dd0008a1ce6e,678512f9af8dc40008666522,Documents,Document_Upload,,Document: Uploaded\nFile name: 074038651 Document_0002.pdf\nSummary: ,"{""labels"": [], ""s3_key"": ""documents/678512f9af8dc40008666522/743a960e-9d08-45c3-afea-906f835b24bc.pdf"", ""source"": ""ATTORNEYS_WEB_APP"", ""summary"": null, ""ai_flags"": [], ""file_name"": ""074038651 Document_0002.pdf"", ""file_size"": 849653, ""origin_id"": ""6a96d08904ef5ad5196d1589"", ""is_duplicate"": false, ""source_param"": null, ""who_uploaded"": ""Internal user"", ""document_name"": ""General"", ""classification"": null, ""s3_upload_date"": ""2026-09-01 13:18:04.063+00"", ""origin_platform"": ""MongoDB"", ""document_type_id"": ""6515997f20df10000899e3f2"", ""extended_summary"": null, ""thumbnail_s3_key"": null, ""document_category"": ""General"", ""sub_classification"": null, ""customer_visibility"": true, ""document_description"": ""These are general documents that support your case"", ""thumbnail_created_at"": null, ""document_display_name"": ""General"", ""document_how_to_obtain"": ""These are general documents that support your case"", ""unified_document_merge_status"": null, ""document_importance_description"": ""These are general documents that support your case""}",timeline
a7e4c7e6-c608-5876-8723-111eada9b304,2026-09-01T13:18:05.438000,2026-09-01T13:18:05.438000,2026-09-01T13:18:06.340906,2026-09-01T13:18:06.340906,2026-09-01T13:18:05.438000,eae529490b8a9249732a5f6c,66e9febde456dd0008a1ce6e,678512f9af8dc40008666522,Service,Milestone Update,,Service Name: Idris Sorlie - Marble Petition for Dissolution of Marriage\nMilestone Name: Filing & serving\nChange Type: New Milestone,"{""service_id"": ""6a85bd9c9a7da49167ff53af"", ""document_ids"": [], ""milestone_id"": ""69668e12279c583aa7272ba0"", ""service_name"": ""Idris Sorlie - Marble Petition for Dissolution of Marriage"", ""milestone_name"": ""Filing & serving"", ""milestone_step"": ""Filing petition and/or summons request"", ""origin_platform"": ""MongoDB"", ""service_type_id"": ""69272dfbe62a4c8be37e7cef"", ""service_type_name"": ""Marble Petition for Dissolution of Marriage"", ""milestone_updated_by"": ""66e9febde456dd0008a1ce73"", ""milestone_change_type"": ""New Milestone"", ""service_percent_completed"": 90, ""milestone_percent_completed"": 25, ""prev_milestone_percent_completed"": 0}",timeline
d58745e7-4525-5551-a75c-4a0b2244f74b,2026-09-01T13:18:09.330000,2026-09-01T13:18:09.330000,2026-09-01T13:18:12.080172,2026-09-01T13:18:12.080172,2026-09-01T13:18:09.330000,eae529490b8a9249732a5f6c,66e9febde456dd0008a1ce6e,678512f9af8dc40008666522,Case Update,General,,"Hi Idris, I’ve received your signed petition—thank you! It’s been successfully filed with the court, officially putting your case in motion. Next, the court will issue the summons and a conformed copy, which can take up to 7 days. Once received, the next step will be serving the opposing party.\n\nKeep in mind that filing and serving costs are not covered—our team will reach out via email soon to go over the next steps. If you'd like to expedite the serving process, let us know, and we can discuss that option.","{""source"": ""ATTORNEY_PORTAL"", ""origin_id"": ""6a96d091aedbe2c3abfc0d87"", ""waiting_for"": ""UNASSIGNED"", ""content_header"": ""Your petition was filed"", ""created_by_role"": ""Admin"", ""origin_platform"": ""MongoDB"", ""related_milestone_id"": ""69668e12279c583aa7272ba0"", ""is_externally_visible"": true}",timeline
7d36981a-474e-5fd6-873b-55f7cc472c10,2026-09-01T13:25:02.969000,2026-09-01T13:25:02.969000,2026-09-01T13:25:03.309730,2026-09-01T13:25:03.309730,2026-09-01T13:25:02.969000,eae529490b8a9249732a5f6c,,678512f9af8dc40008666522,Marbles,Status_Change,,Type: MILESTONE\nChange: Created,"{""done"": false, ""type"": ""MILESTONE"", ""skipped"": false, ""metadata"": {""content"": ""Hi Idris, I’ve received your signed petition—thank you! It’s been successfully filed with the court, officially putting your case in motion. Next, the court will issue the summons and a conformed copy, which can take up to 7 days. Once received, the next step will be serving the opposing party.\n\nKeep in mind that filing and serving costs are not covered—our team will reach out via email soon to go over the next steps. If you'd like to expedite the serving process, let us know, and we can discuss that option."", ""stepName"": ""Filing petition and/or summons request"", ""serviceId"": ""6a85bd9c9a7da49167ff53af"", ""milestoneId"": ""69668e12279c583aa7272ba0"", ""contentHeader"": ""Your petition was filed"", ""milestoneName"": ""Filing & serving"", ""milestonePercentCompleted"": 25}, ""origin_id"": ""6a85c7cce670514997d5b4c5"", ""update_type"": ""created"", ""is_skippable"": true, ""reference_id"": ""d58745e7-4525-5551-a75c-4a0b2244f74b"", ""origin_platform"": ""MongoDB"", ""marble_instance_id"": ""6a96d22ecf799bfe8308045d""}",timeline
a928f5f0-673b-50f9-97d3-a0429b545fc1,2026-09-01T13:25:58.320000,2026-09-01T13:25:58.320000,2026-09-01T13:25:59.352439,2026-09-01T13:25:59.352439,2026-09-01T13:25:58.320000,eae529490b8a9249732a5f6c,,678512f9af8dc40008666522,Marbles,Status_Change,,Type: MILESTONE\nChange: Done,"{""done"": true, ""type"": ""MILESTONE"", ""skipped"": false, ""metadata"": {""content"": ""Hi Idris, I’ve received your signed petition—thank you! It’s been successfully filed with the court, officially putting your case in motion. Next, the court will issue the summons and a conformed copy, which can take up to 7 days. Once received, the next step will be serving the opposing party.\n\nKeep in mind that filing and serving costs are not covered—our team will reach out via email soon to go over the next steps. If you'd like to expedite the serving process, let us know, and we can discuss that option."", ""stepName"": ""Filing petition and/or summons request"", ""serviceId"": ""6a85bd9c9a7da49167ff53af"", ""milestoneId"": ""69668e12279c583aa7272ba0"", ""contentHeader"": ""Your petition was filed"", ""milestoneName"": ""Filing & serving"", ""milestonePercentCompleted"": 25}, ""origin_id"": ""6a85c7cce670514997d5b4c5"", ""update_type"": ""done"", ""is_skippable"": true, ""reference_id"": ""d58745e7-4525-5551-a75c-4a0b2244f74b"", ""origin_platform"": ""MongoDB"", ""marble_instance_id"": ""6a96d22ecf799bfe8308045d""}",timeline
8b1cf256-da78-503c-8599-66d738d98406,2026-09-01T13:25:59.058000,2026-09-01T13:25:59.058000,2026-09-01T13:26:00.369988,2026-09-01T13:26:00.369988,2026-09-01T13:25:59.058000,eae529490b8a9249732a5f6c,,678512f9af8dc40008666522,Marbles,Status_Change,,Type: PRE_SERVING\nChange: Created,"{""done"": false, ""type"": ""PRE_SERVING"", ""skipped"": false, ""metadata"": {""serviceId"": ""6a85bd9c9a7da49167ff53af"", ""milestoneId"": ""69668e12279c583aa7272ba0"", ""milestoneName"": ""Filing & serving"", ""recipientName"": ""Nadia Sorlie Phone: +19415555485"", ""milestonePercentCompleted"": 25}, ""origin_id"": ""6a85c7cce670514997d5b4c5"", ""update_type"": ""created"", ""is_skippable"": true, ""reference_id"": ""6a85bd9c9a7da49167ff53af"", ""origin_platform"": ""MongoDB"", ""marble_instance_id"": ""6a96d267d85c791182584555""}",timeline
c2f7ef33-c2d7-5f29-97e1-9f5d28d4ee9b,2026-09-01T13:49:55.139000,2026-09-01T13:49:55.139000,2026-09-01T13:49:57.299709,2026-09-01T13:49:57.299709,2026-09-01T13:49:55.139000,eae529490b8a9249732a5f6c,,678512f9af8dc40008666522,Documents,Document_Upload,,Document: Uploaded\nFile name: IMG_4609.jpeg\nSummary: ,"{""labels"": [], ""s3_key"": ""documents/678512f9af8dc40008666522/61df1c5b-a933-45fd-a733-7baeeac4a008.jpeg"", ""source"": ""MY_MARBLE_WEB"", ""summary"": null, ""ai_flags"": [], ""file_name"": ""IMG_4609.jpeg"", ""file_size"": 148557, ""origin_id"": ""6a96d802a304b09a09496679"", ""is_duplicate"": false, ""source_param"": null, ""who_uploaded"": ""External user"", ""document_name"": ""Opposing Party Photo"", ""classification"": null, ""s3_upload_date"": ""2026-09-01 13:49:55.139+00"", ""origin_platform"": ""MongoDB"", ""document_type_id"": ""64e35eaf469ef10008808e6e"", ""extended_summary"": null, ""thumbnail_s3_key"": null, ""document_category"": ""Personal"", ""sub_classification"": null, ""customer_visibility"": true, ""document_description"": ""This is a picture of the opposing party."", ""thumbnail_created_at"": null, ""document_display_name"": ""Photo of the Opposing Party"", ""document_how_to_obtain"": ""You can upload a picture you have on your phone or on social media sites belonging to the opposing party"", ""unified_document_merge_status"": null, ""document_importance_description"": ""It can help your legal team when serving official documents to the opposing party and may be required by serving services and the court""}",timeline
8145f74a-61d1-53e0-be85-29b6bdac6f1f,2026-09-01T13:52:33.515000,2026-09-01T13:52:33.515000,2026-09-01T13:52:34.296606,2026-09-01T13:52:34.296606,2026-09-01T13:52:33.515000,eae529490b8a9249732a5f6c,,678512f9af8dc40008666522,Data Entries,Client Data,,Client data updated,"{""source"": ""CUSTOMER"", ""event_id"": ""55e8accd-9697-4ad5-a889-873c8885fb6e"", ""data_points"": {""opposingPartyZip"": null, ""opposingPartyDateOfBirth"": ""1979-09-08"", ""opposingPartyAddressNotes"": null, ""opposingPartyServingNotes"": ""Always has braids in her hair light skinned with some frakes medium build "", ""opposingPartyBackupAddress"": null, ""opposingPartyLivingAddress"": null, ""opposingPartyStreetAddress"": null, ""opposingPartyBestTimesToFind"": null, ""opposingPartyBackupAddressZip"": null, ""opposingPartyAddressAptUnitEtc"": null, ""opposingPartyBackupAddressCity"": null, ""opposingPartyBackupAddressNotes"": null, ""opposingPartyBackupAddressState"": null, ""opposingPartyBackupAddressStreet"": null, ""opposingPartyBackupAddressAptUnitEtc"": null, ""opposingPartyBackupAddressBestTimesToFind"": null}, ""data_schema_id"": ""66dec1950af2fa0007b0e36a"", ""data_points_count"": 16}",timeline
1bfd6378-f655-5853-9442-cd89a9da5cf5,2026-09-01T13:52:33.686000,2026-09-01T13:52:33.686000,2026-09-01T13:52:34.296606,2026-09-01T13:52:34.296606,2026-09-01T13:52:33.686000,eae529490b8a9249732a5f6c,,678512f9af8dc40008666522,Marbles,Status_Change,,Type: PRE_SERVING\nChange: Done,"{""done"": true, ""type"": ""PRE_SERVING"", ""skipped"": false, ""metadata"": {""serviceId"": ""6a85bd9c9a7da49167ff53af"", ""milestoneId"": ""69668e12279c583aa7272ba0"", ""milestoneName"": ""Filing & serving"", ""recipientName"": ""Nadia Sorlie Phone: +19415555485"", ""milestonePercentCompleted"": 25}, ""origin_id"": ""6a85c7cce670514997d5b4c5"", ""update_type"": ""done"", ""is_skippable"": true, ""reference_id"": ""6a85bd9c9a7da49167ff53af"", ""origin_platform"": ""MongoDB"", ""marble_instance_id"": ""6a96d267d85c791182584555""}",timeline
a076366f-b762-50a6-867d-07148a376b1f,2026-09-01T14:10:10.509000,2026-09-01T14:10:10.509000,2026-09-01T14:10:12.237370,2026-09-01T14:10:12.237370,2026-09-01T14:10:10.509000,eae529490b8a9249732a5f6c,66e9febde456dd0008a1ce6e,678512f9af8dc40008666522,Documents,Document_Upload,,Document: Uploaded\nFile name: Issued Summons_Sorlie.pdf\nSummary: ,"{""labels"": [], ""s3_key"": ""documents/678512f9af8dc40008666522/18c35471-3e9d-433b-aea7-82ec7870eb4c.pdf"", ""source"": ""ATTORNEYS_WEB_APP"", ""summary"": null, ""ai_flags"": [], ""file_name"": ""Issued Summons_Sorlie.pdf"", ""file_size"": 157482, ""origin_id"": ""6a96dcc104ef5ad5196d29af"", ""is_duplicate"": false, ""source_param"": null, ""who_uploaded"": ""Internal user"", ""document_name"": ""General"", ""classification"": null, ""s3_upload_date"": ""2026-09-01 14:10:10.509+00"", ""origin_platform"": ""MongoDB"", ""document_type_id"": ""6515997f20df10000899e3f2"", ""extended_summary"": null, ""thumbnail_s3_key"": null, ""document_category"": ""General"", ""sub_classification"": null, ""customer_visibility"": true, ""document_description"": ""These are general documents that support your case"", ""thumbnail_created_at"": null, ""document_display_name"": ""General"", ""document_how_to_obtain"": ""These are general documents that support your case"", ""unified_document_merge_status"": null, ""document_importance_description"": ""These are general documents that support your case""}",timeline
c41fdcbe-99e0-540a-85ac-1dd4b87962f9,2026-09-01T14:10:59.188000,2026-09-01T14:10:59.188000,2026-09-01T14:11:00.291558,2026-09-01T14:11:00.291558,2026-09-01T14:10:59.188000,eae529490b8a9249732a5f6c,66e9febde456dd0008a1ce6e,678512f9af8dc40008666522,Documents,Document_Rename,,Document: Renamed\nFile name: 074038651 Petition for Dissolution of Marriage.pdf\nSummary: Verified Petition for Dissolution of Marriage with Minor Children filed by Idris Sorlie in Manatee County (filed 08/31/2026).,"{""labels"": [], ""s3_key"": ""documents/678512f9af8dc40008666522/15c3f7ef-c525-4f56-9b85-008934ba4cf5.pdf"", ""source"": ""ATTORNEYS_WEB_APP"", ""summary"": ""Verified Petition for Dissolution of Marriage with Minor Children filed by Idris Sorlie in Manatee County (filed 08/31/2026)."", ""ai_flags"": [], ""file_name"": ""074038651 Petition for Dissolution of Marriage.pdf"", ""file_size"": 283663, ""origin_id"": ""6a96d089a304b09a09495cf5"", ""is_duplicate"": false, ""source_param"": null, ""who_uploaded"": ""Internal user"", ""document_name"": ""General"", ""classification"": null, ""s3_upload_date"": ""2026-09-01 13:18:02.644+00"", ""origin_platform"": ""MongoDB"", ""document_type_id"": ""6515997f20df10000899e3f2"", ""extended_summary"": ""Verified Petition for Dissolution of Marriage filed by Petitioner Idris Sorlie against Respondent Nadia Tessa Sorlie in the Twelfth Judicial Circuit, Manatee County, Florida (e-filed 08/31/2026; filing reference 074038651). Parties married April 2, 2021 and separated November 11, 2025. There is one minor child (A.S., male, born August 8, 2021) who the Petition asserts is currently in the Petitioner's custody. Petitioner requests dissolution of marriage, establishment of a Parenting Plan under Fla. Stat. §61.13, child support determined under Fla. Stat. §61.30 (including requests to recalculate/support superseding orders based on timesharing and income), equitable distribution (petitioner requests each party retain separately titled property and reserves unequal distribution remedies if dissipation occurred), waiver of alimony by the Petitioner, and reimbursement of attorneys' fees for vexatious conduct. The Petition notes contemporaneous filing of a UCCJEA affidavit, Notice of Social Security Number, copy of petitioner’s driver’s license, and other initial filing documents. Dana Whitfield of Marble Law is listed as limited-appearance attorney for filing and document preparation."", ""thumbnail_s3_key"": null, ""document_category"": ""General"", ""sub_classification"": null, ""customer_visibility"": true, ""document_description"": ""These are general documents that support your case"", ""thumbnail_created_at"": null, ""document_display_name"": ""General"", ""document_how_to_obtain"": ""These are general documents that support your case"", ""unified_document_merge_status"": null, ""document_importance_description"": ""These are general documents that support your case""}",timeline
bc98995c-2426-58e2-86cb-a9f864de6531,2026-09-01T14:11:06.488000,2026-09-01T14:11:06.488000,2026-09-01T14:11:07.328414,2026-09-01T14:11:07.328414,2026-09-01T14:11:06.488000,eae529490b8a9249732a5f6c,66e9febde456dd0008a1ce6e,678512f9af8dc40008666522,Documents,Document_Rename,,"Document: Renamed\nFile name: 074038651 UCCJEA.pdf\nSummary: UCCJEA Affidavit naming minor Anders Sorlie, listing residences and existing child-support order ($884/mo), filed in Manatee County FL.","{""labels"": [], ""s3_key"": ""documents/678512f9af8dc40008666522/1e5f4613-c870-4150-a3a8-9da8ebb35572.pdf"", ""source"": ""ATTORNEYS_WEB_APP"", ""summary"": ""UCCJEA Affidavit naming minor Anders Sorlie, listing residences and existing child-support order ($884/mo), filed in Manatee County FL."", ""ai_flags"": [], ""file_name"": ""074038651 UCCJEA.pdf"", ""file_size"": 264725, ""origin_id"": ""6a96d08904ef5ad5196d158b"", ""is_duplicate"": false, ""source_param"": null, ""who_uploaded"": ""Internal user"", ""document_name"": ""General"", ""classification"": null, ""s3_upload_date"": ""2026-09-01 13:18:03.466+00"", ""origin_platform"": ""MongoDB"", ""document_type_id"": ""6515997f20df10000899e3f2"", ""extended_summary"": ""UCCJEA Affidavit filed by Petitioner Idris Sorlie in the Twelfth Judicial Circuit, Manatee County, FL. Identifies one child, Anders Sorlie (born August 8, 2021 in Sarasota, FL), lists the child's residences (Jan 2025–Present at 1087 Blue Heron Way, Sarasota; birth–Jan 2025 at 1506 Saltmarsh Drive, Bradenton), discloses an existing child support order dated July 14, 2026 ordering $884/month payable by Idris Sorlie, and contains a certificate of service and limited appearance by Dana Whitfield of Marble Law. Filing stamp shows e-filed 08/31/2026."", ""thumbnail_s3_key"": null, ""document_category"": ""General"", ""sub_classification"": null, ""customer_visibility"": true, ""document_description"": ""These are general documents that support your case"", ""thumbnail_created_at"": null, ""document_display_name"": ""General"", ""document_how_to_obtain"": ""These are general documents that support your case"", ""unified_document_merge_status"": null, ""document_importance_description"": ""These are general documents that support your case""}",timeline
86adeb6e-798f-5e65-b153-65326a52c47f,2026-09-01T14:11:18.911000,2026-09-01T14:11:18.911000,2026-09-01T14:11:19.341553,2026-09-01T14:11:19.341553,2026-09-01T14:11:18.911000,eae529490b8a9249732a5f6c,66e9febde456dd0008a1ce6e,678512f9af8dc40008666522,Documents,Document_Rename,,Document: Renamed\nFile name: 074038651 Notice of Limited Appearance.pdf\nSummary: Two-page Notice of Limited Appearance and Consent by Dana Whitfield for Petitioner Idris Sorlie (filed 08/31/2026).,"{""labels"": [], ""s3_key"": ""documents/678512f9af8dc40008666522/b05539db-0211-4440-b21a-72d37ffb1de4.pdf"", ""source"": ""ATTORNEYS_WEB_APP"", ""summary"": ""Two-page Notice of Limited Appearance and Consent by Dana Whitfield for Petitioner Idris Sorlie (filed 08/31/2026)."", ""ai_flags"": [], ""file_name"": ""074038651 Notice of Limited Appearance.pdf"", ""file_size"": 233760, ""origin_id"": ""6a96d08904ef5ad5196d157d"", ""is_duplicate"": false, ""source_param"": null, ""who_uploaded"": ""Internal user"", ""document_name"": ""General"", ""classification"": null, ""s3_upload_date"": ""2026-09-01 13:18:02.753+00"", ""origin_platform"": ""MongoDB"", ""document_type_id"": ""6515997f20df10000899e3f2"", ""extended_summary"": ""Notice of Limited Appearance and Consent filed by Dana Whitfield, Esq. on behalf of Petitioner Idris Sorlie in the Circuit Court, Twelfth Judicial Circuit, Manatee County, FL. Limits attorney's scope to preparing and filing initial dissolution documents (petition, notices, UCCJEA, etc.). Includes service emails, mailing addresses, and certificate of service; e-filed 08/31/2026."", ""thumbnail_s3_key"": null, ""document_category"": ""General"", ""sub_classification"": null, ""customer_visibility"": true, ""document_description"": ""These are general documents that support your case"", ""thumbnail_created_at"": null, ""document_display_name"": ""General"", ""document_how_to_obtain"": ""These are general documents that support your case"", ""unified_document_merge_status"": null, ""document_importance_description"": ""These are general documents that support your case""}",timeline
cf85bb24-dca2-5ce6-83da-4f304635dfa8,2026-09-01T14:11:47.834000,2026-09-01T14:11:47.834000,2026-09-01T14:11:48.315566,2026-09-01T14:11:48.315566,2026-09-01T14:11:47.834000,eae529490b8a9249732a5f6c,,678512f9af8dc40008666522,Serving,Serving job,,Serving job created,"{""flags"": [], ""status"": ""PENDING_CREATION"", ""client_id"": ""678512feaf8dc40008666581"", ""origin_id"": ""6a96dd2324ccd082e3ab6d35"", ""service_id"": ""6a85bd9c9a7da49167ff53af"", ""attempt_status"": null, ""job_created_at"": ""2026-09-01 14:11:47.834+00"", ""recipient_name"": {""last"": ""Sorlie "", ""first"": ""Nadia "", ""middle"": ""Tessa""}, ""recipient_type"": ""INDIVIDUAL"", ""updated_fields"": null, ""origin_platform"": ""MongoDB"", ""document_mappings"": [], ""proof_serve_status"": null, ""serving_attempt_id"": null, ""attempt_description"": null, ""recipient_addresses"": [{""city"": ""Sarasota"", ""type"": ""HOME"", ""state"": ""FL"", ""street"": ""1087 Blue Heron Way"", ""zipCode"": ""34234"", ""isPrimary"": true}], ""current_proof_job_id"": null, ""current_attempt_number"": 0, ""related_proof_jobs_ids"": [], ""serve_pricing_id_selected"": 39, ""does_include_file_affidavit"": false, ""serve_pricing_name_selected"": ""Standard""}",timeline
79814232-b82e-54ca-8105-00004604d19f,2026-09-01T14:11:52.260000,2026-09-01T14:11:52.260000,2026-09-01T14:11:53.364652,2026-09-01T14:11:53.364652,2026-09-01T14:11:52.260000,eae529490b8a9249732a5f6c,,678512f9af8dc40008666522,Serving,Serving job,,Serving job updated\ndocumentMappings: updated,"{""flags"": [], ""status"": ""PENDING_CREATION"", ""client_id"": ""678512feaf8dc40008666581"", ""origin_id"": ""6a96dd2324ccd082e3ab6d35"", ""service_id"": ""6a85bd9c9a7da49167ff53af"", ""attempt_status"": null, ""job_created_at"": ""2026-09-01 14:11:47.834+00"", ""recipient_name"": {""last"": ""Sorlie "", ""first"": ""Nadia "", ""middle"": ""Tessa""}, ""recipient_type"": ""INDIVIDUAL"", ""updated_fields"": {""documentMappings"": [{""documentId"": {""$oid"": ""6a96dcc104ef5ad5196d29af""}, ""proofServeDocumentId"": 2992225, ""proofServeDocumentName"": ""Issued Summons_Sorlie.pdf""}, {""documentId"": {""$oid"": ""6a96d08904ef5ad5196d1589""}, ""proofServeDocumentId"": 2992221, ""proofServeDocumentName"": ""074038651 Document_0002.pdf""}, {""documentId"": {""$oid"": ""6a96d08904ef5ad5196d1587""}, ""proofServeDocumentId"": 2992219, ""proofServeDocumentName"": ""074038651 Document_0001.pdf""}, {""documentId"": {""$oid"": ""6a96d08904ef5ad5196d1583""}, ""proofServeDocumentId"": 2992228, ""proofServeDocumentName"": ""074038651 Document_0007.pdf""}, {""documentId"": {""$oid"": ""6a96d089a304b09a09495cf1""}, ""proofServeDocumentId"": 2992227, ""proofServeDocumentName"": ""074038651 Document_0009.pdf""}, {""documentId"": {""$oid"": ""6a96d08904ef5ad5196d157d""}, ""proofServeDocumentId"": 2992229, ""proofServeDocumentName"": ""074038651 Notice of Limited Appearance.pdf""}, {""documentId"": {""$oid"": ""6a96d08904ef5ad5196d1585""}, ""proofServeDocumentId"": 2992230, ""proofServeDocumentName"": ""074038651 Document_0006.pdf""}, {""documentId"": {""$oid"": ""6a96d089a304b09a09495cf5""}, ""proofServeDocumentId"": 2992223, ""proofServeDocumentName"": ""074038651 Petition for Dissolution of Marriage.pdf""}, {""documentId"": {""$oid"": ""6a96d08904ef5ad5196d157f""}, ""proofServeDocumentId"": 2992226, ""proofServeDocumentName"": ""074038651 Document_0012.pdf""}, {""documentId"": {""$oid"": ""6a96d08904ef5ad5196d1581""}, ""proofServeDocumentId"": 2992222, ""proofServeDocumentName"": ""074038651 Notice Of Confidential Information Within Court Filing.pdf""}, {""documentId"": {""$oid"": ""6a96d089a304b09a09495cef""}, ""proofServeDocumentId"": 2992224, ""proofServeDocumentName"": ""074038651 Document_0011.pdf""}]}, ""origin_platform"": ""MongoDB"", ""document_mappings"": [{""documentId"": {""$oid"": ""6a96dcc104ef5ad5196d29af""}, ""proofServeDocumentId"": 2992225, ""proofServeDocumentName"": ""Issued Summons_Sorlie.pdf""}, {""documentId"": {""$oid"": ""6a96d08904ef5ad5196d1589""}, ""proofServeDocumentId"": 2992221, ""proofServeDocumentName"": ""074038651 Document_0002.pdf""}, {""documentId"": {""$oid"": ""6a96d08904ef5ad5196d1587""}, ""proofServeDocumentId"": 2992219, ""proofServeDocumentName"": ""074038651 Document_0001.pdf""}, {""documentId"": {""$oid"": ""6a96d08904ef5ad5196d1583""}, ""proofServeDocumentId"": 2992228, ""proofServeDocumentName"": ""074038651 Document_0007.pdf""}, {""documentId"": {""$oid"": ""6a96d089a304b09a09495cf1""}, ""proofServeDocumentId"": 2992227, ""proofServeDocumentName"": ""074038651 Document_0009.pdf""}, {""documentId"": {""$oid"": ""6a96d08904ef5ad5196d157d""}, ""proofServeDocumentId"": 2992229, ""proofServeDocumentName"": ""074038651 Notice of Limited Appearance.pdf""}, {""documentId"": {""$oid"": ""6a96d08904ef5ad5196d1585""}, ""proofServeDocumentId"": 2992230, ""proofServeDocumentName"": ""074038651 Document_0006.pdf""}, {""documentId"": {""$oid"": ""6a96d089a304b09a09495cf5""}, ""proofServeDocumentId"": 2992223, ""proofServeDocumentName"": ""074038651 Petition for Dissolution of Marriage.pdf""}, {""documentId"": {""$oid"": ""6a96d08904ef5ad5196d157f""}, ""proofServeDocumentId"": 2992226, ""proofServeDocumentName"": ""074038651 Document_0012.pdf""}, {""documentId"": {""$oid"": ""6a96d08904ef5ad5196d1581""}, ""proofServeDocumentId"": 2992222, ""proofServeDocumentName"": ""074038651 Notice Of Confidential Information Within Court Filing.pdf""}, {""documentId"": {""$oid"": ""6a96d089a304b09a09495cef""}, ""proofServeDocumentId"": 2992224, ""proofServeDocumentName"": ""074038651 Document_0011.pdf""}], ""proof_serve_status"": null, ""serving_attempt_id"": null, ""attempt_description"": null, ""recipient_addresses"": [{""city"": ""Sarasota"", ""type"": ""HOME"", ""state"": ""FL"", ""street"": ""1087 Blue Heron Way"", ""zipCode"": ""34234"", ""isPrimary"": true}], ""current_proof_job_id"": null, ""current_attempt_number"": 0, ""related_proof_jobs_ids"": [], ""serve_pricing_id_selected"": 39, ""does_include_file_affidavit"": false, ""serve_pricing_name_selected"": ""Standard""}",timeline
e0b36e7b-2ad7-513b-987d-1e36d2d755d0,2026-09-01T14:11:52.479000,2026-09-01T14:11:52.479000,2026-09-01T14:11:53.364652,2026-09-01T14:11:53.364652,2026-09-01T14:11:52.479000,eae529490b8a9249732a5f6c,,678512f9af8dc40008666522,Serving,Serving job,,"Serving job updated\nphotoMappings: [{documentId:{$oid:6a96d802a304b09a09496679},proofServePhotoId:127918}]","{""flags"": [], ""status"": ""PENDING_CREATION"", ""client_id"": ""678512feaf8dc40008666581"", ""origin_id"": ""6a96dd2324ccd082e3ab6d35"", ""service_id"": ""6a85bd9c9a7da49167ff53af"", ""attempt_status"": null, ""job_created_at"": ""2026-09-01 14:11:47.834+00"", ""recipient_name"": {""last"": ""Sorlie "", ""first"": ""Nadia "", ""middle"": ""Tessa""}, ""recipient_type"": ""INDIVIDUAL"", ""updated_fields"": {""photoMappings"": [{""documentId"": {""$oid"": ""6a96d802a304b09a09496679""}, ""proofServePhotoId"": 127918}]}, ""origin_platform"": ""MongoDB"", ""document_mappings"": [{""documentId"": {""$oid"": ""6a96dcc104ef5ad5196d29af""}, ""proofServeDocumentId"": 2992225, ""proofServeDocumentName"": ""Issued Summons_Sorlie.pdf""}, {""documentId"": {""$oid"": ""6a96d08904ef5ad5196d1589""}, ""proofServeDocumentId"": 2992221, ""proofServeDocumentName"": ""074038651 Document_0002.pdf""}, {""documentId"": {""$oid"": ""6a96d08904ef5ad5196d1587""}, ""proofServeDocumentId"": 2992219, ""proofServeDocumentName"": ""074038651 Document_0001.pdf""}, {""documentId"": {""$oid"": ""6a96d08904ef5ad5196d1583""}, ""proofServeDocumentId"": 2992228, ""proofServeDocumentName"": ""074038651 Document_0007.pdf""}, {""documentId"": {""$oid"": ""6a96d089a304b09a09495cf1""}, ""proofServeDocumentId"": 2992227, ""proofServeDocumentName"": ""074038651 Document_0009.pdf""}, {""documentId"": {""$oid"": ""6a96d08904ef5ad5196d157d""}, ""proofServeDocumentId"": 2992229, ""proofServeDocumentName"": ""074038651 Notice of Limited Appearance.pdf""}, {""documentId"": {""$oid"": ""6a96d08904ef5ad5196d1585""}, ""proofServeDocumentId"": 2992230, ""proofServeDocumentName"": ""074038651 Document_0006.pdf""}, {""documentId"": {""$oid"": ""6a96d089a304b09a09495cf5""}, ""proofServeDocumentId"": 2992223, ""proofServeDocumentName"": ""074038651 Petition for Dissolution of Marriage.pdf""}, {""documentId"": {""$oid"": ""6a96d08904ef5ad5196d157f""}, ""proofServeDocumentId"": 2992226, ""proofServeDocumentName"": ""074038651 Document_0012.pdf""}, {""documentId"": {""$oid"": ""6a96d08904ef5ad5196d1581""}, ""proofServeDocumentId"": 2992222, ""proofServeDocumentName"": ""074038651 Notice Of Confidential Information Within Court Filing.pdf""}, {""documentId"": {""$oid"": ""6a96d089a304b09a09495cef""}, ""proofServeDocumentId"": 2992224, ""proofServeDocumentName"": ""074038651 Document_0011.pdf""}], ""proof_serve_status"": null, ""serving_attempt_id"": null, ""attempt_description"": null, ""recipient_addresses"": [{""city"": ""Sarasota"", ""type"": ""HOME"", ""state"": ""FL"", ""street"": ""1087 Blue Heron Way"", ""zipCode"": ""34234"", ""isPrimary"": true}], ""current_proof_job_id"": null, ""current_attempt_number"": 0, ""related_proof_jobs_ids"": [], ""serve_pricing_id_selected"": 39, ""does_include_file_affidavit"": false, ""serve_pricing_name_selected"": ""Standard""}",timeline
d9145a56-e333-538f-88cd-5b8cd16b6ff7,2026-09-01T14:11:56.434000,2026-09-01T14:11:56.434000,2026-09-01T14:11:57.334847,2026-09-01T14:11:57.334847,2026-09-01T14:11:56.434000,eae529490b8a9249732a5f6c,,678512f9af8dc40008666522,Serving,Serving job,,Serving job updated\ncurrentProofJobId: 2019012\nproofCreatedAt: 2026-09-01 14:11:53\nrelatedProofJobsIds: [2019012]\nstatus: SUBMITTED,"{""flags"": [], ""status"": ""SUBMITTED"", ""client_id"": ""678512feaf8dc40008666581"", ""origin_id"": ""6a96dd2324ccd082e3ab6d35"", ""service_id"": ""6a85bd9c9a7da49167ff53af"", ""attempt_status"": null, ""job_created_at"": ""2026-09-01 14:11:47.834+00"", ""recipient_name"": {""last"": ""Sorlie "", ""first"": ""Nadia "", ""middle"": ""Tessa""}, ""recipient_type"": ""INDIVIDUAL"", ""updated_fields"": {""status"": ""SUBMITTED"", ""proofCreatedAt"": ""2026-09-01 14:11:53.192+00"", ""currentProofJobId"": 2019012, ""relatedProofJobsIds"": [2019012]}, ""origin_platform"": ""MongoDB"", ""document_mappings"": [{""documentId"": {""$oid"": ""6a96dcc104ef5ad5196d29af""}, ""proofServeDocumentId"": 2992225, ""proofServeDocumentName"": ""Issued Summons_Sorlie.pdf""}, {""documentId"": {""$oid"": ""6a96d08904ef5ad5196d1589""}, ""proofServeDocumentId"": 2992221, ""proofServeDocumentName"": ""074038651 Document_0002.pdf""}, {""documentId"": {""$oid"": ""6a96d08904ef5ad5196d1587""}, ""proofServeDocumentId"": 2992219, ""proofServeDocumentName"": ""074038651 Document_0001.pdf""}, {""documentId"": {""$oid"": ""6a96d08904ef5ad5196d1583""}, ""proofServeDocumentId"": 2992228, ""proofServeDocumentName"": ""074038651 Document_0007.pdf""}, {""documentId"": {""$oid"": ""6a96d089a304b09a09495cf1""}, ""proofServeDocumentId"": 2992227, ""proofServeDocumentName"": ""074038651 Document_0009.pdf""}, {""documentId"": {""$oid"": ""6a96d08904ef5ad5196d157d""}, ""proofServeDocumentId"": 2992229, ""proofServeDocumentName"": ""074038651 Notice of Limited Appearance.pdf""}, {""documentId"": {""$oid"": ""6a96d08904ef5ad5196d1585""}, ""proofServeDocumentId"": 2992230, ""proofServeDocumentName"": ""074038651 Document_0006.pdf""}, {""documentId"": {""$oid"": ""6a96d089a304b09a09495cf5""}, ""proofServeDocumentId"": 2992223, ""proofServeDocumentName"": ""074038651 Petition for Dissolution of Marriage.pdf""}, {""documentId"": {""$oid"": ""6a96d08904ef5ad5196d157f""}, ""proofServeDocumentId"": 2992226, ""proofServeDocumentName"": ""074038651 Document_0012.pdf""}, {""documentId"": {""$oid"": ""6a96d08904ef5ad5196d1581""}, ""proofServeDocumentId"": 2992222, ""proofServeDocumentName"": ""074038651 Notice Of Confidential Information Within Court Filing.pdf""}, {""documentId"": {""$oid"": ""6a96d089a304b09a09495cef""}, ""proofServeDocumentId"": 2992224, ""proofServeDocumentName"": ""074038651 Document_0011.pdf""}], ""proof_serve_status"": null, ""serving_attempt_id"": null, ""attempt_description"": null, ""recipient_addresses"": [{""city"": ""Sarasota"", ""type"": ""HOME"", ""state"": ""FL"", ""street"": ""1087 Blue Heron Way"", ""zipCode"": ""34234"", ""isPrimary"": true}], ""current_proof_job_id"": 2019012, ""current_attempt_number"": 0, ""related_proof_jobs_ids"": [2019012], ""serve_pricing_id_selected"": 39, ""does_include_file_affidavit"": false, ""serve_pricing_name_selected"": ""Standard""}",timeline
3106135a-b254-5cfb-8410-8b2d70e07c22,2026-09-01T14:11:56.538000,2026-09-01T14:11:56.538000,2026-09-01T14:11:57.334847,2026-09-01T14:11:57.334847,2026-09-01T14:11:56.538000,eae529490b8a9249732a5f6c,668d51df8a63d40008c63c34,678512f9af8dc40008666522,Service,Milestone Update,,Service Name: Idris Sorlie - Marble Petition for Dissolution of Marriage\nMilestone Name: Filing & serving\nChange Type: Milestone progressed,"{""service_id"": ""6a85bd9c9a7da49167ff53af"", ""document_ids"": [], ""milestone_id"": ""69668e12279c583aa7272ba0"", ""service_name"": ""Idris Sorlie - Marble Petition for Dissolution of Marriage"", ""milestone_name"": ""Filing & serving"", ""milestone_step"": ""Serving opposing party"", ""origin_platform"": ""MongoDB"", ""service_type_id"": ""69272dfbe62a4c8be37e7cef"", ""service_type_name"": ""Marble Petition for Dissolution of Marriage"", ""milestone_updated_by"": ""668d51df8a63d40008c63c35"", ""milestone_change_type"": ""Milestone progressed"", ""service_percent_completed"": 91.25, ""milestone_percent_completed"": 75, ""prev_milestone_percent_completed"": 25}",timeline
a2c2002b-9996-5708-9071-b26d35856e4d,2026-09-01T14:11:56.638000,2026-09-01T14:11:56.638000,2026-09-01T14:11:57.334847,2026-09-01T14:11:57.334847,2026-09-01T14:11:56.638000,eae529490b8a9249732a5f6c,668d51df8a63d40008c63c34,678512f9af8dc40008666522,Case Update,General,,"Hi Idris, we’re beginning the process of serving the opposing party with the petition, which officially notifies them of the legal proceedings. Serving can take anywhere from a few days to a few weeks, depending on the opposing party’s availability. If successful, they will have 20 days to respond. If we're unable to serve them, we’ll explore other options. I’ll keep you updated as we move forward!\n\nAs I’ve mentioned before, a one-time fee is required for serving. This is separate from the filing fee. You’ll receive a request soon to complete the payment.","{""source"": ""SYSTEM"", ""origin_id"": ""6a96dd2c350e7c531fccdbe6"", ""waiting_for"": ""UNASSIGNED"", ""content_header"": null, ""created_by_role"": ""Admin"", ""origin_platform"": ""MongoDB"", ""related_milestone_id"": null, ""is_externally_visible"": true}",timeline
a094bb4f-50ec-55c4-bbb6-fa561f93ca1e,2026-09-01T17:31:52.030000,2026-09-01T17:31:52.030000,2026-09-01T17:31:53.283050,2026-09-01T17:31:53.283050,2026-09-01T17:31:52.030000,eae529490b8a9249732a5f6c,,678512f9af8dc40008666522,Serving,Serving job,,Serving job updated\nproofServeStatus: ASSIGNED,"{""flags"": [], ""status"": ""SUBMITTED"", ""client_id"": ""678512feaf8dc40008666581"", ""origin_id"": ""6a96dd2324ccd082e3ab6d35"", ""service_id"": ""6a85bd9c9a7da49167ff53af"", ""attempt_status"": null, ""job_created_at"": ""2026-09-01 14:11:47.834+00"", ""recipient_name"": {""last"": ""Sorlie "", ""first"": ""Nadia "", ""middle"": ""Tessa""}, ""recipient_type"": ""INDIVIDUAL"", ""updated_fields"": {""proofServeStatus"": ""ASSIGNED""}, ""origin_platform"": ""MongoDB"", ""document_mappings"": [{""documentId"": {""$oid"": ""6a96dcc104ef5ad5196d29af""}, ""proofServeDocumentId"": 2992225, ""proofServeDocumentName"": ""Issued Summons_Sorlie.pdf""}, {""documentId"": {""$oid"": ""6a96d08904ef5ad5196d1589""}, ""proofServeDocumentId"": 2992221, ""proofServeDocumentName"": ""074038651 Document_0002.pdf""}, {""documentId"": {""$oid"": ""6a96d08904ef5ad5196d1587""}, ""proofServeDocumentId"": 2992219, ""proofServeDocumentName"": ""074038651 Document_0001.pdf""}, {""documentId"": {""$oid"": ""6a96d08904ef5ad5196d1583""}, ""proofServeDocumentId"": 2992228, ""proofServeDocumentName"": ""074038651 Document_0007.pdf""}, {""documentId"": {""$oid"": ""6a96d089a304b09a09495cf1""}, ""proofServeDocumentId"": 2992227, ""proofServeDocumentName"": ""074038651 Document_0009.pdf""}, {""documentId"": {""$oid"": ""6a96d08904ef5ad5196d157d""}, ""proofServeDocumentId"": 2992229, ""proofServeDocumentName"": ""074038651 Notice of Limited Appearance.pdf""}, {""documentId"": {""$oid"": ""6a96d08904ef5ad5196d1585""}, ""proofServeDocumentId"": 2992230, ""proofServeDocumentName"": ""074038651 Document_0006.pdf""}, {""documentId"": {""$oid"": ""6a96d089a304b09a09495cf5""}, ""proofServeDocumentId"": 2992223, ""proofServeDocumentName"": ""074038651 Petition for Dissolution of Marriage.pdf""}, {""documentId"": {""$oid"": ""6a96d08904ef5ad5196d157f""}, ""proofServeDocumentId"": 2992226, ""proofServeDocumentName"": ""074038651 Document_0012.pdf""}, {""documentId"": {""$oid"": ""6a96d08904ef5ad5196d1581""}, ""proofServeDocumentId"": 2992222, ""proofServeDocumentName"": ""074038651 Notice Of Confidential Information Within Court Filing.pdf""}, {""documentId"": {""$oid"": ""6a96d089a304b09a09495cef""}, ""proofServeDocumentId"": 2992224, ""proofServeDocumentName"": ""074038651 Document_0011.pdf""}], ""proof_serve_status"": ""ASSIGNED"", ""serving_attempt_id"": null, ""attempt_description"": null, ""recipient_addresses"": [{""city"": ""Sarasota"", ""type"": ""HOME"", ""state"": ""FL"", ""street"": ""1087 Blue Heron Way"", ""zipCode"": ""34234"", ""isPrimary"": true}], ""current_proof_job_id"": 2019012, ""current_attempt_number"": 0, ""related_proof_jobs_ids"": [2019012], ""serve_pricing_id_selected"": 39, ""does_include_file_affidavit"": false, ""serve_pricing_name_selected"": ""Standard""}",timeline
f8c20c6c-a68a-5063-bc2b-47b7d3580418,2026-09-02T21:49:46,2026-09-02T21:49:46,2026-09-02T21:50:43.572066,2026-09-02T21:50:43.572066,2026-09-02T21:49:46,eae529490b8a9249732a5f6c,,678512f9af8dc40008666522,Communications,Ticket,,"Ticket Number: 01200570\nType: Documents/Forms\nStatus: Closed\nOutcome: Resolved\nSubject: Filing or Drafting Needed for Account: Idris Sorlie\nDescription: CC DANA WHITFIELD\n\n-Manatee County (requires standing order filed, included in packet)\n-DOM with children\n-YES to related case","{""type"": ""Documents/Forms"", ""origin"": ""SF"", ""status"": ""Closed"", ""lead_id"": null, ""outcome"": ""Resolved"", ""owner_id"": ""0058X00000FM6ctQAD"", ""priority"": ""Medium"", ""sys_date"": ""2026-09-02 21:49:46+00"", ""origin_id"": ""500VL00000yK69xYAC"", ""parent_id"": null, ""account_id"": ""001VL00001020Y5YAI"", ""contact_id"": null, ""owner_role"": ""Client Support Specialists - AZ In House"", ""change_type"": ""Status Updated"", ""closed_date"": ""2026-08-31 21:49:00+00"", ""lp_involved"": null, ""client_score"": 0, ""created_date"": ""2026-08-31 17:50:21+00"", ""ticket_score"": null, ""ticket_number"": ""01200570"", ""internal_notes"": null, ""opportunity_id"": ""006VL00000bVNflYAG"", ""origin_platform"": ""Salesforce"", ""record_type_name"": ""Support Case"", ""ticket_objective"": ""Team Task"", ""case_closed_by_role"": ""Client Support Specialists - AZ In House"", ""case_initiator_type"": null, ""assignment_reasoning"": null, ""pl_assignment_origin"": ""Not Assigned to PL"", ""original_ticket_owner"": null, ""support_ticket_reason"": ""Filing"", ""how_much_work_was_done"": null, ""ticket_assignment_type"": ""CSS Assignment"", ""agent_engagement_timestamp"": null, ""client_engagement_timestamp"": null, ""filing_and_serving_opportunity"": null}",timeline
f803f68d-ca43-5679-bad4-854425483cf7,2026-09-04T14:56:16.845000,2026-09-04T14:56:16.845000,2026-09-04T14:56:17.265568,2026-09-04T14:56:17.265568,2026-09-04T14:56:16.845000,eae529490b8a9249732a5f6c,,678512f9af8dc40008666522,Serving,Serving job,,Serving job updated\nproofServeStatus: IN_PROGRESS\nstatus: IN_PROGRESS,"{""flags"": [], ""status"": ""IN_PROGRESS"", ""client_id"": ""678512feaf8dc40008666581"", ""origin_id"": ""6a96dd2324ccd082e3ab6d35"", ""service_id"": ""6a85bd9c9a7da49167ff53af"", ""attempt_status"": null, ""job_created_at"": ""2026-09-01 14:11:47.834+00"", ""recipient_name"": {""last"": ""Sorlie "", ""first"": ""Nadia "", ""middle"": ""Tessa""}, ""recipient_type"": ""INDIVIDUAL"", ""updated_fields"": {""status"": ""IN_PROGRESS"", ""proofServeStatus"": ""IN_PROGRESS""}, ""origin_platform"": ""MongoDB"", ""document_mappings"": [{""documentId"": {""$oid"": ""6a96dcc104ef5ad5196d29af""}, ""proofServeDocumentId"": 2992225, ""proofServeDocumentName"": ""Issued Summons_Sorlie.pdf""}, {""documentId"": {""$oid"": ""6a96d08904ef5ad5196d1589""}, ""proofServeDocumentId"": 2992221, ""proofServeDocumentName"": ""074038651 Document_0002.pdf""}, {""documentId"": {""$oid"": ""6a96d08904ef5ad5196d1587""}, ""proofServeDocumentId"": 2992219, ""proofServeDocumentName"": ""074038651 Document_0001.pdf""}, {""documentId"": {""$oid"": ""6a96d08904ef5ad5196d1583""}, ""proofServeDocumentId"": 2992228, ""proofServeDocumentName"": ""074038651 Document_0007.pdf""}, {""documentId"": {""$oid"": ""6a96d089a304b09a09495cf1""}, ""proofServeDocumentId"": 2992227, ""proofServeDocumentName"": ""074038651 Document_0009.pdf""}, {""documentId"": {""$oid"": ""6a96d08904ef5ad5196d157d""}, ""proofServeDocumentId"": 2992229, ""proofServeDocumentName"": ""074038651 Notice of Limited Appearance.pdf""}, {""documentId"": {""$oid"": ""6a96d08904ef5ad5196d1585""}, ""proofServeDocumentId"": 2992230, ""proofServeDocumentName"": ""074038651 Document_0006.pdf""}, {""documentId"": {""$oid"": ""6a96d089a304b09a09495cf5""}, ""proofServeDocumentId"": 2992223, ""proofServeDocumentName"": ""074038651 Petition for Dissolution of Marriage.pdf""}, {""documentId"": {""$oid"": ""6a96d08904ef5ad5196d157f""}, ""proofServeDocumentId"": 2992226, ""proofServeDocumentName"": ""074038651 Document_0012.pdf""}, {""documentId"": {""$oid"": ""6a96d08904ef5ad5196d1581""}, ""proofServeDocumentId"": 2992222, ""proofServeDocumentName"": ""074038651 Notice Of Confidential Information Within Court Filing.pdf""}, {""documentId"": {""$oid"": ""6a96d089a304b09a09495cef""}, ""proofServeDocumentId"": 2992224, ""proofServeDocumentName"": ""074038651 Document_0011.pdf""}], ""proof_serve_status"": ""IN_PROGRESS"", ""serving_attempt_id"": null, ""attempt_description"": null, ""recipient_addresses"": [{""city"": ""Sarasota"", ""type"": ""HOME"", ""state"": ""FL"", ""street"": ""1087 Blue Heron Way"", ""zipCode"": ""34234"", ""isPrimary"": true}], ""current_proof_job_id"": 2019012, ""current_attempt_number"": 0, ""related_proof_jobs_ids"": [2019012], ""serve_pricing_id_selected"": 39, ""does_include_file_affidavit"": false, ""serve_pricing_name_selected"": ""Standard""}",timeline
50d1d57a-9060-5701-b777-cfa67d24f717,2026-09-04T14:56:17.018000,2026-09-04T14:56:17.018000,2026-09-04T14:56:18.275441,2026-09-04T14:56:18.275441,2026-09-04T14:56:17.018000,eae529490b8a9249732a5f6c,,678512f9af8dc40008666522,Serving,Serving job,,Serving job updated\ncurrentAttemptNumber: 1\nAttempt status: FAILED,"{""flags"": [], ""status"": ""IN_PROGRESS"", ""client_id"": ""678512feaf8dc40008666581"", ""origin_id"": ""6a96dd2324ccd082e3ab6d35"", ""service_id"": ""6a85bd9c9a7da49167ff53af"", ""attempt_status"": ""FAILED"", ""job_created_at"": ""2026-09-01 14:11:47.834+00"", ""recipient_name"": {""last"": ""Sorlie "", ""first"": ""Nadia "", ""middle"": ""Tessa""}, ""recipient_type"": ""INDIVIDUAL"", ""updated_fields"": {""currentAttemptNumber"": 1}, ""origin_platform"": ""MongoDB"", ""document_mappings"": [{""documentId"": {""$oid"": ""6a96dcc104ef5ad5196d29af""}, ""proofServeDocumentId"": 2992225, ""proofServeDocumentName"": ""Issued Summons_Sorlie.pdf""}, {""documentId"": {""$oid"": ""6a96d08904ef5ad5196d1589""}, ""proofServeDocumentId"": 2992221, ""proofServeDocumentName"": ""074038651 Document_0002.pdf""}, {""documentId"": {""$oid"": ""6a96d08904ef5ad5196d1587""}, ""proofServeDocumentId"": 2992219, ""proofServeDocumentName"": ""074038651 Document_0001.pdf""}, {""documentId"": {""$oid"": ""6a96d08904ef5ad5196d1583""}, ""proofServeDocumentId"": 2992228, ""proofServeDocumentName"": ""074038651 Document_0007.pdf""}, {""documentId"": {""$oid"": ""6a96d089a304b09a09495cf1""}, ""proofServeDocumentId"": 2992227, ""proofServeDocumentName"": ""074038651 Document_0009.pdf""}, {""documentId"": {""$oid"": ""6a96d08904ef5ad5196d157d""}, ""proofServeDocumentId"": 2992229, ""proofServeDocumentName"": ""074038651 Notice of Limited Appearance.pdf""}, {""documentId"": {""$oid"": ""6a96d08904ef5ad5196d1585""}, ""proofServeDocumentId"": 2992230, ""proofServeDocumentName"": ""074038651 Document_0006.pdf""}, {""documentId"": {""$oid"": ""6a96d089a304b09a09495cf5""}, ""proofServeDocumentId"": 2992223, ""proofServeDocumentName"": ""074038651 Petition for Dissolution of Marriage.pdf""}, {""documentId"": {""$oid"": ""6a96d08904ef5ad5196d157f""}, ""proofServeDocumentId"": 2992226, ""proofServeDocumentName"": ""074038651 Document_0012.pdf""}, {""documentId"": {""$oid"": ""6a96d08904ef5ad5196d1581""}, ""proofServeDocumentId"": 2992222, ""proofServeDocumentName"": ""074038651 Notice Of Confidential Information Within Court Filing.pdf""}, {""documentId"": {""$oid"": ""6a96d089a304b09a09495cef""}, ""proofServeDocumentId"": 2992224, ""proofServeDocumentName"": ""074038651 Document_0011.pdf""}], ""proof_serve_status"": ""IN_PROGRESS"", ""serving_attempt_id"": ""6a9adc111b52fcfb6375575c"", ""attempt_description"": ""I spoke with a resident at the location, who stated that they know the subject but confirmed the subject does not reside at this address. No vehicles were observed at the location. I also spoke with the subject's grandmother, who confirmed that this is her house. I left my contact information with the subject's grandmother in hopes she will have the subject call me."", ""recipient_addresses"": [{""city"": ""Sarasota"", ""type"": ""HOME"", ""state"": ""FL"", ""street"": ""1087 Blue Heron Way"", ""zipCode"": ""34234"", ""isPrimary"": true}], ""current_proof_job_id"": 2019012, ""current_attempt_number"": 1, ""related_proof_jobs_ids"": [2019012], ""serve_pricing_id_selected"": 39, ""does_include_file_affidavit"": false, ""serve_pricing_name_selected"": ""Standard""}",timeline
8d798c80-1d9b-5879-957a-91c6c3cca539,2026-09-04T15:07:14.979000,2026-09-04T15:07:14.979000,2026-09-04T15:07:15.370750,2026-09-04T15:07:15.370750,2026-09-04T15:07:14.979000,eae529490b8a9249732a5f6c,,678512f9af8dc40008666522,Marbles,Status_Change,,Type: SERVING\nChange: Created,"{""done"": false, ""type"": ""SERVING"", ""skipped"": false, ""metadata"": {""notes"": ""I spoke with a resident at the location, who stated that they know the subject but confirmed the subject does not reside at this address. No vehicles were observed at the location. I also spoke with the subject's grandmother, who confirmed that this is her house. I left my contact information with the subject's grandmother in hopes she will have the subject call me."", ""caseId"": ""eae529490b8a9249732a5f6c"", ""status"": ""FAILED"", ""address"": ""1087 Blue Heron Way, Sarasota, FL 34234"", ""serviceId"": ""6a85bd9c9a7da49167ff53af"", ""attemptedAt"": {""$date"": 1788533776253}, ""servingJobId"": ""6a96dd2324ccd082e3ab6d35"", ""attemptNumber"": 1, ""recipientName"": {""last"": ""Sorlie "", ""first"": ""Nadia "", ""middle"": ""Tessa""}, ""recipientType"": ""INDIVIDUAL"", ""servingAttemptId"": ""6a9adc111b52fcfb6375575c"", ""isServingSucceeded"": false}, ""origin_id"": ""6a85c7cce670514997d5b4c5"", ""update_type"": ""created"", ""is_skippable"": false, ""reference_id"": ""6a9adc111b52fcfb6375575c"", ""origin_platform"": ""MongoDB"", ""marble_instance_id"": ""6a9adea24eee86245fc8ae65""}",timeline
4ff34ce8-b4c7-59b4-a0b1-1bf258e63ea6,2026-09-04T15:07:31.462000,2026-09-04T15:07:31.462000,2026-09-04T15:07:32.269458,2026-09-04T15:07:32.269458,2026-09-04T15:07:31.462000,eae529490b8a9249732a5f6c,,678512f9af8dc40008666522,Marbles,Status_Change,,Type: SERVING\nChange: Done,"{""done"": true, ""type"": ""SERVING"", ""skipped"": false, ""metadata"": {""notes"": ""I spoke with a resident at the location, who stated that they know the subject but confirmed the subject does not reside at this address. No vehicles were observed at the location. I also spoke with the subject's grandmother, who confirmed that this is her house. I left my contact information with the subject's grandmother in hopes she will have the subject call me."", ""caseId"": ""eae529490b8a9249732a5f6c"", ""status"": ""FAILED"", ""address"": ""1087 Blue Heron Way, Sarasota, FL 34234"", ""serviceId"": ""6a85bd9c9a7da49167ff53af"", ""attemptedAt"": {""$date"": 1788533776253}, ""servingJobId"": ""6a96dd2324ccd082e3ab6d35"", ""attemptNumber"": 1, ""recipientName"": {""last"": ""Sorlie "", ""first"": ""Nadia "", ""middle"": ""Tessa""}, ""recipientType"": ""INDIVIDUAL"", ""servingAttemptId"": ""6a9adc111b52fcfb6375575c"", ""isServingSucceeded"": false}, ""origin_id"": ""6a85c7cce670514997d5b4c5"", ""update_type"": ""done"", ""is_skippable"": false, ""reference_id"": ""6a9adc111b52fcfb6375575c"", ""origin_platform"": ""MongoDB"", ""marble_instance_id"": ""6a9adea24eee86245fc8ae65""}",timeline
942853ee-bf19-547b-ae1a-6f4ce2c27d37,2026-09-04T15:07:31.761000,2026-09-04T15:07:31.761000,2026-09-04T15:07:32.269458,2026-09-04T15:07:32.269458,2026-09-04T15:07:31.761000,eae529490b8a9249732a5f6c,,678512f9af8dc40008666522,Marbles,Status_Change,,Type: CSAT_14D\nChange: Created,"{""done"": false, ""type"": ""CSAT_14D"", ""skipped"": false, ""metadata"": {}, ""origin_id"": ""6a85c7cce670514997d5b4c5"", ""update_type"": ""created"", ""is_skippable"": true, ""reference_id"": ""CSAT_14D"", ""origin_platform"": ""MongoDB"", ""marble_instance_id"": ""6a9adeb37812427f690d1c9f""}",timeline
75d1ce10-cdb5-5379-92fc-8947cd84778e,2026-09-04T15:07:38.916000,2026-09-04T15:07:38.916000,2026-09-04T15:07:39.216651,2026-09-04T15:07:39.216651,2026-09-04T15:07:38.916000,eae529490b8a9249732a5f6c,,678512f9af8dc40008666522,Feedback,D14,,Feedback Filled (D14)\nRating: 4/5 Stars,"{""type"": ""D14"", ""rating"": 4, ""source"": ""PORTAL"", ""is_skip"": false, ""origin_id"": ""6a9adeba9c81a2232e4894b8"", ""questions"": [], ""origin_platform"": ""MongoDB""}",timeline
74920721-e1d6-5d58-b5c6-ac8a9f7aed95,2026-09-04T15:07:41.117000,2026-09-04T15:07:41.117000,2026-09-04T15:07:42.269093,2026-09-04T15:07:42.269093,2026-09-04T15:07:41.117000,eae529490b8a9249732a5f6c,,678512f9af8dc40008666522,Marbles,Status_Change,,Type: CSAT_14D\nChange: Done,"{""done"": true, ""type"": ""CSAT_14D"", ""skipped"": false, ""metadata"": {}, ""origin_id"": ""6a85c7cce670514997d5b4c5"", ""update_type"": ""done"", ""is_skippable"": true, ""reference_id"": ""CSAT_14D"", ""origin_platform"": ""MongoDB"", ""marble_instance_id"": ""6a9adeb37812427f690d1c9f""}",timeline
c4826470-f553-538a-98e9-1aaef60874e8,2026-09-04T15:54:29.937000,2026-09-04T15:54:29.937000,2026-09-04T15:54:30.344367,2026-09-04T15:54:30.344367,2026-09-04T15:54:29.937000,eae529490b8a9249732a5f6c,,678512f9af8dc40008666522,Serving,Serving job,,"Serving job updated\nflags: [{createdAt:{$date:1788537269936},createdById:19778,createdByName:Rowan Petrakis,createdByType:PROOF,description:Your server has flagged the job as a Bad Address. I spoke with a resident at the location, who stated that they know the subject but confirmed the subject does not reside at this address. No vehicles were observed at the location. I also spoke with the subject's grandmother, who confirmed that this is her house. I left my contact information with the subject's grandmother in hopes she will have the subject call me.,flagId:852088,isResolved:false,proofCreatedAt:{$date:1788537269905},type:SERVE_ADDRESS_ACTION}]","{""flags"": [{""type"": ""SERVE_ADDRESS_ACTION"", ""flagId"": 852088, ""createdAt"": {""$date"": 1788537269936}, ""isResolved"": false, ""createdById"": 19778, ""description"": ""Your server has flagged the job as a Bad Address. I spoke with a resident at the location, who stated that they know the subject but confirmed the subject does not reside at this address. No vehicles were observed at the location. I also spoke with the subject's grandmother, who confirmed that this is her house. I left my contact information with the subject's grandmother in hopes she will have the subject call me."", ""createdByName"": ""Rowan Petrakis"", ""createdByType"": ""PROOF"", ""proofCreatedAt"": {""$date"": 1788537269905}}], ""status"": ""IN_PROGRESS"", ""client_id"": ""678512feaf8dc40008666581"", ""origin_id"": ""6a96dd2324ccd082e3ab6d35"", ""service_id"": ""6a85bd9c9a7da49167ff53af"", ""attempt_status"": null, ""job_created_at"": ""2026-09-01 14:11:47.834+00"", ""recipient_name"": {""last"": ""Sorlie "", ""first"": ""Nadia "", ""middle"": ""Tessa""}, ""recipient_type"": ""INDIVIDUAL"", ""updated_fields"": {""flags"": [{""type"": ""SERVE_ADDRESS_ACTION"", ""flagId"": 852088, ""createdAt"": {""$date"": 1788537269936}, ""isResolved"": false, ""createdById"": 19778, ""description"": ""Your server has flagged the job as a Bad Address. I spoke with a resident at the location, who stated that they know the subject but confirmed the subject does not reside at this address. No vehicles were observed at the location. I also spoke with the subject's grandmother, who confirmed that this is her house. I left my contact information with the subject's grandmother in hopes she will have the subject call me."", ""createdByName"": ""Rowan Petrakis"", ""createdByType"": ""PROOF"", ""proofCreatedAt"": {""$date"": 1788537269905}}]}, ""origin_platform"": ""MongoDB"", ""document_mappings"": [{""documentId"": {""$oid"": ""6a96dcc104ef5ad5196d29af""}, ""proofServeDocumentId"": 2992225, ""proofServeDocumentName"": ""Issued Summons_Sorlie.pdf""}, {""documentId"": {""$oid"": ""6a96d08904ef5ad5196d1589""}, ""proofServeDocumentId"": 2992221, ""proofServeDocumentName"": ""074038651 Document_0002.pdf""}, {""documentId"": {""$oid"": ""6a96d08904ef5ad5196d1587""}, ""proofServeDocumentId"": 2992219, ""proofServeDocumentName"": ""074038651 Document_0001.pdf""}, {""documentId"": {""$oid"": ""6a96d08904ef5ad5196d1583""}, ""proofServeDocumentId"": 2992228, ""proofServeDocumentName"": ""074038651 Document_0007.pdf""}, {""documentId"": {""$oid"": ""6a96d089a304b09a09495cf1""}, ""proofServeDocumentId"": 2992227, ""proofServeDocumentName"": ""074038651 Document_0009.pdf""}, {""documentId"": {""$oid"": ""6a96d08904ef5ad5196d157d""}, ""proofServeDocumentId"": 2992229, ""proofServeDocumentName"": ""074038651 Notice of Limited Appearance.pdf""}, {""documentId"": {""$oid"": ""6a96d08904ef5ad5196d1585""}, ""proofServeDocumentId"": 2992230, ""proofServeDocumentName"": ""074038651 Document_0006.pdf""}, {""documentId"": {""$oid"": ""6a96d089a304b09a09495cf5""}, ""proofServeDocumentId"": 2992223, ""proofServeDocumentName"": ""074038651 Petition for Dissolution of Marriage.pdf""}, {""documentId"": {""$oid"": ""6a96d08904ef5ad5196d157f""}, ""proofServeDocumentId"": 2992226, ""proofServeDocumentName"": ""074038651 Document_0012.pdf""}, {""documentId"": {""$oid"": ""6a96d08904ef5ad5196d1581""}, ""proofServeDocumentId"": 2992222, ""proofServeDocumentName"": ""074038651 Notice Of Confidential Information Within Court Filing.pdf""}, {""documentId"": {""$oid"": ""6a96d089a304b09a09495cef""}, ""proofServeDocumentId"": 2992224, ""proofServeDocumentName"": ""074038651 Document_0011.pdf""}], ""proof_serve_status"": ""IN_PROGRESS"", ""serving_attempt_id"": null, ""attempt_description"": null, ""recipient_addresses"": [{""city"": ""Sarasota"", ""type"": ""HOME"", ""state"": ""FL"", ""street"": ""1087 Blue Heron Way"", ""zipCode"": ""34234"", ""isPrimary"": true}], ""current_proof_job_id"": 2019012, ""current_attempt_number"": 1, ""related_proof_jobs_ids"": [2019012], ""serve_pricing_id_selected"": 39, ""does_include_file_affidavit"": false, ""serve_pricing_name_selected"": ""Standard""}",timeline
df77e18d-f8a1-5e3a-82ab-7717ea00edc6,2026-09-04T16:35:56.726000,2026-09-04T16:35:56.726000,2026-09-04T16:35:57.398924,2026-09-04T16:35:57.398924,2026-09-04T16:35:56.726000,eae529490b8a9249732a5f6c,,678512f9af8dc40008666522,Serving,Serving job,,Serving job updated\ncurrentAttemptNumber: 2\nAttempt status: SUCCEEDED,"{""flags"": [{""type"": ""SERVE_ADDRESS_ACTION"", ""flagId"": 852088, ""createdAt"": {""$date"": 1788537269936}, ""isResolved"": false, ""createdById"": 19778, ""description"": ""Your server has flagged the job as a Bad Address. I spoke with a resident at the location, who stated that they know the subject but confirmed the subject does not reside at this address. No vehicles were observed at the location. I also spoke with the subject's grandmother, who confirmed that this is her house. I left my contact information with the subject's grandmother in hopes she will have the subject call me."", ""createdByName"": ""Rowan Petrakis"", ""createdByType"": ""PROOF"", ""proofCreatedAt"": {""$date"": 1788537269905}}], ""status"": ""IN_PROGRESS"", ""client_id"": ""678512feaf8dc40008666581"", ""origin_id"": ""6a96dd2324ccd082e3ab6d35"", ""service_id"": ""6a85bd9c9a7da49167ff53af"", ""attempt_status"": ""SUCCEEDED"", ""job_created_at"": ""2026-09-01 14:11:47.834+00"", ""recipient_name"": {""last"": ""Sorlie "", ""first"": ""Nadia "", ""middle"": ""Tessa""}, ""recipient_type"": ""INDIVIDUAL"", ""updated_fields"": {""currentAttemptNumber"": 2}, ""origin_platform"": ""MongoDB"", ""document_mappings"": [{""documentId"": {""$oid"": ""6a96dcc104ef5ad5196d29af""}, ""proofServeDocumentId"": 2992225, ""proofServeDocumentName"": ""Issued Summons_Sorlie.pdf""}, {""documentId"": {""$oid"": ""6a96d08904ef5ad5196d1589""}, ""proofServeDocumentId"": 2992221, ""proofServeDocumentName"": ""074038651 Document_0002.pdf""}, {""documentId"": {""$oid"": ""6a96d08904ef5ad5196d1587""}, ""proofServeDocumentId"": 2992219, ""proofServeDocumentName"": ""074038651 Document_0001.pdf""}, {""documentId"": {""$oid"": ""6a96d08904ef5ad5196d1583""}, ""proofServeDocumentId"": 2992228, ""proofServeDocumentName"": ""074038651 Document_0007.pdf""}, {""documentId"": {""$oid"": ""6a96d089a304b09a09495cf1""}, ""proofServeDocumentId"": 2992227, ""proofServeDocumentName"": ""074038651 Document_0009.pdf""}, {""documentId"": {""$oid"": ""6a96d08904ef5ad5196d157d""}, ""proofServeDocumentId"": 2992229, ""proofServeDocumentName"": ""074038651 Notice of Limited Appearance.pdf""}, {""documentId"": {""$oid"": ""6a96d08904ef5ad5196d1585""}, ""proofServeDocumentId"": 2992230, ""proofServeDocumentName"": ""074038651 Document_0006.pdf""}, {""documentId"": {""$oid"": ""6a96d089a304b09a09495cf5""}, ""proofServeDocumentId"": 2992223, ""proofServeDocumentName"": ""074038651 Petition for Dissolution of Marriage.pdf""}, {""documentId"": {""$oid"": ""6a96d08904ef5ad5196d157f""}, ""proofServeDocumentId"": 2992226, ""proofServeDocumentName"": ""074038651 Document_0012.pdf""}, {""documentId"": {""$oid"": ""6a96d08904ef5ad5196d1581""}, ""proofServeDocumentId"": 2992222, ""proofServeDocumentName"": ""074038651 Notice Of Confidential Information Within Court Filing.pdf""}, {""documentId"": {""$oid"": ""6a96d089a304b09a09495cef""}, ""proofServeDocumentId"": 2992224, ""proofServeDocumentName"": ""074038651 Document_0011.pdf""}], ""proof_serve_status"": ""IN_PROGRESS"", ""serving_attempt_id"": ""6a9af36c1b52fcfb63755cd9"", ""attempt_description"": ""A member of the US military."", ""recipient_addresses"": [{""city"": ""Sarasota"", ""type"": ""HOME"", ""state"": ""FL"", ""street"": ""1087 Blue Heron Way"", ""zipCode"": ""34234"", ""isPrimary"": true}], ""current_proof_job_id"": 2019012, ""current_attempt_number"": 2, ""related_proof_jobs_ids"": [2019012], ""serve_pricing_id_selected"": 39, ""does_include_file_affidavit"": false, ""serve_pricing_name_selected"": ""Standard""}",timeline
6eed8993-2d24-50f2-b741-8887b814a0d1,2026-09-04T16:35:56.728000,2026-09-04T16:35:56.728000,2026-09-04T16:35:57.398924,2026-09-04T16:35:57.398924,2026-09-04T16:35:56.728000,eae529490b8a9249732a5f6c,,678512f9af8dc40008666522,Serving,Serving job,,Serving job updated\nproofServeStatus: PENDING_NOTARY\nservingOutcome: SUCCESSFUL\nstatus: AWAITING_AFFIDAVIT\nsuccessfulAt: 2026-09-04 16:35:55,"{""flags"": [{""type"": ""SERVE_ADDRESS_ACTION"", ""flagId"": 852088, ""createdAt"": {""$date"": 1788537269936}, ""isResolved"": false, ""createdById"": 19778, ""description"": ""Your server has flagged the job as a Bad Address. I spoke with a resident at the location, who stated that they know the subject but confirmed the subject does not reside at this address. No vehicles were observed at the location. I also spoke with the subject's grandmother, who confirmed that this is her house. I left my contact information with the subject's grandmother in hopes she will have the subject call me."", ""createdByName"": ""Rowan Petrakis"", ""createdByType"": ""PROOF"", ""proofCreatedAt"": {""$date"": 1788537269905}}], ""status"": ""AWAITING_AFFIDAVIT"", ""client_id"": ""678512feaf8dc40008666581"", ""origin_id"": ""6a96dd2324ccd082e3ab6d35"", ""service_id"": ""6a85bd9c9a7da49167ff53af"", ""attempt_status"": null, ""job_created_at"": ""2026-09-01 14:11:47.834+00"", ""recipient_name"": {""last"": ""Sorlie "", ""first"": ""Nadia "", ""middle"": ""Tessa""}, ""recipient_type"": ""INDIVIDUAL"", ""updated_fields"": {""status"": ""AWAITING_AFFIDAVIT"", ""successfulAt"": ""2026-09-04 16:35:55.618+00"", ""servingOutcome"": ""SUCCESSFUL"", ""proofServeStatus"": ""PENDING_NOTARY""}, ""origin_platform"": ""MongoDB"", ""document_mappings"": [{""documentId"": {""$oid"": ""6a96dcc104ef5ad5196d29af""}, ""proofServeDocumentId"": 2992225, ""proofServeDocumentName"": ""Issued Summons_Sorlie.pdf""}, {""documentId"": {""$oid"": ""6a96d08904ef5ad5196d1589""}, ""proofServeDocumentId"": 2992221, ""proofServeDocumentName"": ""074038651 Document_0002.pdf""}, {""documentId"": {""$oid"": ""6a96d08904ef5ad5196d1587""}, ""proofServeDocumentId"": 2992219, ""proofServeDocumentName"": ""074038651 Document_0001.pdf""}, {""documentId"": {""$oid"": ""6a96d08904ef5ad5196d1583""}, ""proofServeDocumentId"": 2992228, ""proofServeDocumentName"": ""074038651 Document_0007.pdf""}, {""documentId"": {""$oid"": ""6a96d089a304b09a09495cf1""}, ""proofServeDocumentId"": 2992227, ""proofServeDocumentName"": ""074038651 Document_0009.pdf""}, {""documentId"": {""$oid"": ""6a96d08904ef5ad5196d157d""}, ""proofServeDocumentId"": 2992229, ""proofServeDocumentName"": ""074038651 Notice of Limited Appearance.pdf""}, {""documentId"": {""$oid"": ""6a96d08904ef5ad5196d1585""}, ""proofServeDocumentId"": 2992230, ""proofServeDocumentName"": ""074038651 Document_0006.pdf""}, {""documentId"": {""$oid"": ""6a96d089a304b09a09495cf5""}, ""proofServeDocumentId"": 2992223, ""proofServeDocumentName"": ""074038651 Petition for Dissolution of Marriage.pdf""}, {""documentId"": {""$oid"": ""6a96d08904ef5ad5196d157f""}, ""proofServeDocumentId"": 2992226, ""proofServeDocumentName"": ""074038651 Document_0012.pdf""}, {""documentId"": {""$oid"": ""6a96d08904ef5ad5196d1581""}, ""proofServeDocumentId"": 2992222, ""proofServeDocumentName"": ""074038651 Notice Of Confidential Information Within Court Filing.pdf""}, {""documentId"": {""$oid"": ""6a96d089a304b09a09495cef""}, ""proofServeDocumentId"": 2992224, ""proofServeDocumentName"": ""074038651 Document_0011.pdf""}], ""proof_serve_status"": ""PENDING_NOTARY"", ""serving_attempt_id"": null, ""attempt_description"": null, ""recipient_addresses"": [{""city"": ""Sarasota"", ""type"": ""HOME"", ""state"": ""FL"", ""street"": ""1087 Blue Heron Way"", ""zipCode"": ""34234"", ""isPrimary"": true}], ""current_proof_job_id"": 2019012, ""current_attempt_number"": 2, ""related_proof_jobs_ids"": [2019012], ""serve_pricing_id_selected"": 39, ""does_include_file_affidavit"": false, ""serve_pricing_name_selected"": ""Standard""}",timeline
7d5407b3-e40d-58c7-b2a9-5d1c9d1375c2,2026-09-04T16:35:56.796000,2026-09-04T16:35:56.796000,2026-09-04T16:35:57.398924,2026-09-04T16:35:57.398924,2026-09-04T16:35:56.796000,eae529490b8a9249732a5f6c,668d51df8a63d40008c63c34,678512f9af8dc40008666522,Service,Milestone Update,,Service Name: Idris Sorlie - Marble Petition for Dissolution of Marriage\nMilestone Name: Filing & serving\nChange Type: Milestone progressed,"{""service_id"": ""6a85bd9c9a7da49167ff53af"", ""document_ids"": [], ""milestone_id"": ""69668e12279c583aa7272ba0"", ""service_name"": ""Idris Sorlie - Marble Petition for Dissolution of Marriage"", ""milestone_name"": ""Filing & serving"", ""milestone_step"": ""Serving completed"", ""origin_platform"": ""MongoDB"", ""service_type_id"": ""69272dfbe62a4c8be37e7cef"", ""service_type_name"": ""Marble Petition for Dissolution of Marriage"", ""milestone_updated_by"": ""668d51df8a63d40008c63c35"", ""milestone_change_type"": ""Milestone progressed"", ""service_percent_completed"": 93.75, ""milestone_percent_completed"": 100, ""prev_milestone_percent_completed"": 75}",timeline
d3c1a7fb-5123-5ee8-b9d6-0234f0f27f38,2026-09-04T16:35:56.880000,2026-09-04T16:35:56.880000,2026-09-04T16:35:57.398924,2026-09-04T16:35:57.398924,2026-09-04T16:35:56.880000,eae529490b8a9249732a5f6c,668d51df8a63d40008c63c34,678512f9af8dc40008666522,Case Update,General,,"Your opposing party has been successfully served! Once they respond or if the 20-day deadline passes with no response, please go ahead and book a call with me to discuss the next steps.\n\nI’ve added the proof of service to your Documents tab for reference. In the meantime, keep an eye out for any communication from them and let me know if you hear back.","{""source"": ""SYSTEM"", ""origin_id"": ""6a9af36c621515e26a88b7e2"", ""waiting_for"": ""UNASSIGNED"", ""content_header"": null, ""created_by_role"": ""Admin"", ""origin_platform"": ""MongoDB"", ""related_milestone_id"": null, ""is_externally_visible"": true}",timeline
9566f92c-42b0-5728-9f24-2d7acf0956ff,2026-09-04T16:36:42.974000,2026-09-04T16:36:42.974000,2026-09-04T16:36:43.213796,2026-09-04T16:36:43.213796,2026-09-04T16:36:42.974000,eae529490b8a9249732a5f6c,,678512f9af8dc40008666522,Marbles,Status_Change,,Type: SERVING\nChange: Created,"{""done"": false, ""type"": ""SERVING"", ""skipped"": false, ""metadata"": {""notes"": ""A member of the US military."", ""caseId"": ""eae529490b8a9249732a5f6c"", ""status"": ""SUCCEEDED"", ""address"": ""835 Saltmarsh Drive, Parrish, FL 34219-2250"", ""serviceId"": ""6a85bd9c9a7da49167ff53af"", ""attemptedAt"": {""$date"": 1788537840000}, ""servingJobId"": ""6a96dd2324ccd082e3ab6d35"", ""attemptNumber"": 2, ""recipientName"": {""last"": ""Sorlie "", ""first"": ""Nadia "", ""middle"": ""Tessa""}, ""recipientType"": ""INDIVIDUAL"", ""servingAttemptId"": ""6a9af36c1b52fcfb63755cd9"", ""isServingSucceeded"": true}, ""origin_id"": ""6a85c7cce670514997d5b4c5"", ""update_type"": ""created"", ""is_skippable"": false, ""reference_id"": ""6a9af36c1b52fcfb63755cd9"", ""origin_platform"": ""MongoDB"", ""marble_instance_id"": ""6a9af39a7812427f690d259e""}",timeline
fc7187d7-460c-5c3a-9a82-52972767ffe8,2026-09-04T16:37:40.660000,2026-09-04T16:37:40.660000,2026-09-04T16:37:41.282274,2026-09-04T16:37:41.282274,2026-09-04T16:37:40.660000,eae529490b8a9249732a5f6c,,678512f9af8dc40008666522,Marbles,Status_Change,,Type: SERVING\nChange: Done,"{""done"": true, ""type"": ""SERVING"", ""skipped"": false, ""metadata"": {""notes"": ""A member of the US military."", ""caseId"": ""eae529490b8a9249732a5f6c"", ""status"": ""SUCCEEDED"", ""address"": ""835 Saltmarsh Drive, Parrish, FL 34219-2250"", ""serviceId"": ""6a85bd9c9a7da49167ff53af"", ""attemptedAt"": {""$date"": 1788537840000}, ""servingJobId"": ""6a96dd2324ccd082e3ab6d35"", ""attemptNumber"": 2, ""recipientName"": {""last"": ""Sorlie "", ""first"": ""Nadia "", ""middle"": ""Tessa""}, ""recipientType"": ""INDIVIDUAL"", ""servingAttemptId"": ""6a9af36c1b52fcfb63755cd9"", ""isServingSucceeded"": true}, ""origin_id"": ""6a85c7cce670514997d5b4c5"", ""update_type"": ""done"", ""is_skippable"": false, ""reference_id"": ""6a9af36c1b52fcfb63755cd9"", ""origin_platform"": ""MongoDB"", ""marble_instance_id"": ""6a9af39a7812427f690d259e""}",timeline
49bc24ae-c0fd-560a-8232-8f3ad8bb7239,2026-09-04T16:53:34.660000,2026-09-04T16:53:34.660000,2026-09-04T16:53:35.288905,2026-09-04T16:53:35.288905,2026-09-04T16:53:34.660000,eae529490b8a9249732a5f6c,,678512f9af8dc40008666522,Serving,Serving job,,"Serving job updated\nflags.0.isResolved: true\nflags.0.resolutionData: {resolvedAt:{$date:1788540814619},resolvedById:19778,resolvedByName:Rowan Petrakis,resolvedByType:PROOF}","{""flags"": [{""type"": ""SERVE_ADDRESS_ACTION"", ""flagId"": 852088, ""createdAt"": {""$date"": 1788537269936}, ""isResolved"": true, ""createdById"": 19778, ""description"": ""Your server has flagged the job as a Bad Address. I spoke with a resident at the location, who stated that they know the subject but confirmed the subject does not reside at this address. No vehicles were observed at the location. I also spoke with the subject's grandmother, who confirmed that this is her house. I left my contact information with the subject's grandmother in hopes she will have the subject call me."", ""createdByName"": ""Rowan Petrakis"", ""createdByType"": ""PROOF"", ""proofCreatedAt"": {""$date"": 1788537269905}, ""resolutionData"": {""resolvedAt"": {""$date"": 1788540814619}, ""resolvedById"": 19778, ""resolvedByName"": ""Rowan Petrakis"", ""resolvedByType"": ""PROOF""}}], ""status"": ""AWAITING_AFFIDAVIT"", ""client_id"": ""678512feaf8dc40008666581"", ""origin_id"": ""6a96dd2324ccd082e3ab6d35"", ""service_id"": ""6a85bd9c9a7da49167ff53af"", ""attempt_status"": null, ""job_created_at"": ""2026-09-01 14:11:47.834+00"", ""recipient_name"": {""last"": ""Sorlie "", ""first"": ""Nadia "", ""middle"": ""Tessa""}, ""recipient_type"": ""INDIVIDUAL"", ""updated_fields"": {""flags.0.isResolved"": true, ""flags.0.resolutionData"": {""resolvedAt"": {""$date"": 1788540814619}, ""resolvedById"": 19778, ""resolvedByName"": ""Rowan Petrakis"", ""resolvedByType"": ""PROOF""}}, ""origin_platform"": ""MongoDB"", ""document_mappings"": [{""documentId"": {""$oid"": ""6a96dcc104ef5ad5196d29af""}, ""proofServeDocumentId"": 2992225, ""proofServeDocumentName"": ""Issued Summons_Sorlie.pdf""}, {""documentId"": {""$oid"": ""6a96d08904ef5ad5196d1589""}, ""proofServeDocumentId"": 2992221, ""proofServeDocumentName"": ""074038651 Document_0002.pdf""}, {""documentId"": {""$oid"": ""6a96d08904ef5ad5196d1587""}, ""proofServeDocumentId"": 2992219, ""proofServeDocumentName"": ""074038651 Document_0001.pdf""}, {""documentId"": {""$oid"": ""6a96d08904ef5ad5196d1583""}, ""proofServeDocumentId"": 2992228, ""proofServeDocumentName"": ""074038651 Document_0007.pdf""}, {""documentId"": {""$oid"": ""6a96d089a304b09a09495cf1""}, ""proofServeDocumentId"": 2992227, ""proofServeDocumentName"": ""074038651 Document_0009.pdf""}, {""documentId"": {""$oid"": ""6a96d08904ef5ad5196d157d""}, ""proofServeDocumentId"": 2992229, ""proofServeDocumentName"": ""074038651 Notice of Limited Appearance.pdf""}, {""documentId"": {""$oid"": ""6a96d08904ef5ad5196d1585""}, ""proofServeDocumentId"": 2992230, ""proofServeDocumentName"": ""074038651 Document_0006.pdf""}, {""documentId"": {""$oid"": ""6a96d089a304b09a09495cf5""}, ""proofServeDocumentId"": 2992223, ""proofServeDocumentName"": ""074038651 Petition for Dissolution of Marriage.pdf""}, {""documentId"": {""$oid"": ""6a96d08904ef5ad5196d157f""}, ""proofServeDocumentId"": 2992226, ""proofServeDocumentName"": ""074038651 Document_0012.pdf""}, {""documentId"": {""$oid"": ""6a96d08904ef5ad5196d1581""}, ""proofServeDocumentId"": 2992222, ""proofServeDocumentName"": ""074038651 Notice Of Confidential Information Within Court Filing.pdf""}, {""documentId"": {""$oid"": ""6a96d089a304b09a09495cef""}, ""proofServeDocumentId"": 2992224, ""proofServeDocumentName"": ""074038651 Document_0011.pdf""}], ""proof_serve_status"": ""PENDING_NOTARY"", ""serving_attempt_id"": null, ""attempt_description"": null, ""recipient_addresses"": [{""city"": ""Sarasota"", ""type"": ""HOME"", ""state"": ""FL"", ""street"": ""1087 Blue Heron Way"", ""zipCode"": ""34234"", ""isPrimary"": true}], ""current_proof_job_id"": 2019012, ""current_attempt_number"": 2, ""related_proof_jobs_ids"": [2019012], ""serve_pricing_id_selected"": 39, ""does_include_file_affidavit"": false, ""serve_pricing_name_selected"": ""Standard""}",timeline
ea8eef3c-8f76-53a7-85d2-1a9acafaf83d,2026-09-07T20:54:34.920000,2026-09-07T20:54:34.920000,2026-09-07T20:54:35.217037,2026-09-07T20:54:35.217037,2026-09-07T20:54:34.920000,eae529490b8a9249732a5f6c,,678512f9af8dc40008666522,Serving,Serving job,,Serving job updated\nproofServeStatus: IN_REVIEW,"{""flags"": [{""type"": ""SERVE_ADDRESS_ACTION"", ""flagId"": 852088, ""createdAt"": {""$date"": 1788537269936}, ""isResolved"": true, ""createdById"": 19778, ""description"": ""Your server has flagged the job as a Bad Address. I spoke with a resident at the location, who stated that they know the subject but confirmed the subject does not reside at this address. No vehicles were observed at the location. I also spoke with the subject's grandmother, who confirmed that this is her house. I left my contact information with the subject's grandmother in hopes she will have the subject call me."", ""createdByName"": ""Rowan Petrakis"", ""createdByType"": ""PROOF"", ""proofCreatedAt"": {""$date"": 1788537269905}, ""resolutionData"": {""resolvedAt"": {""$date"": 1788540814619}, ""resolvedById"": 19778, ""resolvedByName"": ""Rowan Petrakis"", ""resolvedByType"": ""PROOF""}}], ""status"": ""AWAITING_AFFIDAVIT"", ""client_id"": ""678512feaf8dc40008666581"", ""origin_id"": ""6a96dd2324ccd082e3ab6d35"", ""service_id"": ""6a85bd9c9a7da49167ff53af"", ""attempt_status"": null, ""job_created_at"": ""2026-09-01 14:11:47.834+00"", ""recipient_name"": {""last"": ""Sorlie "", ""first"": ""Nadia "", ""middle"": ""Tessa""}, ""recipient_type"": ""INDIVIDUAL"", ""updated_fields"": {""proofServeStatus"": ""IN_REVIEW""}, ""origin_platform"": ""MongoDB"", ""document_mappings"": [{""documentId"": {""$oid"": ""6a96dcc104ef5ad5196d29af""}, ""proofServeDocumentId"": 2992225, ""proofServeDocumentName"": ""Issued Summons_Sorlie.pdf""}, {""documentId"": {""$oid"": ""6a96d08904ef5ad5196d1589""}, ""proofServeDocumentId"": 2992221, ""proofServeDocumentName"": ""074038651 Document_0002.pdf""}, {""documentId"": {""$oid"": ""6a96d08904ef5ad5196d1587""}, ""proofServeDocumentId"": 2992219, ""proofServeDocumentName"": ""074038651 Document_0001.pdf""}, {""documentId"": {""$oid"": ""6a96d08904ef5ad5196d1583""}, ""proofServeDocumentId"": 2992228, ""proofServeDocumentName"": ""074038651 Document_0007.pdf""}, {""documentId"": {""$oid"": ""6a96d089a304b09a09495cf1""}, ""proofServeDocumentId"": 2992227, ""proofServeDocumentName"": ""074038651 Document_0009.pdf""}, {""documentId"": {""$oid"": ""6a96d08904ef5ad5196d157d""}, ""proofServeDocumentId"": 2992229, ""proofServeDocumentName"": ""074038651 Notice of Limited Appearance.pdf""}, {""documentId"": {""$oid"": ""6a96d08904ef5ad5196d1585""}, ""proofServeDocumentId"": 2992230, ""proofServeDocumentName"": ""074038651 Document_0006.pdf""}, {""documentId"": {""$oid"": ""6a96d089a304b09a09495cf5""}, ""proofServeDocumentId"": 2992223, ""proofServeDocumentName"": ""074038651 Petition for Dissolution of Marriage.pdf""}, {""documentId"": {""$oid"": ""6a96d08904ef5ad5196d157f""}, ""proofServeDocumentId"": 2992226, ""proofServeDocumentName"": ""074038651 Document_0012.pdf""}, {""documentId"": {""$oid"": ""6a96d08904ef5ad5196d1581""}, ""proofServeDocumentId"": 2992222, ""proofServeDocumentName"": ""074038651 Notice Of Confidential Information Within Court Filing.pdf""}, {""documentId"": {""$oid"": ""6a96d089a304b09a09495cef""}, ""proofServeDocumentId"": 2992224, ""proofServeDocumentName"": ""074038651 Document_0011.pdf""}], ""proof_serve_status"": ""IN_REVIEW"", ""serving_attempt_id"": null, ""attempt_description"": null, ""recipient_addresses"": [{""city"": ""Sarasota"", ""type"": ""HOME"", ""state"": ""FL"", ""street"": ""1087 Blue Heron Way"", ""zipCode"": ""34234"", ""isPrimary"": true}], ""current_proof_job_id"": 2019012, ""current_attempt_number"": 2, ""related_proof_jobs_ids"": [2019012], ""serve_pricing_id_selected"": 39, ""does_include_file_affidavit"": false, ""serve_pricing_name_selected"": ""Standard""}",timeline
89669f21-b5a9-593c-a6de-43aef4ee8ecc,2026-09-07T20:55:07.076000,2026-09-07T20:55:07.076000,2026-09-07T20:55:08.340908,2026-09-07T20:55:08.340908,2026-09-07T20:55:07.076000,eae529490b8a9249732a5f6c,,678512f9af8dc40008666522,Serving,Serving job,,Serving job updated\naffidavitStatus: PENDING_EXECUTION\naffidavitUrl: https://api.proofserve.com/v1/jobs/2019012/affidavit/3336298?token=5483ad03-aafe-11f1-9d03-0a58a9feac02&flatten=true\ncompletedAt: 2026-09-07 20:55:06\nproofServeStatus: PENDING_RATING\nstatus: COMPLETED,"{""flags"": [{""type"": ""SERVE_ADDRESS_ACTION"", ""flagId"": 852088, ""createdAt"": {""$date"": 1788537269936}, ""isResolved"": true, ""createdById"": 19778, ""description"": ""Your server has flagged the job as a Bad Address. I spoke with a resident at the location, who stated that they know the subject but confirmed the subject does not reside at this address. No vehicles were observed at the location. I also spoke with the subject's grandmother, who confirmed that this is her house. I left my contact information with the subject's grandmother in hopes she will have the subject call me."", ""createdByName"": ""Rowan Petrakis"", ""createdByType"": ""PROOF"", ""proofCreatedAt"": {""$date"": 1788537269905}, ""resolutionData"": {""resolvedAt"": {""$date"": 1788540814619}, ""resolvedById"": 19778, ""resolvedByName"": ""Rowan Petrakis"", ""resolvedByType"": ""PROOF""}}], ""status"": ""COMPLETED"", ""client_id"": ""678512feaf8dc40008666581"", ""origin_id"": ""6a96dd2324ccd082e3ab6d35"", ""service_id"": ""6a85bd9c9a7da49167ff53af"", ""attempt_status"": null, ""job_created_at"": ""2026-09-01 14:11:47.834+00"", ""recipient_name"": {""last"": ""Sorlie "", ""first"": ""Nadia "", ""middle"": ""Tessa""}, ""recipient_type"": ""INDIVIDUAL"", ""updated_fields"": {""status"": ""COMPLETED"", ""completedAt"": ""2026-09-07 20:55:06.876+00"", ""affidavitUrl"": ""https://api.proofserve.com/v1/jobs/2019012/affidavit/3336298?token=5483ad03-aafe-11f1-9d03-0a58a9feac02&flatten=true"", ""affidavitStatus"": ""PENDING_EXECUTION"", ""proofServeStatus"": ""PENDING_RATING""}, ""origin_platform"": ""MongoDB"", ""document_mappings"": [{""documentId"": {""$oid"": ""6a96dcc104ef5ad5196d29af""}, ""proofServeDocumentId"": 2992225, ""proofServeDocumentName"": ""Issued Summons_Sorlie.pdf""}, {""documentId"": {""$oid"": ""6a96d08904ef5ad5196d1589""}, ""proofServeDocumentId"": 2992221, ""proofServeDocumentName"": ""074038651 Document_0002.pdf""}, {""documentId"": {""$oid"": ""6a96d08904ef5ad5196d1587""}, ""proofServeDocumentId"": 2992219, ""proofServeDocumentName"": ""074038651 Document_0001.pdf""}, {""documentId"": {""$oid"": ""6a96d08904ef5ad5196d1583""}, ""proofServeDocumentId"": 2992228, ""proofServeDocumentName"": ""074038651 Document_0007.pdf""}, {""documentId"": {""$oid"": ""6a96d089a304b09a09495cf1""}, ""proofServeDocumentId"": 2992227, ""proofServeDocumentName"": ""074038651 Document_0009.pdf""}, {""documentId"": {""$oid"": ""6a96d08904ef5ad5196d157d""}, ""proofServeDocumentId"": 2992229, ""proofServeDocumentName"": ""074038651 Notice of Limited Appearance.pdf""}, {""documentId"": {""$oid"": ""6a96d08904ef5ad5196d1585""}, ""proofServeDocumentId"": 2992230, ""proofServeDocumentName"": ""074038651 Document_0006.pdf""}, {""documentId"": {""$oid"": ""6a96d089a304b09a09495cf5""}, ""proofServeDocumentId"": 2992223, ""proofServeDocumentName"": ""074038651 Petition for Dissolution of Marriage.pdf""}, {""documentId"": {""$oid"": ""6a96d08904ef5ad5196d157f""}, ""proofServeDocumentId"": 2992226, ""proofServeDocumentName"": ""074038651 Document_0012.pdf""}, {""documentId"": {""$oid"": ""6a96d08904ef5ad5196d1581""}, ""proofServeDocumentId"": 2992222, ""proofServeDocumentName"": ""074038651 Notice Of Confidential Information Within Court Filing.pdf""}, {""documentId"": {""$oid"": ""6a96d089a304b09a09495cef""}, ""proofServeDocumentId"": 2992224, ""proofServeDocumentName"": ""074038651 Document_0011.pdf""}], ""proof_serve_status"": ""PENDING_RATING"", ""serving_attempt_id"": null, ""attempt_description"": null, ""recipient_addresses"": [{""city"": ""Sarasota"", ""type"": ""HOME"", ""state"": ""FL"", ""street"": ""1087 Blue Heron Way"", ""zipCode"": ""34234"", ""isPrimary"": true}], ""current_proof_job_id"": 2019012, ""current_attempt_number"": 2, ""related_proof_jobs_ids"": [2019012], ""serve_pricing_id_selected"": 39, ""does_include_file_affidavit"": false, ""serve_pricing_name_selected"": ""Standard""}",timeline
f6121a87-ccfc-5062-9187-bb8dc1c25657,2026-09-07T20:55:10.591000,2026-09-07T20:55:10.591000,2026-09-07T20:55:12.296412,2026-09-07T20:55:12.296412,2026-09-07T20:55:10.591000,eae529490b8a9249732a5f6c,,678512f9af8dc40008666522,Documents,Document_Upload,,Document: Uploaded\nFile name: affidavit-6a96dd2324ccd082e3ab6d35.pdf\nSummary: ,"{""labels"": [], ""s3_key"": ""documents/678512f9af8dc40008666522/a0e40372-bbc2-46c7-81c7-2ae7810506c0.pdf"", ""source"": ""PROOFSERVE"", ""summary"": null, ""ai_flags"": [], ""file_name"": ""affidavit-6a96dd2324ccd082e3ab6d35.pdf"", ""file_size"": 621828, ""origin_id"": ""6a9f24ae0c5f06d43a731736"", ""is_duplicate"": false, ""source_param"": null, ""who_uploaded"": ""External user"", ""document_name"": ""General"", ""classification"": null, ""s3_upload_date"": ""2026-09-07 20:55:10.591+00"", ""origin_platform"": ""MongoDB"", ""document_type_id"": ""6515997f20df10000899e3f2"", ""extended_summary"": null, ""thumbnail_s3_key"": null, ""document_category"": ""General"", ""sub_classification"": null, ""customer_visibility"": true, ""document_description"": ""These are general documents that support your case"", ""thumbnail_created_at"": null, ""document_display_name"": ""General"", ""document_how_to_obtain"": ""These are general documents that support your case"", ""unified_document_merge_status"": null, ""document_importance_description"": ""These are general documents that support your case""}",timeline
ebe8c5ea-13c6-53f3-9c38-c680986f774f,2026-09-07T20:55:10.611000,2026-09-07T20:55:10.611000,2026-09-07T20:55:11.287075,2026-09-07T20:55:11.287075,2026-09-07T20:55:10.611000,eae529490b8a9249732a5f6c,,678512f9af8dc40008666522,Serving,Serving job,,Serving job updated\naffidavitFileId: {$oid:6a9f24ae0c5f06d43a731736},"{""flags"": [{""type"": ""SERVE_ADDRESS_ACTION"", ""flagId"": 852088, ""createdAt"": {""$date"": 1788537269936}, ""isResolved"": true, ""createdById"": 19778, ""description"": ""Your server has flagged the job as a Bad Address. I spoke with a resident at the location, who stated that they know the subject but confirmed the subject does not reside at this address. No vehicles were observed at the location. I also spoke with the subject's grandmother, who confirmed that this is her house. I left my contact information with the subject's grandmother in hopes she will have the subject call me."", ""createdByName"": ""Rowan Petrakis"", ""createdByType"": ""PROOF"", ""proofCreatedAt"": {""$date"": 1788537269905}, ""resolutionData"": {""resolvedAt"": {""$date"": 1788540814619}, ""resolvedById"": 19778, ""resolvedByName"": ""Rowan Petrakis"", ""resolvedByType"": ""PROOF""}}], ""status"": ""COMPLETED"", ""client_id"": ""678512feaf8dc40008666581"", ""origin_id"": ""6a96dd2324ccd082e3ab6d35"", ""service_id"": ""6a85bd9c9a7da49167ff53af"", ""attempt_status"": null, ""job_created_at"": ""2026-09-01 14:11:47.834+00"", ""recipient_name"": {""last"": ""Sorlie "", ""first"": ""Nadia "", ""middle"": ""Tessa""}, ""recipient_type"": ""INDIVIDUAL"", ""updated_fields"": {""affidavitFileId"": {""$oid"": ""6a9f24ae0c5f06d43a731736""}}, ""origin_platform"": ""MongoDB"", ""document_mappings"": [{""documentId"": {""$oid"": ""6a96dcc104ef5ad5196d29af""}, ""proofServeDocumentId"": 2992225, ""proofServeDocumentName"": ""Issued Summons_Sorlie.pdf""}, {""documentId"": {""$oid"": ""6a96d08904ef5ad5196d1589""}, ""proofServeDocumentId"": 2992221, ""proofServeDocumentName"": ""074038651 Document_0002.pdf""}, {""documentId"": {""$oid"": ""6a96d08904ef5ad5196d1587""}, ""proofServeDocumentId"": 2992219, ""proofServeDocumentName"": ""074038651 Document_0001.pdf""}, {""documentId"": {""$oid"": ""6a96d08904ef5ad5196d1583""}, ""proofServeDocumentId"": 2992228, ""proofServeDocumentName"": ""074038651 Document_0007.pdf""}, {""documentId"": {""$oid"": ""6a96d089a304b09a09495cf1""}, ""proofServeDocumentId"": 2992227, ""proofServeDocumentName"": ""074038651 Document_0009.pdf""}, {""documentId"": {""$oid"": ""6a96d08904ef5ad5196d157d""}, ""proofServeDocumentId"": 2992229, ""proofServeDocumentName"": ""074038651 Notice of Limited Appearance.pdf""}, {""documentId"": {""$oid"": ""6a96d08904ef5ad5196d1585""}, ""proofServeDocumentId"": 2992230, ""proofServeDocumentName"": ""074038651 Document_0006.pdf""}, {""documentId"": {""$oid"": ""6a96d089a304b09a09495cf5""}, ""proofServeDocumentId"": 2992223, ""proofServeDocumentName"": ""074038651 Petition for Dissolution of Marriage.pdf""}, {""documentId"": {""$oid"": ""6a96d08904ef5ad5196d157f""}, ""proofServeDocumentId"": 2992226, ""proofServeDocumentName"": ""074038651 Document_0012.pdf""}, {""documentId"": {""$oid"": ""6a96d08904ef5ad5196d1581""}, ""proofServeDocumentId"": 2992222, ""proofServeDocumentName"": ""074038651 Notice Of Confidential Information Within Court Filing.pdf""}, {""documentId"": {""$oid"": ""6a96d089a304b09a09495cef""}, ""proofServeDocumentId"": 2992224, ""proofServeDocumentName"": ""074038651 Document_0011.pdf""}], ""proof_serve_status"": ""PENDING_RATING"", ""serving_attempt_id"": null, ""attempt_description"": null, ""recipient_addresses"": [{""city"": ""Sarasota"", ""type"": ""HOME"", ""state"": ""FL"", ""street"": ""1087 Blue Heron Way"", ""zipCode"": ""34234"", ""isPrimary"": true}], ""current_proof_job_id"": 2019012, ""current_attempt_number"": 2, ""related_proof_jobs_ids"": [2019012], ""serve_pricing_id_selected"": 39, ""does_include_file_affidavit"": false, ""serve_pricing_name_selected"": ""Standard""}",timeline
aea00bfe-fbe0-5be1-ba58-a0984a5a2c04,2026-09-08T14:21:53.956000,2026-09-08T14:21:53.956000,2026-09-08T14:21:55.512116,2026-09-08T14:21:55.512116,2026-09-08T14:21:53.956000,eae529490b8a9249732a5f6c,66e9febde456dd0008a1ce6e,678512f9af8dc40008666522,Documents,Document_Upload,,Document: Uploaded\nFile name: Nadia  Tessa Sorlie .pdf\nSummary: ,"{""labels"": [], ""s3_key"": ""documents/678512f9af8dc40008666522/aee6412d-59c5-4fb6-afa3-53c90cfab0f9.pdf"", ""source"": ""EMAIL_PROXY"", ""summary"": null, ""ai_flags"": [], ""file_name"": ""Nadia  Tessa Sorlie .pdf"", ""file_size"": 621086, ""origin_id"": ""6aa01a016aab85f22a96de51"", ""is_duplicate"": false, ""source_param"": null, ""who_uploaded"": ""Internal user"", ""document_name"": ""General"", ""classification"": null, ""s3_upload_date"": ""2026-09-08 14:21:53.956+00"", ""origin_platform"": ""MongoDB"", ""document_type_id"": ""6515997f20df10000899e3f2"", ""extended_summary"": null, ""thumbnail_s3_key"": null, ""document_category"": ""General"", ""sub_classification"": null, ""customer_visibility"": true, ""document_description"": ""These are general documents that support your case"", ""thumbnail_created_at"": null, ""document_display_name"": ""General"", ""document_how_to_obtain"": ""These are general documents that support your case"", ""unified_document_merge_status"": null, ""document_importance_description"": ""These are general documents that support your case""}",timeline
8a94207c-cca3-576d-9923-6ed3bf08694c,2026-09-08T14:21:51.377000,2026-09-08T14:21:51.377000,2026-09-08T14:21:54.504801,2026-09-08T14:22:17.509268,2026-09-08T14:21:53.972000,eae529490b8a9249732a5f6c,66e9febde456dd0008a1ce6e,678512f9af8dc40008666522,Communications,Email,Outbound,"Subject: Your Case with Marble: Service Successful\nBody: Good morning, Idris,\n\nI hope you are doing well.\n\nI am reaching out to confirm that Nadia was successfully served on\nSeptember 1st, meaning she has until September 21st to file an Answer to\nthe Petition.\n\nOnce that deadline passes or an Answer is received, our team will contact\nyou to discuss the next steps in your case. As a reminder, Dana's assistance\nis limited to initiating the case and serving your spouse. For\nany next steps beyond that, we will need to connect you with an attorney in\nour network local to your area.\n\nA Termination of Appearance will be filed to notify the Court that\nDana's representation in this matter has concluded. However, please rest\nassured that Marble will be happy to continue assisting you should you\ndecide to move forward with additional services.\n\nOur team will call you once the deadline passes to confirm your next steps,\nbut please don't hesitate to reach out with any questions in the meantime.\n\nWe appreciate the opportunity to assist you thus far and wish you the very\nbest moving forward!\nBest,\n-- \n\nQuinn Hollingsworth| Family Law Paralegal\n\nshe/her (866) 228-5777 | marble.co\n\nNOTICE OF CONFIDENTIALITY: This email and any attachments are confidential\nand may be protected by attorney-client privilege, constitute attorney work\nproduct, and/or otherwise be exempt from disclosure under applicable law.\nIf you are not the intended recipient, you are hereby notified that any\nuse, dissemination, or copying of this email is strictly prohibited. If you\nhave received this email in error, please immediately notify the sender by\nreplying to this email, then delete the email and reply from your system.\nNothing in this message should be interpreted as a digital signature\ncapable of authenticating a contract or other legal document.\n","{""source"": ""proxy"", ""smtp_id"": ""<3AlCKfKxS623DZ7QsWQjIg@geopod-ismtpd-34>"", ""subject"": ""Your Case with Marble: Service Successful"", ""origin_id"": ""6aa01a01074615e525e0b25c"", ""from_email"": ""quinn.h@themarbleway.com"", ""recipients"": [""idris.so1433@client.marble.co""], ""source_key"": ""e673bec3-3ba6-43ff-a7be-965992af1792"", ""attachments"": [{""name"": ""Nadia  Tessa Sorlie .pdf"", ""mimeType"": ""application/pdf"", ""documentId"": {""$oid"": ""6aa01a016aab85f22a96de51""}}], ""sender_role"": ""Paralegal"", ""carbon_copies"": [""danawhitfield@themarbleway.com""], ""recipient_role"": ""Client"", ""sender_user_id"": ""66e9febde456dd0008a1ce73"", ""origin_platform"": ""MongoDB"", ""recipient_email"": ""idris.so1433@client.marble.co"", ""email_message_id"": ""<CAG4HrW1S0HWePE_2Agg5XTm6ahBP0xEWV5Q9OMTnfEUEiRrNzw@mail.gmail.com>"", ""recipient_user_id"": ""678512feaf8dc40008666581"", ""is_delivery_failed"": false, ""references_message_ids"": null, ""reply_to_email_message_id"": null}",timeline
f92e7344-db4e-5087-9e85-876a914e2227,2026-09-08T14:32:19.057000,2026-09-08T14:32:19.057000,2026-09-08T14:32:21.597675,2026-09-08T14:32:35.641100,2026-09-08T14:32:20.550000,eae529490b8a9249732a5f6c,,678512f9af8dc40008666522,Communications,Email,Outbound,"Subject: SERVICE OF COURT DOCUMENT CASE NUMBER 994927DR793334DRAXMA SORLIE, IDRIS VS SORLIE, NADIA TESSA\nBody: Notice of Service of Court Documents\n\nFiling Information\n\nFiling #:147533756 [https://www.myflcourtaccess.com/nefdocuments/document.nefdd?nai=HmvLFHfM5RzJKyiHtG0i32IQxON1QD2Q] Filing\nTime:09/08/2026 10:32:14 AM ET Filer:Dana Whitfield 941-555-5329 Court:Twelfth Judicial Circuit in and for Manatee County,\nFlorida Case #:994927DR793334DRAXMA Court Case #:7406DR149193AX Case Style:SORLIE, IDRIS VS SORLIE, NADIA TESSA DocumentsClick\non the file name below to download or print your document NOW. The link expires in 14 days\n\nDocuments\n\nTitle File Document(S) For SubmissionNadia Tessa Sorlie .pdf\n[https://www.myflcourtaccess.com/nefdocuments/document.nefdd?nai=HmvLFHfM5RzJKyiHtG0i32IQxON1QD2Q&ds=1]Document(S) For\nSubmissionI. Sorlie Termination.pdf\n[https://www.myflcourtaccess.com/nefdocuments/document.nefdd?nai=HmvLFHfM5RzJKyiHtG0i32IQxON1QD2Q&ds=2]\n\n\nE-service recipients selected for service:\n\nName Email Address Dana Whitfielddanawhitfield@themarbleway.com [danawhitfield@themarbleway.com] Idris Sorlieidrissorlie41180@yahoo.com\n[idrissorlie41180@yahoo.com] idris.so1433@client.marble.co [idris.so1433@client.marble.co] Marble Paralegalquinn.h@themarbleway.com\n[quinn.h@themarbleway.com]\n\nE-service recipients not selected for service:\n\nName Email Address No Matching Entries\n\nThis is an automatic email message generated by the Florida Courts E-Filing Portal. This email address does not receive email.\n\nDocument Access Link(s) will be active for 14 days (excluding weekends) after the Clerk accepts the submission or it is abandoned.\nIn addition to access to the link for 14 days (excluding weekends), the documents will also be available, after acceptance by the\nClerk, to counsel of record in the portal on the My Cases page, by clicking on the case number and then the document name, or by\naccessing the Clerk’s website.\n\nIf you are not associated with this case and wish to be removed, please click here\n[https://www.myflcourtaccess.com/eservice/views/unsubscribe.aspx?nai=HmvLFHfM5RzJKyiHtG0i32IQxON1QD2Q&rid=147533756&ucn=994927DR793334DRAXMA]\nto request to be removed from the E-service list.\n\nThank you,\nThe Florida Courts E-Filing Portal\n\nThe following identifier(s) are associated with this transaction:\n\nrequest_id#:147533756;Audit#:473920615;UCN#:994927DR793334DRAXMA;","{""source"": ""proxy"", ""smtp_id"": ""<CYqONQEzQBe9nD9hOP-R8w@geopod-ismtpd-41>"", ""subject"": ""SERVICE OF COURT DOCUMENT CASE NUMBER 994927DR793334DRAXMA SORLIE, IDRIS VS SORLIE, NADIA TESSA"", ""origin_id"": ""6aa01c7409ba58492423fb1c"", ""from_email"": ""eservice@myflcourtaccess.com"", ""recipients"": [""idris.so1433@client.marble.co""], ""source_key"": ""fc595a14-1906-4e49-ac78-58627e02a423"", ""attachments"": [], ""sender_role"": null, ""carbon_copies"": [], ""recipient_role"": ""Client"", ""sender_user_id"": null, ""origin_platform"": ""MongoDB"", ""recipient_email"": ""idris.so1433@client.marble.co"", ""email_message_id"": ""<MFCRELAY6hkeIsk7mFu00004a7b@MFCRELAY5.myflcourtaccess.com>"", ""recipient_user_id"": ""678512feaf8dc40008666581"", ""is_delivery_failed"": false, ""references_message_ids"": null, ""reply_to_email_message_id"": null}",timeline
fa2eeae5-4cb2-53dc-8975-4c2de720df1c,2026-09-08T14:33:06.980000,2026-09-08T14:33:06.980000,2026-09-08T14:33:09.361124,2026-09-08T14:33:09.361124,2026-09-08T14:33:06.980000,eae529490b8a9249732a5f6c,66e9febde456dd0008a1ce6e,678512f9af8dc40008666522,Documents,Document_Upload,,Document: Uploaded\nFile name: 147533756 Document(S) For Submission (1).pdf\nSummary: ,"{""labels"": [], ""s3_key"": ""documents/678512f9af8dc40008666522/a4ef6a26-30bb-4f3a-a2b8-bf05c7cbaf9a.pdf"", ""source"": ""ATTORNEYS_WEB_APP"", ""summary"": null, ""ai_flags"": [], ""file_name"": ""147533756 Document(S) For Submission (1).pdf"", ""file_size"": 166009, ""origin_id"": ""6aa01ca26aab85f22a96e388"", ""is_duplicate"": false, ""source_param"": null, ""who_uploaded"": ""Internal user"", ""document_name"": ""General"", ""classification"": null, ""s3_upload_date"": ""2026-09-08 14:33:06.98+00"", ""origin_platform"": ""MongoDB"", ""document_type_id"": ""6515997f20df10000899e3f2"", ""extended_summary"": null, ""thumbnail_s3_key"": null, ""document_category"": ""General"", ""sub_classification"": null, ""customer_visibility"": true, ""document_description"": ""These are general documents that support your case"", ""thumbnail_created_at"": null, ""document_display_name"": ""General"", ""document_how_to_obtain"": ""These are general documents that support your case"", ""unified_document_merge_status"": null, ""document_importance_description"": ""These are general documents that support your case""}",timeline
bb1d6fb7-33c7-52ab-b2ef-b533605fb68c,2026-09-08T14:33:07.086000,2026-09-08T14:33:07.086000,2026-09-08T14:33:09.361124,2026-09-08T14:33:09.361124,2026-09-08T14:33:07.086000,eae529490b8a9249732a5f6c,66e9febde456dd0008a1ce6e,678512f9af8dc40008666522,Documents,Document_Upload,,Document: Uploaded\nFile name: 147533756 Document(S) For Submission.pdf\nSummary: ,"{""labels"": [], ""s3_key"": ""documents/678512f9af8dc40008666522/0a8f5374-d277-46fc-92a8-71e6b8a16f46.pdf"", ""source"": ""ATTORNEYS_WEB_APP"", ""summary"": null, ""ai_flags"": [], ""file_name"": ""147533756 Document(S) For Submission.pdf"", ""file_size"": 661593, ""origin_id"": ""6aa01ca26aab85f22a96e383"", ""is_duplicate"": false, ""source_param"": null, ""who_uploaded"": ""Internal user"", ""document_name"": ""General"", ""classification"": null, ""s3_upload_date"": ""2026-09-08 14:33:07.086+00"", ""origin_platform"": ""MongoDB"", ""document_type_id"": ""6515997f20df10000899e3f2"", ""extended_summary"": null, ""thumbnail_s3_key"": null, ""document_category"": ""General"", ""sub_classification"": null, ""customer_visibility"": true, ""document_description"": ""These are general documents that support your case"", ""thumbnail_created_at"": null, ""document_display_name"": ""General"", ""document_how_to_obtain"": ""These are general documents that support your case"", ""unified_document_merge_status"": null, ""document_importance_description"": ""These are general documents that support your case""}",timeline
9845837c-bfac-5e4d-9f02-c936aa136c04,2026-09-08T14:33:17.130000,2026-09-08T14:33:17.130000,2026-09-08T14:33:19.002258,2026-09-08T14:33:19.002258,2026-09-08T14:33:17.130000,eae529490b8a9249732a5f6c,66e9febde456dd0008a1ce6e,678512f9af8dc40008666522,Service,Milestone Update,,Service Name: Idris Sorlie - Marble Petition for Dissolution of Marriage\nMilestone Name: Drafting\nChange Type: Milestone's documents updated,"{""service_id"": ""6a85bd9c9a7da49167ff53af"", ""document_ids"": [{""$oid"": ""6a96d089a304b09a09495cf5""}], ""milestone_id"": ""6630a70cf1ff8d0008199707"", ""service_name"": ""Idris Sorlie - Marble Petition for Dissolution of Marriage"", ""milestone_name"": ""Drafting"", ""milestone_step"": ""Pending petition signatures"", ""origin_platform"": ""MongoDB"", ""service_type_id"": ""69272dfbe62a4c8be37e7cef"", ""service_type_name"": ""Marble Petition for Dissolution of Marriage"", ""milestone_updated_by"": ""66e9febde456dd0008a1ce73"", ""milestone_change_type"": ""Milestone's documents updated"", ""service_percent_completed"": 100, ""milestone_percent_completed"": 100, ""prev_milestone_percent_completed"": 100}",timeline
8e251df2-3e20-54f1-9c27-0dedd2ed89c3,2026-09-08T14:33:17.130000,2026-09-08T14:33:17.130000,2026-09-08T14:33:19.002258,2026-09-08T14:33:19.002258,2026-09-08T14:33:17.130000,eae529490b8a9249732a5f6c,66e9febde456dd0008a1ce6e,678512f9af8dc40008666522,Service,Milestone Update,,Service Name: Idris Sorlie - Marble Petition for Dissolution of Marriage\nMilestone Name: Filing & serving\nChange Type: Milestone's documents updated,"{""service_id"": ""6a85bd9c9a7da49167ff53af"", ""document_ids"": [{""$oid"": ""6aa01ca26aab85f22a96e388""}, {""$oid"": ""6aa01ca26aab85f22a96e383""}], ""milestone_id"": ""69668e12279c583aa7272ba0"", ""service_name"": ""Idris Sorlie - Marble Petition for Dissolution of Marriage"", ""milestone_name"": ""Filing & serving"", ""milestone_step"": ""Serving completed"", ""origin_platform"": ""MongoDB"", ""service_type_id"": ""69272dfbe62a4c8be37e7cef"", ""service_type_name"": ""Marble Petition for Dissolution of Marriage"", ""milestone_updated_by"": ""66e9febde456dd0008a1ce73"", ""milestone_change_type"": ""Milestone's documents updated"", ""service_percent_completed"": 100, ""milestone_percent_completed"": 100, ""prev_milestone_percent_completed"": 100}",timeline
8fdf8313-69bb-5ac7-94fe-cd9eae1159f0,2026-09-08T14:33:40,2026-09-08T14:33:40,2026-09-08T18:08:49.790072,2026-09-08T18:08:49.790072,2026-09-08T14:33:40,eae529490b8a9249732a5f6c,,678512f9af8dc40008666522,Communications,SMS,Outbound,Hi Idris - your attorney posted an update on your case in Marble that may require your attention.\n\nPlease take a moment to review it so you stay fully up to date:\nhttps://sms.marble.co/8gQ1mLJ5,"{""provider"": ""Twilio"", ""to_phone"": ""+19415552093"", ""canvas_id"": null, ""origin_id"": ""6aa01cc20357596fc9095470739d6c91"", ""canvas_name"": null, ""sender_role"": ""System"", ""braze_user_id"": ""6785130dd4bf546543005663"", ""canvas_step_id"": null, ""recipient_role"": ""Client"", ""origin_platform"": ""braze"", ""canvas_step_name"": null, ""subscription_group"": ""5791d911-1294-4c66-b828-83ab545fccf4"", ""canvas_variation_id"": null, ""message_variation_id"": ""01df1a44-2fc3-43e3-8a5f-db96bf649fce""}",timeline
34db65ce-a65a-5b9a-af52-7e7a90fdb1a6,2026-09-08T14:35:43.693000,2026-09-08T14:35:43.693000,2026-09-08T14:35:45.146020,2026-09-08T14:35:45.146020,2026-09-08T14:35:43.693000,eae529490b8a9249732a5f6c,6a3187a5f7fb6411ce26dc3d,678512f9af8dc40008666522,Service,Service Closure,,Service Name: Idris Sorlie - Marble Petition for Dissolution of Marriage\nService Closure: Done,"{""status"": ""DONE"", ""outcome"": ""RECOMMENDED_REPEAT"", ""origin_id"": ""6aa01cad2153eb1d48c3443c"", ""service_id"": ""6a85bd9c9a7da49167ff53af"", ""client_rate"": null, ""service_name"": ""Idris Sorlie - Marble Petition for Dissolution of Marriage"", ""nsc_requested"": null, ""note_for_client"": ""Idris, here are the suggested services depending on if/what the opposing party files:\n- If she does not file a response to your Petition within the deadline: we can add a Motion for Default (request to proceed in the case without her input) and Motion for Final Judgment after Default (obtain a final judgment of divorce without her input). \n- If she files an Answer and Counterpetition: You will need to file an Answer to that Counterpetition within 20 days, exchange Mandatory Disclosures, and set and attend Mediation. \n- If she files an Answer w/o Counterpetition: You will need to exchange Mandatory Disclosures. Once MDs are exchanged, you can set and attend Mediation in an attempt to reach a settlement.\n"", ""origin_platform"": ""MongoDB"", ""repeat_required"": ""true"", ""service_type_id"": ""69272dfbe62a4c8be37e7cef"", ""no_repeat_reason"": null, ""calculated_status"": ""Done"", ""meet_client_goals"": null, ""service_type_name"": ""Marble Petition for Dissolution of Marriage"", ""is_withdrawal_bundle"": null, ""notice_of_withdrawal"": null, ""withdrawal_initiator"": null, ""additional_information"": null, ""service_closure_created_at"": ""2026-09-08 14:35:43.693+00"", ""experience_working_with_client"": null}",timeline
9d6a9b3e-d450-58d2-877b-ceb2f92ef38d,2026-09-08T14:35:43.739000,2026-09-08T14:35:43.739000,2026-09-08T14:35:45.146020,2026-09-08T14:35:45.146020,2026-09-08T14:35:43.739000,eae529490b8a9249732a5f6c,6a3187a5f7fb6411ce26dc3d,678512f9af8dc40008666522,Service,Status_Change,,Service Name: Idris Sorlie - Marble Petition for Dissolution of Marriage\nAction: Service completed,"{""service_id"": ""6a85bd9c9a7da49167ff53af"", ""service_name"": ""Idris Sorlie - Marble Petition for Dissolution of Marriage"", ""status_action"": ""Service completed"", ""service_status"": ""completed"", ""origin_platform"": ""MongoDB"", ""service_type_id"": ""69272dfbe62a4c8be37e7cef"", ""service_type_name"": ""Marble Petition for Dissolution of Marriage"", ""is_express_service"": true, ""service_created_date"": ""2026-08-19 14:28:44.372+00""}",timeline
4fcf63a3-29ae-524c-9ec9-7e7e7b90f462,2026-09-08T14:35:43.835000,2026-09-08T14:35:43.835000,2026-09-08T14:35:45.146020,2026-09-08T14:35:45.146020,2026-09-08T14:35:43.835000,eae529490b8a9249732a5f6c,,678512f9af8dc40008666522,Service,Status_Change,,Service Name: Answer to Petition or Counterpetition- Answer Only\nAction: Service created,"{""service_id"": ""6aa01d3f227deef161e201f0"", ""service_name"": ""Answer to Petition or Counterpetition- Answer Only"", ""status_action"": ""Service created"", ""service_status"": ""pending"", ""origin_platform"": ""MongoDB"", ""service_type_id"": ""62ce89b64b6b84000813e9ea"", ""service_type_name"": ""Answer to Petition or Counterpetition- Answer Only"", ""is_express_service"": false, ""service_created_date"": ""2026-09-08 14:35:43.835+00""}",timeline
d57efdc5-920b-5faa-b60a-d5c2a3acbf90,2026-09-08T14:35:43.836000,2026-09-08T14:35:43.836000,2026-09-08T14:35:45.146020,2026-09-08T14:35:45.146020,2026-09-08T14:35:43.836000,eae529490b8a9249732a5f6c,,678512f9af8dc40008666522,Case,Status_Change,,Action: Case completed,"{""status"": ""accepted"", ""sub_status"": ""completed"", ""intake_notes"": """", ""case_start_date"": ""2026-08-19 15:09:34+00"", ""origin_platform"": ""MongoDB"", ""previous_status"": ""accepted"", ""previous_sub_status"": ""open""}",timeline
08e0dcc4-ff8b-53c9-bb7e-1a9c907d229b,2026-09-08T14:35:43.839000,2026-09-08T14:35:43.839000,2026-09-08T14:35:45.146020,2026-09-08T14:35:45.146020,2026-09-08T14:35:43.839000,eae529490b8a9249732a5f6c,,678512f9af8dc40008666522,Service,Status_Change,,Service Name: Mediation - Half Day\nAction: Service created,"{""service_id"": ""6aa01d3f227deef161e201f5"", ""service_name"": ""Mediation - Half Day"", ""status_action"": ""Service created"", ""service_status"": ""pending"", ""origin_platform"": ""MongoDB"", ""service_type_id"": ""62ce88c04b6b84000813e817"", ""service_type_name"": ""Mediation - Half Day"", ""is_express_service"": false, ""service_created_date"": ""2026-09-08 14:35:43.839+00""}",timeline
76747428-a4d2-5a9f-8123-c8a372964b71,2026-09-08T14:35:43.841000,2026-09-08T14:35:43.841000,2026-09-08T14:35:45.146020,2026-09-08T14:35:45.146020,2026-09-08T14:35:43.841000,eae529490b8a9249732a5f6c,,678512f9af8dc40008666522,Service,Status_Change,,Service Name: Mediation - Half Day\nAction: Service created,"{""service_id"": ""6aa01d3f227deef161e201f8"", ""service_name"": ""Mediation - Half Day"", ""status_action"": ""Service created"", ""service_status"": ""pending"", ""origin_platform"": ""MongoDB"", ""service_type_id"": ""62ce88c04b6b84000813e817"", ""service_type_name"": ""Mediation - Half Day"", ""is_express_service"": false, ""service_created_date"": ""2026-09-08 14:35:43.841+00""}",timeline
66436004-b815-5a5e-942e-16ae154ffc6e,2026-09-08T14:35:43.846000,2026-09-08T14:35:43.846000,2026-09-08T14:35:45.146020,2026-09-08T14:35:45.146020,2026-09-08T14:35:43.846000,eae529490b8a9249732a5f6c,,678512f9af8dc40008666522,Service,Status_Change,,Service Name: Clerk Default\nAction: Service created,"{""service_id"": ""6aa01d3f227deef161e201fd"", ""service_name"": ""Clerk Default"", ""status_action"": ""Service created"", ""service_status"": ""pending"", ""origin_platform"": ""MongoDB"", ""service_type_id"": ""654d136e10506f0008150ca2"", ""service_type_name"": ""Clerk Default"", ""is_express_service"": false, ""service_created_date"": ""2026-09-08 14:35:43.846+00""}",timeline
a2f0c874-8854-5f00-8f93-759630b95d53,2026-09-08T14:35:43.847000,2026-09-08T14:35:43.847000,2026-09-08T14:35:45.146020,2026-09-08T14:35:45.146020,2026-09-08T14:35:43.847000,eae529490b8a9249732a5f6c,,678512f9af8dc40008666522,Service,Status_Change,,Service Name: Mandatory Disclosures\nAction: Service created,"{""service_id"": ""6aa01d3f227deef161e20200"", ""service_name"": ""Mandatory Disclosures"", ""status_action"": ""Service created"", ""service_status"": ""pending"", ""origin_platform"": ""MongoDB"", ""service_type_id"": ""62ce89a84b6b84000813e9d3"", ""service_type_name"": ""Mandatory Disclosures"", ""is_express_service"": false, ""service_created_date"": ""2026-09-08 14:35:43.847+00""}",timeline
33bad337-fac1-5e5a-9182-144538a3f5c8,2026-09-08T14:35:43.864000,2026-09-08T14:35:43.864000,2026-09-08T14:35:45.146020,2026-09-08T14:35:45.146020,2026-09-08T14:35:43.864000,eae529490b8a9249732a5f6c,,678512f9af8dc40008666522,Service,Status_Change,,Service Name: Motion for Final Judgment after Default\nAction: Service created,"{""service_id"": ""6aa01d3f227deef161e20205"", ""service_name"": ""Motion for Final Judgment after Default"", ""status_action"": ""Service created"", ""service_status"": ""pending"", ""origin_platform"": ""MongoDB"", ""service_type_id"": ""63452669342101000855e342"", ""service_type_name"": ""Motion for Final Judgment after Default"", ""is_express_service"": false, ""service_created_date"": ""2026-09-08 14:35:43.864+00""}",timeline
70170880-84e0-5b59-a82a-91b879cb3c54,2026-09-08T14:35:43.867000,2026-09-08T14:35:43.867000,2026-09-08T14:35:45.146020,2026-09-08T14:35:45.146020,2026-09-08T14:35:43.867000,eae529490b8a9249732a5f6c,,678512f9af8dc40008666522,Service,Status_Change,,Service Name: Mandatory Disclosures\nAction: Service created,"{""service_id"": ""6aa01d3f227deef161e20208"", ""service_name"": ""Mandatory Disclosures"", ""status_action"": ""Service created"", ""service_status"": ""pending"", ""origin_platform"": ""MongoDB"", ""service_type_id"": ""62ce89a84b6b84000813e9d3"", ""service_type_name"": ""Mandatory Disclosures"", ""is_express_service"": false, ""service_created_date"": ""2026-09-08 14:35:43.867+00""}",timeline
e74b0999-3559-5b9f-b23d-01118fd4ce4e,2026-09-08T14:35:43.889000,2026-09-08T14:35:43.889000,2026-09-08T14:35:45.146020,2026-09-08T14:35:45.146020,2026-09-08T14:35:43.889000,eae529490b8a9249732a5f6c,,678512f9af8dc40008666522,Data Requests,Drafts,,Drafts data request: Completed,"{""tags"": [""6a85bd9c9a7da49167ff53af"", ""drafts""], ""status"": ""Completed"", ""creator_id"": null, ""service_id"": ""6a85bd9c9a7da49167ff53af"", ""creator_type"": ""AUTOMATIC"", ""data_request_id"": ""6a85c7383f1b9b7f8bcba644"", ""origin_platform"": ""MongoDB"", ""service_type_id"": ""69272dfbe62a4c8be37e7cef"", ""service_type_name"": ""Marble Petition for Dissolution of Marriage"", ""request_created_at"": ""2026-08-19 15:09:44.775+00"", ""creator_description"": ""Service type 69272dfbe62a4c8be37e7cef activation"", ""documents_requested_ids"": [""FL-ALL-FORMS""], ""data_request_description"": ""Drafts data request"", ""documents_requested_name"": [null]}",timeline
bf000907-b944-500b-8ffd-fdf35be292f7,2026-09-08T14:35:43.922000,2026-09-08T14:35:43.922000,2026-09-08T14:35:45.146020,2026-09-08T14:35:45.146020,2026-09-08T14:35:43.922000,eae529490b8a9249732a5f6c,6a3187a5f7fb6411ce26dc3d,678512f9af8dc40008666522,Service,Service Draft,,Service Name: Idris Sorlie - Marble Petition for Dissolution of Marriage\nService Drafts: Completed,"{""activity"": ""Completed"", ""origin_id"": ""6a85c7383f1b9b7f8bcba646"", ""service_id"": ""6a85bd9c9a7da49167ff53af"", ""service_name"": ""Idris Sorlie - Marble Petition for Dissolution of Marriage"", ""origin_platform"": ""MongoDB"", ""service_type_id"": ""69272dfbe62a4c8be37e7cef"", ""service_type_name"": ""Marble Petition for Dissolution of Marriage"", ""service_drafts_status"": ""COMPLETED"", ""service_drafts_created_at"": ""2026-08-19 15:09:44.792+00""}",timeline
f74444ba-65a1-5793-a570-fee005bc50aa,2026-09-08T14:35:44.066000,2026-09-08T14:35:44.066000,2026-09-08T14:35:46.118727,2026-09-08T14:35:46.118727,2026-09-08T14:35:44.066000,eae529490b8a9249732a5f6c,6a3187a5f7fb6411ce26dc3d,678512f9af8dc40008666522,Repeat,Status_Change,,Repeat: Open,"{""events"": null, ""status"": ""OPEN"", ""key_date"": [], ""origin_id"": ""6aa01d40227deef161e20210"", ""attorney_id"": ""6a3187a5f7fb6411ce26dc3f"", ""nsc_requested"": null, ""attorney_notes"": ""Idris, here are the suggested services depending on if/what the opposing party files:\n- If she does not file a response to your Petition within the deadline: we can add a Motion for Default (request to proceed in the case without her input) and Motion for Final Judgment after Default (obtain a final judgment of divorce without her input). \n- If she files an Answer and Counterpetition: You will need to file an Answer to that Counterpetition within 20 days, exchange Mandatory Disclosures, and set and attend Mediation. \n- If she files an Answer w/o Counterpetition: You will need to exchange Mandatory Disclosures. Once MDs are exchanged, you can set and attend Mediation in an attempt to reach a settlement.\n"", ""changed_reason"": ""RECOMMENDED_REPEAT"", ""internal_notes"": ""1. If no response then default/default final judgment \n2. If just answer only then Mandatory Disclosures/Mediation \n3. If counter petition then Answer to Counter/MDs, and Mediation.\nDue date is Sep 1, but please reach out Sept 21 in case OP files before EO\n"", ""rejected_notes"": ""AP"", ""origin_platform"": ""MongoDB"", ""rejected_reason"": ""AUTO_PILOT"", ""submitted_by_id"": ""66e9febde456dd0008a1ce73"", ""internal_summary"": ""1. If no response then default/default final judgment \n2. If just answer only then Mandatory Disclosures/Mediation \n3. If counter petition then Answer to Counter/MDs, and Mediation.\nDue date is Sep 1, but please reach out Sept 21 in case OP files before EO\n"", ""service_type_ids"": [], ""added_service_ids"": [""6aa01d3f227deef161e201f0"", ""6aa01d3f227deef161e20200"", ""6aa01d3f227deef161e201f8"", ""6aa01d3f227deef161e201f5"", ""6aa01d3f227deef161e20208"", ""6aa01d3f227deef161e201fd"", ""6aa01d3f227deef161e20205""], ""submitted_by_type"": ""Paralegal"", ""removed_service_ids"": [], ""all_services_required"": false, ""details_for_next_attorney"": ""Manatee DOM #7406DR149193. OP served 9/1"", ""is_no_touch_flow_eligible"": false}",timeline
2159762e-28ad-569a-97c1-ceac499599f6,2026-09-08T15:51:51.562000,2026-09-08T15:51:51.562000,2026-09-08T15:51:52.368164,2026-09-08T15:51:52.368164,2026-09-08T15:51:51.562000,eae529490b8a9249732a5f6c,,678512f9af8dc40008666522,Marbles,Status_Change,,Type: SERVICE_CLOSURE\nChange: Created,"{""done"": false, ""type"": ""SERVICE_CLOSURE"", ""skipped"": false, ""metadata"": {""serviceId"": ""6a85bd9c9a7da49167ff53af"", ""attorneyNote"": ""Idris, here are the suggested services depending on if/what the opposing party files:\n- If she does not file a response to your Petition within the deadline: we can add a Motion for Default (request to proceed in the case without her input) and Motion for Final Judgment after Default (obtain a final judgment of divorce without her input). \n- If she files an Answer and Counterpetition: You will need to file an Answer to that Counterpetition within 20 days, exchange Mandatory Disclosures, and set and attend Mediation. \n- If she files an Answer w/o Counterpetition: You will need to exchange Mandatory Disclosures. Once MDs are exchanged, you can set and attend Mediation in an attempt to reach a settlement.\n""}, ""origin_id"": ""6a85c7cce670514997d5b4c5"", ""update_type"": ""created"", ""is_skippable"": true, ""reference_id"": ""6a85bd9c9a7da49167ff53af"", ""origin_platform"": ""MongoDB"", ""marble_instance_id"": ""6aa02f1745dcf6893ba9a466""}",timeline
49bb3daf-029d-53f8-b292-a5fbd3c218ab,2026-09-08T16:16:49.885000,2026-09-08T16:16:49.885000,2026-09-08T16:16:50.296178,2026-09-08T16:16:50.296178,2026-09-08T16:16:49.885000,eae529490b8a9249732a5f6c,,678512f9af8dc40008666522,Marbles,Status_Change,,Type: SERVICE_CLOSURE\nChange: Done,"{""done"": true, ""type"": ""SERVICE_CLOSURE"", ""skipped"": false, ""metadata"": {""serviceId"": ""6a85bd9c9a7da49167ff53af"", ""attorneyNote"": ""Idris, here are the suggested services depending on if/what the opposing party files:\n- If she does not file a response to your Petition within the deadline: we can add a Motion for Default (request to proceed in the case without her input) and Motion for Final Judgment after Default (obtain a final judgment of divorce without her input). \n- If she files an Answer and Counterpetition: You will need to file an Answer to that Counterpetition within 20 days, exchange Mandatory Disclosures, and set and attend Mediation. \n- If she files an Answer w/o Counterpetition: You will need to exchange Mandatory Disclosures. Once MDs are exchanged, you can set and attend Mediation in an attempt to reach a settlement.\n""}, ""origin_id"": ""6a85c7cce670514997d5b4c5"", ""update_type"": ""done"", ""is_skippable"": true, ""reference_id"": ""6a85bd9c9a7da49167ff53af"", ""origin_platform"": ""MongoDB"", ""marble_instance_id"": ""6aa02f1745dcf6893ba9a466""}",timeline
3bd62df9-9491-5d63-9921-17df1cd6776c,2026-09-08T16:16:50.284000,2026-09-08T16:16:50.284000,2026-09-08T16:16:51.285044,2026-09-08T16:16:51.285044,2026-09-08T16:16:50.284000,eae529490b8a9249732a5f6c,,678512f9af8dc40008666522,Marbles,Status_Change,,Type: CSAT_SERVICE_CLOSED\nChange: Created,"{""done"": false, ""type"": ""CSAT_SERVICE_CLOSED"", ""skipped"": false, ""metadata"": {}, ""origin_id"": ""6a85c7cce670514997d5b4c5"", ""update_type"": ""created"", ""is_skippable"": true, ""reference_id"": ""CSAT_SERVICE_CLOSED"", ""origin_platform"": ""MongoDB"", ""marble_instance_id"": ""6aa034f2e1ff8ce83eea2c20""}",timeline
05b2796c-f19e-57a5-a31b-7751dff65874,2026-09-08T16:17:00.312000,2026-09-08T16:17:00.312000,2026-09-08T16:21:16.058802,2026-09-08T16:21:16.058802,2026-09-08T16:17:00.312000,eae529490b8a9249732a5f6c,,678512f9af8dc40008666522,Feedback,Case Closed General,,Feedback Filled (Case Closed General)\nRating: 5/5 Stars,"{""type"": ""Case Closed General"", ""rating"": 5, ""source"": ""PORTAL"", ""is_skip"": false, ""origin_id"": ""6aa034fceb12065a30105a53"", ""questions"": [], ""origin_platform"": ""MongoDB""}",timeline
06550ccf-4e1f-5769-9a52-eaf682440f52,2026-09-08T16:17:15.309000,2026-09-08T16:17:15.309000,2026-09-08T16:17:16.564579,2026-09-08T16:17:16.564579,2026-09-08T16:17:15.309000,eae529490b8a9249732a5f6c,,678512f9af8dc40008666522,Marbles,Status_Change,,Type: CSAT_SERVICE_CLOSED\nChange: Done,"{""done"": true, ""type"": ""CSAT_SERVICE_CLOSED"", ""skipped"": false, ""metadata"": {}, ""origin_id"": ""6a85c7cce670514997d5b4c5"", ""update_type"": ""done"", ""is_skippable"": true, ""reference_id"": ""CSAT_SERVICE_CLOSED"", ""origin_platform"": ""MongoDB"", ""marble_instance_id"": ""6aa034f2e1ff8ce83eea2c20""}",timeline
1fbfb691-2a38-519d-80ec-f0193a7ec46e,2026-09-08T16:17:15.818000,2026-09-08T16:17:15.818000,2026-09-08T16:17:16.564579,2026-09-08T16:17:16.564579,2026-09-08T16:17:15.818000,eae529490b8a9249732a5f6c,,678512f9af8dc40008666522,Marbles,Status_Change,,Type: CSAT_ATTORNEY\nChange: Created,"{""done"": false, ""type"": ""CSAT_ATTORNEY"", ""skipped"": false, ""metadata"": {}, ""origin_id"": ""6a85c7cce670514997d5b4c5"", ""update_type"": ""created"", ""is_skippable"": true, ""reference_id"": ""6a3187a5f7fb6411ce26dc3f"", ""origin_platform"": ""MongoDB"", ""marble_instance_id"": ""6aa0350b45dcf6893ba9a641""}",timeline
c8d8f484-1add-5518-9e4c-2aaac3a60664,2026-09-08T16:17:24,2026-09-08T16:17:24,2026-09-08T18:09:52.836295,2026-09-08T18:09:52.836295,2026-09-08T16:17:24,eae529490b8a9249732a5f6c,,678512f9af8dc40008666522,Communications,SMS,Outbound,"Hi Idris, thank you for the 5 stars! Would you mind leaving a quick review on Trustpilot? It takes 2 minutes and helps others going through the same situation find the right help: https://sms.marble.co/aUU4uICR","{""provider"": ""Twilio"", ""to_phone"": ""+19415552093"", ""canvas_id"": null, ""origin_id"": ""6aa035130629b96f44f9131d160feae6"", ""canvas_name"": null, ""sender_role"": ""System"", ""braze_user_id"": ""6785130dd4bf546543005663"", ""canvas_step_id"": null, ""recipient_role"": ""Client"", ""origin_platform"": ""braze"", ""canvas_step_name"": null, ""subscription_group"": ""5791d911-1294-4c66-b828-83ab545fccf4"", ""canvas_variation_id"": null, ""message_variation_id"": ""1ab90e91-5ff3-4d5e-a977-8f591926616d""}",timeline
b9ea5de5-69c3-5322-b440-a8d9d577fb4e,2026-09-08T16:17:26.162000,2026-09-08T16:17:26.162000,2026-09-08T16:21:16.058802,2026-09-08T16:21:16.058802,2026-09-08T16:17:26.162000,eae529490b8a9249732a5f6c,,678512f9af8dc40008666522,Feedback,Case Closed Attorney,,Feedback Filled (Case Closed Attorney)\nRating: 5/5 Stars,"{""type"": ""Case Closed Attorney"", ""rating"": 5, ""source"": ""PORTAL"", ""is_skip"": false, ""origin_id"": ""6aa03516eb12065a30105a56"", ""questions"": [], ""origin_platform"": ""MongoDB""}",timeline
a785c86c-c755-5438-85d2-7a9a891d85e8,2026-09-08T16:17:28.085000,2026-09-08T16:17:28.085000,2026-09-08T16:17:29.707207,2026-09-08T16:17:29.707207,2026-09-08T16:17:28.085000,eae529490b8a9249732a5f6c,,678512f9af8dc40008666522,Marbles,Status_Change,,Type: CSAT_ATTORNEY\nChange: Done,"{""done"": true, ""type"": ""CSAT_ATTORNEY"", ""skipped"": false, ""metadata"": {}, ""origin_id"": ""6a85c7cce670514997d5b4c5"", ""update_type"": ""done"", ""is_skippable"": true, ""reference_id"": ""6a3187a5f7fb6411ce26dc3f"", ""origin_platform"": ""MongoDB"", ""marble_instance_id"": ""6aa0350b45dcf6893ba9a641""}",timeline
dd316374-660b-51c2-8f2a-3c9752f0990d,2026-09-08T16:17:28.393000,2026-09-08T16:17:28.393000,2026-09-08T16:17:29.707207,2026-09-08T16:17:29.707207,2026-09-08T16:17:28.393000,eae529490b8a9249732a5f6c,,678512f9af8dc40008666522,Marbles,Status_Change,,Type: REPEAT_NOTE\nChange: Created,"{""done"": false, ""type"": ""REPEAT_NOTE"", ""skipped"": false, ""metadata"": {""repeatId"": ""6aa01d40227deef161e20210"", ""attorneyNote"": ""Idris, here are the suggested services depending on if/what the opposing party files:\n- If she does not file a response to your Petition within the deadline: we can add a Motion for Default (request to proceed in the case without her input) and Motion for Final Judgment after Default (obtain a final judgment of divorce without her input). \n- If she files an Answer and Counterpetition: You will need to file an Answer to that Counterpetition within 20 days, exchange Mandatory Disclosures, and set and attend Mediation. \n- If she files an Answer w/o Counterpetition: You will need to exchange Mandatory Disclosures. Once MDs are exchanged, you can set and attend Mediation in an attempt to reach a settlement.\n""}, ""origin_id"": ""6a85c7cce670514997d5b4c5"", ""update_type"": ""created"", ""is_skippable"": true, ""reference_id"": ""6aa01d40227deef161e20210"", ""origin_platform"": ""MongoDB"", ""marble_instance_id"": ""6aa0351845dcf6893ba9a64b""}",timeline
f7dfec67-ae2d-517a-a187-e2d286d2a3d4,2026-09-08T16:19:14.037000,2026-09-08T16:19:14.037000,2026-09-08T16:19:52.957680,2026-09-08T16:19:52.957680,2026-09-08T16:19:14.037000,eae529490b8a9249732a5f6c,,678512f9af8dc40008666522,Marbles,Status_Change,,Type: REPEAT_NOTE\nChange: Done,"{""done"": true, ""type"": ""REPEAT_NOTE"", ""skipped"": false, ""metadata"": {""repeatId"": ""6aa01d40227deef161e20210"", ""attorneyNote"": ""Idris, here are the suggested services depending on if/what the opposing party files:\n- If she does not file a response to your Petition within the deadline: we can add a Motion for Default (request to proceed in the case without her input) and Motion for Final Judgment after Default (obtain a final judgment of divorce without her input). \n- If she files an Answer and Counterpetition: You will need to file an Answer to that Counterpetition within 20 days, exchange Mandatory Disclosures, and set and attend Mediation. \n- If she files an Answer w/o Counterpetition: You will need to exchange Mandatory Disclosures. Once MDs are exchanged, you can set and attend Mediation in an attempt to reach a settlement.\n""}, ""origin_id"": ""6a85c7cce670514997d5b4c5"", ""update_type"": ""done"", ""is_skippable"": true, ""reference_id"": ""6aa01d40227deef161e20210"", ""origin_platform"": ""MongoDB"", ""marble_instance_id"": ""6aa0351845dcf6893ba9a64b""}",timeline
26011a22-594e-5e6e-a38d-8698c50319a6,2026-09-08T16:49:55,2026-09-08T16:49:55,2026-09-08T16:53:42.118957,2026-09-08T16:53:42.118957,2026-09-08T16:49:55,eae529490b8a9249732a5f6c,,678512f9af8dc40008666522,Communications,Ticket,,Ticket Number: 01206577\nType: Filing/Serving Expense\nStatus: Pending\nOutcome: \nSubject: Unknown Client – Filing and Serving Fee: charge couldn't be identified\nDescription: Ticket We failed to send a payment request. Please review. Client: Idris Sorlie Card holder: Anneke Ashworth Memo: Court Filing Fee - Initial Submission of: NEW CASE,"{""type"": ""Filing/Serving Expense"", ""origin"": ""Ramp"", ""status"": ""Pending"", ""lead_id"": null, ""outcome"": """", ""owner_id"": ""005VL000001MvrtYAC"", ""priority"": ""Medium"", ""sys_date"": ""2026-09-08 16:49:55+00"", ""origin_id"": ""500VL00000ygtycYAA"", ""parent_id"": null, ""account_id"": ""001VL00001020Y5YAI"", ""contact_id"": null, ""owner_role"": ""CS - Payment Operation (TTEC)"", ""change_type"": ""Status Updated"", ""closed_date"": null, ""lp_involved"": ""003VL00000n4n5yYAA"", ""client_score"": 0, ""created_date"": ""2026-09-04 23:14:10+00"", ""ticket_score"": null, ""refund_amount"": null, ""ticket_number"": ""01206577"", ""internal_notes"": null, ""opportunity_id"": null, ""origin_platform"": ""Salesforce"", ""refund_provided"": null, ""record_type_name"": ""Support Case"", ""refund_processed"": false, ""ticket_objective"": ""Team Task"", ""case_closed_by_role"": ""CS - Payment Operations Manager"", ""case_initiator_type"": ""Existing Client"", ""refund_request_type"": null, ""assignment_reasoning"": null, ""pl_assignment_origin"": ""Not Assigned to PL"", ""original_ticket_owner"": null, ""support_ticket_reason"": ""Request to pay"", ""how_much_work_was_done"": null, ""provided_refund_amount"": null, ""ticket_assignment_type"": ""CSS Assignment"", ""agent_engagement_timestamp"": null, ""amount_to_reduce_from_total"": null, ""client_engagement_timestamp"": null, ""filing_and_serving_opportunity"": ""006VL00000cFXtqYAG""}",timeline
8492e975-077e-5944-87c3-acb687ae1dab,2026-09-08T16:50:24.338000,2026-09-08T16:50:24.338000,2026-09-08T16:50:25.585143,2026-09-08T16:50:25.585143,2026-09-08T16:50:24.399000,eae529490b8a9249732a5f6c,,678512f9af8dc40008666522,Communications,Email,Outbound,"\n\nMarble    Hello Idris,\n\nWe hope you’re doing well!\n\nWe wanted to reach out to let you know that we have filed your\npetition with the court and / or served the opposing party.\n\nThe total associated cost is:\n\n- Filing amount:\n$423.6\n\n\n\nPlease note: this cost is not related to your attorneys fees\nthat you may owe or have paid in the past, but is strictly a cost\nrequired to facilitate your case with the court and/or to pay the\nprocess server. As stated in your Marble Agreement and on your\ninitial invoice, filing fees are not included in the cost of your\nservices with Marble.\n\nYou can pay the fee by clicking below:\n\nPay the fee  ( https://customers.themarbleway.com/payment-fee?accountId=001VL00001020Y5YAI","{""source"": ""braze"", ""flow_name"": ""Case delivery started - Filing fees payment request"", ""origin_id"": ""6aa03cd0f351ffd5d80909c2"", ""source_key"": null, ""sender_role"": ""System"", ""ext_user_email"": ""idris.so1433@client.marble.co"", ""int_user_email"": null, ""recipient_role"": ""Client"", ""origin_platform"": ""MongoDB""}",timeline
52f2a361-6c3a-5224-a0f2-62c4be609b32,2026-09-08T16:50:25.807000,2026-09-08T16:50:25.807000,2026-09-08T16:50:27.676117,2026-09-08T16:50:38.306512,2026-09-08T16:50:26.725000,eae529490b8a9249732a5f6c,,678512f9af8dc40008666522,Communications,Email,Outbound,"Subject: Payment needed for  filing fee\nBody: See inside for details → \nMarble Hello Idris,\n\nWe hope you’re doing well!\n\nWe wanted to reach out to let you know that we have filed your\npetition with the court and / or served the opposing party.\n\nThe total associated cost is:\n\n- Filing amount:\n$423.6\n\n\n\nPlease note: this cost is not related to your attorneys fees\nthat you may owe or have paid in the past, but is strictly a cost\nrequired to facilitate your case with the court and/or to pay the\nprocess server. As stated in your Marble Agreement and on your\ninitial invoice, filing fees are not included in the cost of your\nservices with Marble.\n\nYou can pay the fee by clicking below:\n\nPay the fee ( https://clicks.marble.co/f/a/wdPgxk7xA8nWUVyHKZytVQ~~/AAQRxRA~/ppjNE2KbK7vOKdy8MlpU49PL3WmAQ87w6CtNcYGjlFmyNPdA7IorQosTGDhicSYbrrPv9dRRygF_qfLWBudYL0uy8wChTWmTp52LHdBfKz8o900IKWORY9nnx3Gc2QZ7iTDbpuTL0BcMXd9VSMz2knNOg3q_bW3N2T1P3zGC4FvUKVlOR2vwc3uv7Wf2IREhYAWDB1IdpLb2IHJIQbj_G3RbvTkmA0sGC5DzRKxEPWtuGQUotclGxDUWeyn7NLf5-gmYmVlFfyP4EZ5SV0vBPbfJopaWB5ZpA-F4JF6NwG5_EefUj8RyfFVdiNDC-1de )\n\nIf there are additional costs for filing or service during your\ncase, we will reach out with a separate invoice.\n\nIf you have any questions or there’s anything you need from us,\nwe are here to help!\n\nThank you,\n\nMarble Support\n\nMarble Help Center \n( https://clicks.marble.co/f/a/Agi3f8Z1ZnFWgXjIlICCiQ~~/AAQRxRA~/_TIXLl_ZU5rUXSd08u9D9qaDxNmd3JQPLoD3u8Slo7OxSR1YY3eslV-anlFK3GxAj14WsIf_3Zf1bU344LkFTR5_pqns9hoXLBcVKqle1FHyVx2-_iC8sfx4Piz0iwZfE7P7ZJXeTIq8iilvh4Fp_LVUqZL1UpuwkYuHN4hgpuC2sksIqfOZvVK5GqR6bh1pa9BgQsmVnAtYTrb-HtdWm45-MJYytxJs6Pa-c-ufFdA~ )\n | Marble Blog \n( https://clicks.marble.co/f/a/lAFbiy2qeA13QwDRrhsx-Q~~/AAQRxRA~/8s2cMH4MPURKi8oK74w_zWqdwO-DJBpSyPaQ-zlrxCXkeqIvZqS7ddoj02cH7L8PW4sQaQSjZMs_YicSaL9f_7l6BN74fAm6rcYClnpYDjcebncqqBIX9U7YnhV-tZost04g1Vf-3OjnyeC98EmlPXpV9VM9AlT0xpIqx9yrUg0LXOcIQ2JpvYiR4sULG3o1nSmmkt7tiioWRDZpKr5JYA~~ )\n\n\nCopyright © 2025 -\n2026 Marble PC, All rights\nreserved.\n\nCONFIDENTIAL: ATTORNEY-CLIENT PRIVILEGE; ATTORNEY WORK PRODUCT:\nEmails and attachments received from us may be protected by the\nattorney-client privilege, as attorney work-product or by virtue\nof other privileges or provisions of law. If you are not an\nintended recipient, please do not read, copy, use, forward, or\nshare any such communications or attachments to others. Instead,\nimmediately notify the sender by replying to this email and then\ndelete it from your system. We strictly prohibit any unauthorized\ndisclosure, copying, distribution or use of emails or attachments\nsent by us.\n\nIf you have any questions, chat with our team in Marble Home \n( https://clicks.marble.co/f/a/r1zIbTydEbagKYza6JQ4hA~~/AAQRxRA~/U9av3oc38HVqfhO8rO_xSjDmwtNQwp9oAhauAhlq4Y8jI0H0ewSi5CWp0N429aK_o_bktztTpQsL-2DS5rUmRmh0mX_wLslTHLaZPG_mVN17Xcj6kvj9RbUTiNi906hQ0xLlRDeZP96vc-DEkyMhOFLBZBiGi-hJElz6M9eG8k8YjSZorW3wr8UXBmH7ZuzbHQqylI0VljRuGi5LUwhmWA~~ )\n.\n\nsupport@themarbleway.com\n\n(866) 228-5777 ( tel:(866)%20228-5777 )\n\nMarble PC, 9920 Pacific Heights Blvd., Ste. 150 San Diego, CA\n92121\n\nUnsubscribe ( https://clicks.marble.co/f/a/S_KZGXuhPQrT4U6I_NhxnA~~/AAQRxRA~/UQjrdBzuFkxMLqqgz4wy-lK1aHX7iJu-Eh4oGIzI4qV9JhNBr10X52HPV0I7pH3PuknE3-_YQIZHSnetsOn3f8xyLThik3sgJHDyIGz6WaRXncLIrgvQ9UM7CrQO7vONiWPU8Ut4V1ln_uctAv4Ltf8f_iKrYH6mDbRMcT8fEHEswWGCsdVbkCjv_vbx25oFOkFxpWngTiZuc5z54VBJhs0qLHHCo4SZPM-e75GYQHEmbKy-wnFcDvZJZXE7eEKAlBjQ1z9GbPs93J6CeMXVQ7v476QxDesLmUojedLSjr0xXZDf0W4uw33WJMa1njYuiwU51UYFNSJOyoXei0_TvSbWi5S96XdtZ-nEsTNdEKGmbmpEmoTJNQ8RQrHGWSJWl9NapV3pKUNIRwoyZRJcHp6lHWzDuvf6nzYaHCg25yXTs8aRjZAF2EE976BAQeRmAjOOL72f-8mXn8RiBfHB3Xb5ZJ-iTF-rA4GTYgl07wjFbL5Enniw5XjVVfC--ErKTCekMoFhgS39DzPuwr2Y_k66RwOgO6yB40TcGE106Gax08kaaTMmt1cMraAPtuNP-E_3pbzpM6AvbUKhP5YPF_Yvhfrhc-3kc_EzPd2rRvMFk2pss9HMbtSa-ECO8HIwVjmZzxYtc6fq0lf0tOIZ9a-o8hcZtF5I0lUi9pdDRILPGuWsMUImPMEiOD2DuuBs )\n\ninstagram link \n( https://clicks.marble.co/f/a/ZpVAQwynTw6myRs99n8AGw~~/AAQRxRA~/zOMkXCsw8bfdmEbmaoYFnVDN1aSXJxeTiGLAZ9I5vTMznZyq0Eyv7OLzX3J_gWG7k-rGbZF7wcyoE-4YFZTsVGJ7L_yLN_i5irLLt0Fb2Qsa2X7f08wi9t2Mw-rzIpNqmmizcbT1KjWCZMirsWV4km1P2gvMqu_mxr_wBbFJOeY~ ) facebook\nlink ( https://clicks.marble.co/f/a/NXcGvFOvhBMwD3DDDvXfNg~~/AAQRxRA~/ZLzB7pavR6QY-2y1cGyb0ZvyJmafoCk_uFeDeVl2gWP30WFAuTnjhGvbXFjKOVIXas7EO9_-_D5B-u-7bwtjIZBTb6BQtIig8MgClqEldsLZgvTYbOs1ikoT_NVHzvQC04QtaYcvoA6zaXWEB4_gC-JPaOrpcE5yTPO0OlGUKg4~ )\ntwitter link ( https://clicks.marble.co/f/a/93q1__5bLlpPg1MF4WF0jA~~/AAQRxRA~/nYqIJ-juD3XmAxE43z0t0BrPo3XfJC7oMHd7IUjBImMhlcha8BmrCr2BCUYdX9yqjVF-2l-ShK9Ju2T5decR4PHxiBiFrm9ZWOEI1OYShCeFkL12fHiD0LExPU5Qu1XJQRPoLIa0IxBufRinpWq4NhokdVixPfLSag_PaRYjrxo~ ) tik-tok link \n( https://clicks.marble.co/f/a/ZH17uWKaaUn7EFiIkE6RJg~~/AAQRxRA~/qHT-ZkDT6G_P9ilkNEg_dZZGO2OUJBMVZEeLl6pYINOyiBu_-mfQzevXZAiHGDrz89GDYqc-tscv6n13jj0UEo8Ta3iaA81V8jY79Kf-SLiFI782GZ__o5WIX1Y5nYxyzzGJrntNK9SUWLGKfAr3kSSTUE8ktQF_flSfkmnMLrg~ )","{""source"": ""braze"", ""smtp_id"": ""<1KNZPWChTP2VL6Imxa0DhQ@geopod-ismtpd-112>"", ""subject"": ""Payment needed for  filing fee"", ""origin_id"": ""6aa03cd28180afa99f9b1aa2"", ""from_email"": ""support@info.marble.co"", ""recipients"": [""idris.so1433@client.marble.co""], ""source_key"": ""3ce1744e-d10b-4fe0-adea-145721aff6b8"", ""attachments"": [], ""sender_role"": ""System"", ""carbon_copies"": [], ""recipient_role"": ""Client"", ""sender_user_id"": null, ""origin_platform"": ""MongoDB"", ""recipient_email"": ""idris.so1433@client.marble.co"", ""email_message_id"": ""<A5.5F.20089.0DC30AA6@i-0ed172826f2ba71a3.mta1vrest.sd.prd.sparkpost>"", ""recipient_user_id"": ""678512feaf8dc40008666581"", ""is_delivery_failed"": false, ""references_message_ids"": null, ""reply_to_email_message_id"": null}",timeline
de03f3cd-48b4-5705-a813-8a9e13285758,2026-09-08T18:00:06,2026-09-08T18:00:06,2026-09-08T18:10:04.972335,2026-09-08T18:10:04.972335,2026-09-08T18:00:06,eae529490b8a9249732a5f6c,,678512f9af8dc40008666522,Communications,SMS,Outbound,"Hello Idris! We have filed your petition with the court. \n\nAs mentioned in your Marble Agreement, court filing fees are not included.\n\nYou can pay the cost by clicking here: https://sms.marble.co/4HxzouaZ\n\nQuestions? Chat with us here: https://sms.marble.co/pSMDHIy3","{""provider"": ""Twilio"", ""to_phone"": ""+19415552093"", ""canvas_id"": null, ""origin_id"": ""6aa04d25a360fa1548e54653797c9037"", ""canvas_name"": null, ""sender_role"": ""System"", ""braze_user_id"": ""6785130dd4bf546543005663"", ""canvas_step_id"": null, ""recipient_role"": ""Client"", ""origin_platform"": ""braze"", ""canvas_step_name"": null, ""subscription_group"": ""5791d911-1294-4c66-b828-83ab545fccf4"", ""canvas_variation_id"": null, ""message_variation_id"": ""a31bfe03-1793-4261-89c1-9cd27c4902b6""}",timeline
5010b081-e5cf-5647-a74a-a168fa0c3e67,2026-09-08T19:04:48.058000,2026-09-08T19:04:48.058000,2026-09-08T19:04:51.056675,2026-09-08T19:05:04.054092,2026-09-08T19:04:49.603000,eae529490b8a9249732a5f6c,6a3187a5f7fb6411ce26dc3d,678512f9af8dc40008666522,Communications,Email,Inbound,"Subject: Re: Idris Sorlie Initial Documents\nBody: Hello Mrs. Dana I just received the thing for paying to filed with the court. I get paid next Thursday what should I do?\n\n\nSent from Yahoo Mail for iPhone\n\n\nOn Friday, August 28, 2026, 1:49 PM, idrissorlie41180 Boy <idrissorlie41180@yahoo.com>","{""source"": ""proxy"", ""smtp_id"": ""<xRFuqk-YQJWco7vzNgPnMg@geopod-ismtpd-53>"", ""subject"": ""Re: Idris Sorlie Initial Documents"", ""origin_id"": ""6aa05c51d1f1024a9f6ef705"", ""from_email"": ""idrissorlie41180@yahoo.com"", ""recipients"": [""dana.wh9273@cocounsel.marble.co""], ""source_key"": ""5f5925d3-6aec-4646-8810-e96af6165e76"", ""attachments"": [], ""sender_role"": ""Client"", ""carbon_copies"": [], ""recipient_role"": ""Attorney"", ""sender_user_id"": ""678512feaf8dc40008666581"", ""origin_platform"": ""MongoDB"", ""recipient_email"": ""dana.wh9273@cocounsel.marble.co"", ""email_message_id"": ""<325357026.1677983.1788894278447@mail.yahoo.com>"", ""recipient_user_id"": ""6a3187a5f7fb6411ce26dc3f"", ""is_delivery_failed"": false, ""references_message_ids"": [""<R4neljYLTIai-8CxQ0ke0Q@geopod-ismtpd-11>"", ""<380488106.1983192.1787939346880@mail.yahoo.com>""], ""reply_to_email_message_id"": ""<380488106.1983192.1787939346880@mail.yahoo.com>""}",timeline
77825fb8-d77b-5b14-a75b-124e43676624,2026-09-08T19:57:34.945000,2026-09-08T19:57:34.945000,2026-09-08T19:57:37.400380,2026-09-08T19:57:50.271993,2026-09-08T19:57:36.608000,eae529490b8a9249732a5f6c,6a3187a5f7fb6411ce26dc3d,678512f9af8dc40008666522,Communications,Email,Outbound,"Subject: Re: Idris Sorlie Initial Documents\nBody: Good Afternoon Idris,\nI can have someone from the finance team reach out or you can try to\ncontact them and see about paying the fee once you get paid.\n\nOn Tue, Sep 8, 2026 at 3:04 PM Idris Sorlie <idris.so1433@client.marble.co>\n","{""source"": ""proxy"", ""smtp_id"": ""<H0e7Gl2mQP-BLDJNZLYT-w@geopod-ismtpd-49>"", ""subject"": ""Re: Idris Sorlie Initial Documents"", ""origin_id"": ""6aa068b09718975c0ae1cb2b"", ""from_email"": ""danawhitfield@themarbleway.com"", ""recipients"": [""idris.so1433@client.marble.co""], ""source_key"": ""a44f8e2a-d6c2-4c56-9454-f1fa04a72e58"", ""attachments"": [], ""sender_role"": ""Attorney"", ""carbon_copies"": [], ""recipient_role"": ""Client"", ""sender_user_id"": ""6a3187a5f7fb6411ce26dc3f"", ""origin_platform"": ""MongoDB"", ""recipient_email"": ""idris.so1433@client.marble.co"", ""email_message_id"": ""<CAAX80R1a=teX84Rt=QLN5XmOGoCea_BKE0baQjO+SH0SV4T7vA@mail.gmail.com>"", ""recipient_user_id"": ""678512feaf8dc40008666581"", ""is_delivery_failed"": false, ""references_message_ids"": [""<R4neljYLTIai-8CxQ0ke0Q@geopod-ismtpd-11>"", ""<380488106.1983192.1787939346880@mail.yahoo.com>"", ""<xRFuqk-YQJWco7vzNgPnMg@geopod-ismtpd-53>""], ""reply_to_email_message_id"": ""<xRFuqk-YQJWco7vzNgPnMg@geopod-ismtpd-53>""}",timeline
